sas_column,description,data_type,worksheet_code,worksheet_name,line_num,column_num,column_header,category,subcategory
rpt_rec_num,Report Record Number,ID,,,,,,HOSPITAL IDENTIFICATION INFORMATION,nan
prvdr_num,Hospital Provider Number,ID,,,,,,HOSPITAL IDENTIFICATION INFORMATION,nan
fi_num,Fiscal Intermediary Number,ID,,,,,,HOSPITAL IDENTIFICATION INFORMATION,nan
rpt_stus_cd,Report Status Code,ID,,,,,,HOSPITAL IDENTIFICATION INFORMATION,nan
fi_creat_dt,Fiscal Intermediary/MAC Create Date,ID,,,,,,HOSPITAL IDENTIFICATION INFORMATION,nan
fy_bgn_dt,Fiscal Year Begin Date,ID,,,,,,HOSPITAL IDENTIFICATION INFORMATION,nan
fy_end_dt,Fiscal Year End Date,ID,,,,,,HOSPITAL IDENTIFICATION INFORMATION,nan
util_cd,"Utilization Code (F=Full, L=Low Medicare)",ID,,,,,,nan,nan
trnsmtl_num,Transmittal Number,ID,,,,,,HOSPITAL IDENTIFICATION INFORMATION,nan
state,SSA State Code,ID,From OSCAR,From OSCAR,,,,HOSPITAL IDENTIFICATION INFORMATION,nan
st_cty_cd,SSA State County Code,ID,From OSCAR,From OSCAR,,,,HOSPITAL IDENTIFICATION INFORMATION,nan
census,Census Division Code,ID,From OSCAR,From OSCAR,,,,HOSPITAL IDENTIFICATION INFORMATION,nan
region,CMS Region Code,ID,From OSCAR,From OSCAR,,,,HOSPITAL IDENTIFICATION INFORMATION,nan
sub3,Subprovider III Indicator,ID,SAS CODE,SAS CODE,,,,HOSPITAL IDENTIFICATION INFORMATION,nan
proc_dt,Processing Date,ID,,,,,,nan,nan
msa,Metropolitan Statistical Area Code,ID,,,,,,HOSPITAL IDENTIFICATION INFORMATION,nan
A7_1_C3_1,Land,NUMERIC,A700001,"A-7, Part I: Capital Assets",00100,00300,Cost of Assets (Historical),ANALYSIS OF CHANGES IN NEW CAPITAL BALANCES,Donations
A7_1_C3_2,Land Improvements,NUMERIC,A700001,"A-7, Part I: Capital Assets",00200,00300,Cost of Assets (Historical),ANALYSIS OF CHANGES IN NEW CAPITAL BALANCES,Donations
A7_1_C3_3,Buildings and Fixtures,NUMERIC,A700001,"A-7, Part I: Capital Assets",00300,00300,Cost of Assets (Historical),ANALYSIS OF CHANGES IN NEW CAPITAL BALANCES,Donations
A7_1_C3_4,Building Improvements,NUMERIC,A700001,"A-7, Part I: Capital Assets",00400,00300,Cost of Assets (Historical),ANALYSIS OF CHANGES IN NEW CAPITAL BALANCES,Donations
A7_1_C3_7,Donations,NUMERIC,A700001,"A-7, Part I: Capital Assets",00700,00300,Cost of Assets (Historical),ANALYSIS OF CHANGES IN NEW CAPITAL BALANCES,Fully Depreciated Assets
A7_1_C7_1,Land,NUMERIC,A700001,"A-7, Part I: Capital Assets",00100,00700,Accumulated Depreciation,ANALYSIS OF CHANGES IN NEW CAPITAL BALANCES,Disposals and Retirements
A7_1_C7_7,Assets,NUMERIC,A700001,"A-7, Part I: Capital Assets",00700,00700,Accumulated Depreciation,ANALYSIS OF CHANGES IN NEW CAPITAL BALANCES,Fully Depreciated Assets
A8_C2_21,"Income from imposition of interest, finance",NUMERIC,A800000,A-8: Adjustments to Expenses,02100,00200,Reclassification,ADJUSTMENTS,nan
A8_C2_22,Interest expense on Medicare Overpaymts,NUMERIC,A800000,A-8: Adjustments to Expenses,02200,00200,Reclassification,ADJUSTMENTS,nan
A8_C2_25,Utilization Review-physicians compens,NUMERIC,A800000,A-8: Adjustments to Expenses,02500,00200,Reclassification,ADJUSTMENTS,nan
A8_C2_30,Adj for Occupational therapy in excess of li,NUMERIC,A800000,A-8: Adjustments to Expenses,03000,00200,Reclassification,ADJUSTMENTS,nan
A8_C2_31,Adj for Speech therapy in excess of lim,NUMERIC,A800000,A-8: Adjustments to Expenses,03100,00200,Reclassification,ADJUSTMENTS,nan
A8_C2_9,Parking Lot,NUMERIC,A800000,A-8: Adjustments to Expenses,00900,00200,Reclassification,ADJUSTMENTS,nan
A_C1_100,Int & Res (non approved teaching program,NUMERIC,A000000,A: Reclassification & Adjustment of Trial Balance,10000,00100,Salaries,TRIAL BALANCE OF EXPENSE ACCOUNTS,nan
A_C1_105,Kidney Acquisition,NUMERIC,A000000,A: Reclassification & Adjustment of Trial Balance,10500,00100,Salaries,TRIAL BALANCE OF EXPENSE ACCOUNTS,nan
A_C1_106,Heart Acquisition,NUMERIC,A000000,A: Reclassification & Adjustment of Trial Balance,10600,00100,Salaries,TRIAL BALANCE OF EXPENSE ACCOUNTS,nan
A_C1_107,Liver Acquisition,NUMERIC,A000000,A: Reclassification & Adjustment of Trial Balance,10700,00100,Salaries,TRIAL BALANCE OF EXPENSE ACCOUNTS,nan
A_C1_108,Lung  Acquisition,NUMERIC,A000000,A: Reclassification & Adjustment of Trial Balance,10800,00100,Salaries,TRIAL BALANCE OF EXPENSE ACCOUNTS,nan
A_C1_109,Pancreas Acquisition,NUMERIC,A000000,A: Reclassification & Adjustment of Trial Balance,10900,00100,Salaries,TRIAL BALANCE OF EXPENSE ACCOUNTS,nan
A_C1_110,Intestinal Acquisition,NUMERIC,A000000,A: Reclassification & Adjustment of Trial Balance,11000,00100,Salaries,TRIAL BALANCE OF EXPENSE ACCOUNTS,nan
A_C1_111,Islet Acquisition,NUMERIC,A000000,A: Reclassification & Adjustment of Trial Balance,11100,00100,Salaries,TRIAL BALANCE OF EXPENSE ACCOUNTS,nan
A_C1_113,Interest Expense,NUMERIC,A000000,A: Reclassification & Adjustment of Trial Balance,11300,00100,Salaries,TRIAL BALANCE OF EXPENSE ACCOUNTS,nan
A_C1_114,Utilization Review SNF,NUMERIC,A000000,A: Reclassification & Adjustment of Trial Balance,11400,00100,Salaries,TRIAL BALANCE OF EXPENSE ACCOUNTS,nan
A_C1_3,Other Capital,NUMERIC,A000000,A: Reclassification & Adjustment of Trial Balance,00300,00100,Salaries,TRIAL BALANCE OF EXPENSE ACCOUNTS,nan
A_C1_42,Subprovider I,NUMERIC,A000000,A: Reclassification & Adjustment of Trial Balance,04200,00100,Salaries,TRIAL BALANCE OF EXPENSE ACCOUNTS,nan
A_C1_4201,Subprovider II,NUMERIC,A000000,A: Reclassification & Adjustment of Trial Balance,04201,00100,Salaries,TRIAL BALANCE OF EXPENSE ACCOUNTS,nan
A_C1_4501,ICF,NUMERIC,A000000,A: Reclassification & Adjustment of Trial Balance,04501,00100,Salaries,TRIAL BALANCE OF EXPENSE ACCOUNTS,nan
A_C1_46,OLTC,NUMERIC,A000000,A: Reclassification & Adjustment of Trial Balance,04600,00100,Salaries,TRIAL BALANCE OF EXPENSE ACCOUNTS,nan
A_C1_61,PBP Clinical Lab Services Program Only,NUMERIC,A000000,A: Reclassification & Adjustment of Trial Balance,06100,00100,Salaries,TRIAL BALANCE OF EXPENSE ACCOUNTS,nan
A_C1_92,Observation Bed (NON Distinct),NUMERIC,A000000,A: Reclassification & Adjustment of Trial Balance,09200,00100,Salaries,TRIAL BALANCE OF EXPENSE ACCOUNTS,nan
A_C1_94,Home Program Dialysis,NUMERIC,A000000,A: Reclassification & Adjustment of Trial Balance,09400,00100,Salaries,TRIAL BALANCE OF EXPENSE ACCOUNTS,nan
A_C2_100,Int & Res (non approved teaching program,NUMERIC,A000000,A: Reclassification & Adjustment of Trial Balance,10000,00200,Other Costs,TRIAL BALANCE OF EXPENSE ACCOUNTS,nan
A_C2_105,Kidney Acquisition,NUMERIC,A000000,A: Reclassification & Adjustment of Trial Balance,10500,00200,Other Costs,TRIAL BALANCE OF EXPENSE ACCOUNTS,nan
A_C2_106,Heart Acquisition,NUMERIC,A000000,A: Reclassification & Adjustment of Trial Balance,10600,00200,Other Costs,TRIAL BALANCE OF EXPENSE ACCOUNTS,nan
A_C2_107,Liver Acquisition,NUMERIC,A000000,A: Reclassification & Adjustment of Trial Balance,10700,00200,Other Costs,TRIAL BALANCE OF EXPENSE ACCOUNTS,nan
A_C2_108,Lung  Acquisition,NUMERIC,A000000,A: Reclassification & Adjustment of Trial Balance,10800,00200,Other Costs,TRIAL BALANCE OF EXPENSE ACCOUNTS,nan
A_C2_109,Pancreas Acquisition,NUMERIC,A000000,A: Reclassification & Adjustment of Trial Balance,10900,00200,Other Costs,TRIAL BALANCE OF EXPENSE ACCOUNTS,nan
A_C2_110,Intestinal Acquisition,NUMERIC,A000000,A: Reclassification & Adjustment of Trial Balance,11000,00200,Other Costs,TRIAL BALANCE OF EXPENSE ACCOUNTS,nan
A_C2_111,Islet Acquisition,NUMERIC,A000000,A: Reclassification & Adjustment of Trial Balance,11100,00200,Other Costs,TRIAL BALANCE OF EXPENSE ACCOUNTS,nan
A_C2_114,Utilization Review SNF,NUMERIC,A000000,A: Reclassification & Adjustment of Trial Balance,11400,00200,Other Costs,TRIAL BALANCE OF EXPENSE ACCOUNTS,nan
A_C2_42,Subprovider I,NUMERIC,A000000,A: Reclassification & Adjustment of Trial Balance,04200,00200,Other Costs,TRIAL BALANCE OF EXPENSE ACCOUNTS,nan
A_C2_4201,Subprovider II,NUMERIC,A000000,A: Reclassification & Adjustment of Trial Balance,04201,00200,Other Costs,TRIAL BALANCE OF EXPENSE ACCOUNTS,nan
A_C2_4501,ICF,NUMERIC,A000000,A: Reclassification & Adjustment of Trial Balance,04501,00200,Other Costs,TRIAL BALANCE OF EXPENSE ACCOUNTS,nan
A_C2_46,OLTC,NUMERIC,A000000,A: Reclassification & Adjustment of Trial Balance,04600,00200,Other Costs,TRIAL BALANCE OF EXPENSE ACCOUNTS,nan
A_C2_61,PBP Clinical Lab Services Program Only,NUMERIC,A000000,A: Reclassification & Adjustment of Trial Balance,06100,00200,Other Costs,TRIAL BALANCE OF EXPENSE ACCOUNTS,nan
A_C2_92,Observation Beds (Non Distinct Unit),NUMERIC,A000000,A: Reclassification & Adjustment of Trial Balance,09200,00200,Other Costs,TRIAL BALANCE OF EXPENSE ACCOUNTS,nan
A_C2_94,Home Program Dialysis,NUMERIC,A000000,A: Reclassification & Adjustment of Trial Balance,09400,00200,Other Costs,TRIAL BALANCE OF EXPENSE ACCOUNTS,nan
A_C6_100,Int & Res (non approved teaching program,NUMERIC,A000000,A: Reclassification & Adjustment of Trial Balance,10000,00600,Reclassified Net Expenses,TRIAL BALANCE OF EXPENSE ACCOUNTS,nan
A_C6_105,Kidney Acquisition,NUMERIC,A000000,A: Reclassification & Adjustment of Trial Balance,10500,00600,Reclassified Net Expenses,TRIAL BALANCE OF EXPENSE ACCOUNTS,nan
A_C6_106,Heart Acquisition,NUMERIC,A000000,A: Reclassification & Adjustment of Trial Balance,10600,00600,Reclassified Net Expenses,TRIAL BALANCE OF EXPENSE ACCOUNTS,nan
A_C6_107,Liver Acquisition,NUMERIC,A000000,A: Reclassification & Adjustment of Trial Balance,10700,00600,Reclassified Net Expenses,TRIAL BALANCE OF EXPENSE ACCOUNTS,nan
A_C6_108,Lung  Acquisition,NUMERIC,A000000,A: Reclassification & Adjustment of Trial Balance,10800,00600,Reclassified Net Expenses,TRIAL BALANCE OF EXPENSE ACCOUNTS,nan
A_C6_109,Pancreas Acquisition,NUMERIC,A000000,A: Reclassification & Adjustment of Trial Balance,10900,00600,Reclassified Net Expenses,TRIAL BALANCE OF EXPENSE ACCOUNTS,nan
A_C6_110,Intestinal Acquisition,NUMERIC,A000000,A: Reclassification & Adjustment of Trial Balance,11000,00600,Reclassified Net Expenses,TRIAL BALANCE OF EXPENSE ACCOUNTS,nan
A_C6_111,Islet Acquisition,NUMERIC,A000000,A: Reclassification & Adjustment of Trial Balance,11100,00600,Reclassified Net Expenses,TRIAL BALANCE OF EXPENSE ACCOUNTS,nan
A_C6_114,Utilization Review SNF,NUMERIC,A000000,A: Reclassification & Adjustment of Trial Balance,11400,00600,Reclassified Net Expenses,TRIAL BALANCE OF EXPENSE ACCOUNTS,nan
A_C6_42,Subprovider I,NUMERIC,A000000,A: Reclassification & Adjustment of Trial Balance,04200,00600,Reclassified Net Expenses,TRIAL BALANCE OF EXPENSE ACCOUNTS,nan
A_C6_4201,Subprovider II,NUMERIC,A000000,A: Reclassification & Adjustment of Trial Balance,04201,00600,Reclassified Net Expenses,TRIAL BALANCE OF EXPENSE ACCOUNTS,nan
A_C6_45,NF,NUMERIC,A000000,A: Reclassification & Adjustment of Trial Balance,04500,00600,Reclassified Net Expenses,TRIAL BALANCE OF EXPENSE ACCOUNTS,nan
A_C6_4501,ICF,NUMERIC,A000000,A: Reclassification & Adjustment of Trial Balance,04501,00600,Reclassified Net Expenses,TRIAL BALANCE OF EXPENSE ACCOUNTS,nan
A_C6_46,OLTC,NUMERIC,A000000,A: Reclassification & Adjustment of Trial Balance,04600,00600,Reclassified Net Expenses,TRIAL BALANCE OF EXPENSE ACCOUNTS,nan
A_C6_61,PBP Clinical Lab Services Program Only,NUMERIC,A000000,A: Reclassification & Adjustment of Trial Balance,06100,00600,Reclassified Net Expenses,TRIAL BALANCE OF EXPENSE ACCOUNTS,nan
A_C6_92,Observation Beds (Non Distinct Unit),NUMERIC,A000000,A: Reclassification & Adjustment of Trial Balance,09200,00600,Reclassified Net Expenses,TRIAL BALANCE OF EXPENSE ACCOUNTS,nan
A_C6_94,Home Program Dialysis,NUMERIC,A000000,A: Reclassification & Adjustment of Trial Balance,09400,00600,Reclassified Net Expenses,TRIAL BALANCE OF EXPENSE ACCOUNTS,nan
B_1_C0_100,Int & Res (non approved teaching program,NUMERIC,B000001,"B, Part I: Cost Allocation - General",10000,00000,Statistical Basis / Cost Center,COST ALLOCATION,Net Expense for Cost Allocation
B_1_C0_105,Kidney Acquisition,NUMERIC,B000001,"B, Part I: Cost Allocation - General",10500,00000,Statistical Basis / Cost Center,COST ALLOCATION,Net Expense for Cost Allocation
B_1_C0_106,Heart Acquisition,NUMERIC,B000001,"B, Part I: Cost Allocation - General",10600,00000,Statistical Basis / Cost Center,COST ALLOCATION,Net Expense for Cost Allocation
B_1_C0_107,Liver Acquisition,NUMERIC,B000001,"B, Part I: Cost Allocation - General",10700,00000,Statistical Basis / Cost Center,COST ALLOCATION,Net Expense for Cost Allocation
B_1_C0_108,Lung  Acquisition,NUMERIC,B000001,"B, Part I: Cost Allocation - General",10800,00000,Statistical Basis / Cost Center,COST ALLOCATION,Net Expense for Cost Allocation
B_1_C0_109,Pancreas Acquisition,NUMERIC,B000001,"B, Part I: Cost Allocation - General",10900,00000,Statistical Basis / Cost Center,COST ALLOCATION,Net Expense for Cost Allocation
B_1_C0_110,Intestinal Acquisition,NUMERIC,B000001,"B, Part I: Cost Allocation - General",11000,00000,Statistical Basis / Cost Center,COST ALLOCATION,Net Expense for Cost Allocation
B_1_C0_111,Islet Acquisition,NUMERIC,B000001,"B, Part I: Cost Allocation - General",11100,00000,Statistical Basis / Cost Center,COST ALLOCATION,Net Expense for Cost Allocation
B_1_C0_113,Interest Expense,NUMERIC,B000001,"B, Part I: Cost Allocation - General",11300,00000,Statistical Basis / Cost Center,COST ALLOCATION,Net Expense for Cost Allocation
B_1_C0_114,Utilization Review SNF,NUMERIC,B000001,"B, Part I: Cost Allocation - General",11400,00000,Statistical Basis / Cost Center,COST ALLOCATION,Net Expense for Cost Allocation
B_1_C0_3,Other Capital,NUMERIC,B000001,"B, Part I: Cost Allocation - General",00300,00000,Statistical Basis / Cost Center,COST ALLOCATION,Net Expense for Cost Allocation
B_1_C0_42,Subprovider I,NUMERIC,B000001,"B, Part I: Cost Allocation - General",04200,00000,Statistical Basis / Cost Center,COST ALLOCATION,Net Expense for Cost Allocation
B_1_C0_4201,Subprovider II,NUMERIC,B000001,"B, Part I: Cost Allocation - General",04201,00000,Statistical Basis / Cost Center,COST ALLOCATION,Net Expense for Cost Allocation
B_1_C0_4501,ICF,NUMERIC,B000001,"B, Part I: Cost Allocation - General",04501,00000,Statistical Basis / Cost Center,COST ALLOCATION,Net Expense for Cost Allocation
B_1_C0_46,OLTC,NUMERIC,B000001,"B, Part I: Cost Allocation - General",04600,00000,Statistical Basis / Cost Center,COST ALLOCATION,Net Expense for Cost Allocation
B_1_C0_61,PBP Clinical Lab Services Program Only,NUMERIC,B000001,"B, Part I: Cost Allocation - General",06100,00000,Statistical Basis / Cost Center,COST ALLOCATION,Net Expense for Cost Allocation
B_1_C0_92,Observation Beds (non Distinct Unit),NUMERIC,B000001,"B, Part I: Cost Allocation - General",09200,00000,Statistical Basis / Cost Center,COST ALLOCATION,Net Expense for Cost Allocation
B_1_C0_94,Home Program Dialysis,NUMERIC,B000001,"B, Part I: Cost Allocation - General",09400,00000,Statistical Basis / Cost Center,COST ALLOCATION,Net Expense for Cost Allocation
B_1_C21_100,Int & Res (non approved teaching program,NUMERIC,B000001,"B, Part I: Cost Allocation - General",10000,02100,Inpatient Routine Services,COST ALLOCATION,nan
B_1_C21_105,Kidney Acquisition,NUMERIC,B000001,"B, Part I: Cost Allocation - General",10500,02100,Inpatient Routine Services,COST ALLOCATION,nan
B_1_C21_106,Heart Acquisition,NUMERIC,B000001,"B, Part I: Cost Allocation - General",10600,02100,Inpatient Routine Services,COST ALLOCATION,nan
B_1_C21_107,Liver Acquisition,NUMERIC,B000001,"B, Part I: Cost Allocation - General",10700,02100,Inpatient Routine Services,COST ALLOCATION,nan
B_1_C21_108,Lung  Acquisition,NUMERIC,B000001,"B, Part I: Cost Allocation - General",10800,02100,Inpatient Routine Services,COST ALLOCATION,nan
B_1_C21_109,Pancreas Acquisition,NUMERIC,B000001,"B, Part I: Cost Allocation - General",10900,02100,Inpatient Routine Services,COST ALLOCATION,nan
B_1_C21_110,Intestinal Acquisition,NUMERIC,B000001,"B, Part I: Cost Allocation - General",11000,02100,Inpatient Routine Services,COST ALLOCATION,nan
B_1_C21_111,Islet Acquisition,NUMERIC,B000001,"B, Part I: Cost Allocation - General",11100,02100,Inpatient Routine Services,COST ALLOCATION,nan
B_1_C21_113,Interest Expense,NUMERIC,B000001,"B, Part I: Cost Allocation - General",11300,02100,Inpatient Routine Services,COST ALLOCATION,nan
B_1_C21_114,Utilization Review SNF,NUMERIC,B000001,"B, Part I: Cost Allocation - General",11400,02100,Inpatient Routine Services,COST ALLOCATION,nan
B_1_C21_41,Subprovider-IRF,NUMERIC,B000001,"B, Part I: Cost Allocation - General",04100,02100,Inpatient Routine Services,COST ALLOCATION,Allocation of Interns & Residents Salary and Fringes
B_1_C21_42,Subprovider I,NUMERIC,B000001,"B, Part I: Cost Allocation - General",04200,02100,Inpatient Routine Services,COST ALLOCATION,Allocation of Interns & Residents Salary and Fringes
B_1_C21_4201,Subprovider II,NUMERIC,B000001,"B, Part I: Cost Allocation - General",04201,02100,Inpatient Routine Services,COST ALLOCATION,Allocation of Interns & Residents Salary and Fringes
B_1_C21_44,SNF,NUMERIC,B000001,"B, Part I: Cost Allocation - General",04400,02100,Inpatient Routine Services,COST ALLOCATION,Allocation of Interns & Residents Salary and Fringes
B_1_C21_45,NF,NUMERIC,B000001,"B, Part I: Cost Allocation - General",04500,02100,Inpatient Routine Services,COST ALLOCATION,Allocation of Interns & Residents Salary and Fringes
B_1_C21_4501,ICF,NUMERIC,B000001,"B, Part I: Cost Allocation - General",04501,02100,Inpatient Routine Services,COST ALLOCATION,Allocation of Interns & Residents Salary and Fringes
B_1_C21_46,OLTC,NUMERIC,B000001,"B, Part I: Cost Allocation - General",04600,02100,Inpatient Routine Services,COST ALLOCATION,Allocation of Interns & Residents Salary and Fringes
B_1_C21_61,PBP Clinical Lab Services Program Only,NUMERIC,B000001,"B, Part I: Cost Allocation - General",06100,02100,Inpatient Routine Services,COST ALLOCATION,Allocation of Interns & Residents Salary and Fringes
B_1_C21_94,Home Program Dialysis,NUMERIC,B000001,"B, Part I: Cost Allocation - General",09400,02100,Inpatient Routine Services,COST ALLOCATION,nan
B_1_C21_95,Ambulance Services,NUMERIC,B000001,"B, Part I: Cost Allocation - General",09500,02100,Inpatient Routine Services,COST ALLOCATION,nan
B_1_C22_100,Int & Res (non approved teaching program,NUMERIC,B000001,"B, Part I: Cost Allocation - General",10000,02200,Ancillary Services,COST ALLOCATION,nan
B_1_C22_105,Kidney Acquisition,NUMERIC,B000001,"B, Part I: Cost Allocation - General",10500,02200,Ancillary Services,COST ALLOCATION,nan
B_1_C22_106,Heart Acquisition,NUMERIC,B000001,"B, Part I: Cost Allocation - General",10600,02200,Ancillary Services,COST ALLOCATION,nan
B_1_C22_107,Liver Acquisition,NUMERIC,B000001,"B, Part I: Cost Allocation - General",10700,02200,Ancillary Services,COST ALLOCATION,nan
B_1_C22_108,Lung  Acquisition,NUMERIC,B000001,"B, Part I: Cost Allocation - General",10800,02200,Ancillary Services,COST ALLOCATION,nan
B_1_C22_109,Pancreas Acquisition,NUMERIC,B000001,"B, Part I: Cost Allocation - General",10900,02200,Ancillary Services,COST ALLOCATION,nan
B_1_C22_110,Intestinal Acquisition,NUMERIC,B000001,"B, Part I: Cost Allocation - General",11000,02200,Ancillary Services,COST ALLOCATION,nan
B_1_C22_111,Islet Acquisition,NUMERIC,B000001,"B, Part I: Cost Allocation - General",11100,02200,Ancillary Services,COST ALLOCATION,nan
B_1_C22_113,Interest Expense,NUMERIC,B000001,"B, Part I: Cost Allocation - General",11300,02200,Ancillary Services,COST ALLOCATION,nan
B_1_C22_114,Utilization Review SNF,NUMERIC,B000001,"B, Part I: Cost Allocation - General",11400,02200,Ancillary Services,COST ALLOCATION,nan
B_1_C22_41,Subprovider-IRF,NUMERIC,B000001,"B, Part I: Cost Allocation - General",04100,02200,Ancillary Services,COST ALLOCATION,Allocation of Interns & Residents Program Costs
B_1_C22_42,Subprovider I,NUMERIC,B000001,"B, Part I: Cost Allocation - General",04200,02200,Ancillary Services,COST ALLOCATION,Allocation of Interns & Residents Program Costs
B_1_C22_4201,Subprovider II,NUMERIC,B000001,"B, Part I: Cost Allocation - General",04201,02200,Ancillary Services,COST ALLOCATION,Allocation of Interns & Residents Program Costs
B_1_C22_44,SNF,NUMERIC,B000001,"B, Part I: Cost Allocation - General",04400,02200,Ancillary Services,COST ALLOCATION,Allocation of Interns & Residents Program Costs
B_1_C22_45,NF,NUMERIC,B000001,"B, Part I: Cost Allocation - General",04500,02200,Ancillary Services,COST ALLOCATION,Allocation of Interns & Residents Program Costs
B_1_C22_4501,ICF,NUMERIC,B000001,"B, Part I: Cost Allocation - General",04501,02200,Ancillary Services,COST ALLOCATION,Allocation of Interns & Residents Program Costs
B_1_C22_46,OLTC,NUMERIC,B000001,"B, Part I: Cost Allocation - General",04600,02200,Ancillary Services,COST ALLOCATION,Allocation of Interns & Residents Program Costs
B_1_C22_61,PBP Clinical Lab Services Program Only,NUMERIC,B000001,"B, Part I: Cost Allocation - General",06100,02200,Ancillary Services,COST ALLOCATION,Allocation of Interns & Residents Program Costs
B_1_C22_94,Home Program Dialysis,NUMERIC,B000001,"B, Part I: Cost Allocation - General",09400,02200,Ancillary Services,COST ALLOCATION,nan
B_1_C22_95,Ambulance Services,NUMERIC,B000001,"B, Part I: Cost Allocation - General",09500,02200,Ancillary Services,COST ALLOCATION,nan
B_1_C26_100,Int & Res (non approved teaching program,NUMERIC,B000001,"B, Part I: Cost Allocation - General",10000,02600,Stat Basis / Total,COST ALLOCATION,nan
B_1_C26_105,Kidney Acquisition,NUMERIC,B000001,"B, Part I: Cost Allocation - General",10500,02600,Stat Basis / Total,COST ALLOCATION,nan
B_1_C26_106,Heart Acquisition,NUMERIC,B000001,"B, Part I: Cost Allocation - General",10600,02600,Stat Basis / Total,COST ALLOCATION,nan
B_1_C26_107,Liver Acquisition,NUMERIC,B000001,"B, Part I: Cost Allocation - General",10700,02600,Stat Basis / Total,COST ALLOCATION,nan
B_1_C26_108,Lung  Acquisition,NUMERIC,B000001,"B, Part I: Cost Allocation - General",10800,02600,Stat Basis / Total,COST ALLOCATION,nan
B_1_C26_109,Pancreas Acquisition,NUMERIC,B000001,"B, Part I: Cost Allocation - General",10900,02600,Stat Basis / Total,COST ALLOCATION,nan
B_1_C26_110,Intestinal Acquisition,NUMERIC,B000001,"B, Part I: Cost Allocation - General",11000,02600,Stat Basis / Total,COST ALLOCATION,nan
B_1_C26_111,Islet Acquisition,NUMERIC,B000001,"B, Part I: Cost Allocation - General",11100,02600,Stat Basis / Total,COST ALLOCATION,nan
B_1_C26_113,Interest Expense,NUMERIC,B000001,"B, Part I: Cost Allocation - General",11300,02600,Stat Basis / Total,COST ALLOCATION,nan
B_1_C26_114,Utilization Review SNF,NUMERIC,B000001,"B, Part I: Cost Allocation - General",11400,02600,Stat Basis / Total,COST ALLOCATION,nan
B_1_C26_200,Cross Foot Adjustments,NUMERIC,B000001,"B, Part I: Cost Allocation - General",20000,02600,Stat Basis / Total,COST ALLOCATION,nan
B_1_C26_42,Subprovider I,NUMERIC,B000001,"B, Part I: Cost Allocation - General",04200,02600,Stat Basis / Total,COST ALLOCATION,nan
B_1_C26_4201,Subprovider II,NUMERIC,B000001,"B, Part I: Cost Allocation - General",04201,02600,Stat Basis / Total,COST ALLOCATION,nan
B_1_C26_4501,ICF,NUMERIC,B000001,"B, Part I: Cost Allocation - General",04501,02600,Stat Basis / Total,COST ALLOCATION,nan
B_1_C26_46,OLTC,NUMERIC,B000001,"B, Part I: Cost Allocation - General",04600,02600,Stat Basis / Total,COST ALLOCATION,nan
B_1_C26_61,PBP Clinical Lab Services Program Only,NUMERIC,B000001,"B, Part I: Cost Allocation - General",06100,02600,Stat Basis / Total,COST ALLOCATION,nan
B_1_C26_94,Home Program Dialysis,NUMERIC,B000001,"B, Part I: Cost Allocation - General",09400,02600,Stat Basis / Total,COST ALLOCATION,nan
B_2_C26_100,Int & Res (non approved teaching program,NUMERIC,B000002,"B, Part II: Cost Allocation",10000,02600,ALLOCATION OF NEW CAPITAL COSTS - TOTAL CAPITAL COSTS AFTER COST ALLOCATION,ALLOCATION OF NEW CAPITAL COSTS,nan
B_2_C26_105,Kidney Acquisition,NUMERIC,B000002,"B, Part II: Cost Allocation",10500,02600,ALLOCATION OF NEW CAPITAL COSTS - TOTAL CAPITAL COSTS AFTER COST ALLOCATION,ALLOCATION OF NEW CAPITAL COSTS,nan
B_2_C26_106,Heart Acquisition,NUMERIC,B000002,"B, Part II: Cost Allocation",10600,02600,ALLOCATION OF NEW CAPITAL COSTS - TOTAL CAPITAL COSTS AFTER COST ALLOCATION,ALLOCATION OF NEW CAPITAL COSTS,nan
B_2_C26_107,Liver Acquisition,NUMERIC,B000002,"B, Part II: Cost Allocation",10700,02600,ALLOCATION OF NEW CAPITAL COSTS - TOTAL CAPITAL COSTS AFTER COST ALLOCATION,ALLOCATION OF NEW CAPITAL COSTS,nan
B_2_C26_108,Lung  Acquisition,NUMERIC,B000002,"B, Part II: Cost Allocation",10800,02600,ALLOCATION OF NEW CAPITAL COSTS - TOTAL CAPITAL COSTS AFTER COST ALLOCATION,ALLOCATION OF NEW CAPITAL COSTS,nan
B_2_C26_109,Pancreas Acquisition,NUMERIC,B000002,"B, Part II: Cost Allocation",10900,02600,ALLOCATION OF NEW CAPITAL COSTS - TOTAL CAPITAL COSTS AFTER COST ALLOCATION,ALLOCATION OF NEW CAPITAL COSTS,nan
B_2_C26_110,Intestinal Acquisition,NUMERIC,B000002,"B, Part II: Cost Allocation",11000,02600,ALLOCATION OF NEW CAPITAL COSTS - TOTAL CAPITAL COSTS AFTER COST ALLOCATION,ALLOCATION OF NEW CAPITAL COSTS,nan
B_2_C26_111,Islet Acquisition,NUMERIC,B000002,"B, Part II: Cost Allocation",11100,02600,ALLOCATION OF NEW CAPITAL COSTS - TOTAL CAPITAL COSTS AFTER COST ALLOCATION,ALLOCATION OF NEW CAPITAL COSTS,nan
B_2_C26_113,Interest Expense,NUMERIC,B000002,"B, Part II: Cost Allocation",11300,02600,ALLOCATION OF NEW CAPITAL COSTS - TOTAL CAPITAL COSTS AFTER COST ALLOCATION,ALLOCATION OF NEW CAPITAL COSTS,nan
B_2_C26_114,Utilization Review SNF,NUMERIC,B000002,"B, Part II: Cost Allocation",11400,02600,ALLOCATION OF NEW CAPITAL COSTS - TOTAL CAPITAL COSTS AFTER COST ALLOCATION,ALLOCATION OF NEW CAPITAL COSTS,nan
B_2_C26_42,Subprovider I,NUMERIC,B000002,"B, Part II: Cost Allocation",04200,02600,ALLOCATION OF NEW CAPITAL COSTS - TOTAL CAPITAL COSTS AFTER COST ALLOCATION,ALLOCATION OF NEW CAPITAL COSTS,TOTAL CAPITAL COSTS AFTER COST ALLOCATION
B_2_C26_4201,Subprovider II,NUMERIC,B000002,"B, Part II: Cost Allocation",04201,02600,ALLOCATION OF NEW CAPITAL COSTS - TOTAL CAPITAL COSTS AFTER COST ALLOCATION,ALLOCATION OF NEW CAPITAL COSTS,TOTAL CAPITAL COSTS AFTER COST ALLOCATION
B_2_C26_4501,ICF,NUMERIC,B000002,"B, Part II: Cost Allocation",04501,02600,ALLOCATION OF NEW CAPITAL COSTS - TOTAL CAPITAL COSTS AFTER COST ALLOCATION,ALLOCATION OF NEW CAPITAL COSTS,TOTAL CAPITAL COSTS AFTER COST ALLOCATION
B_2_C26_46,OLTC,NUMERIC,B000002,"B, Part II: Cost Allocation",04600,02600,ALLOCATION OF NEW CAPITAL COSTS - TOTAL CAPITAL COSTS AFTER COST ALLOCATION,ALLOCATION OF NEW CAPITAL COSTS,TOTAL CAPITAL COSTS AFTER COST ALLOCATION
B_2_C26_61,PBP Clinical Lab Services Program Only,NUMERIC,B000002,"B, Part II: Cost Allocation",06100,02600,ALLOCATION OF NEW CAPITAL COSTS - TOTAL CAPITAL COSTS AFTER COST ALLOCATION,ALLOCATION OF NEW CAPITAL COSTS,TOTAL CAPITAL COSTS AFTER COST ALLOCATION
B_2_C26_94,Home Program Dialysis,NUMERIC,B000002,"B, Part II: Cost Allocation",09400,02600,ALLOCATION OF NEW CAPITAL COSTS - TOTAL CAPITAL COSTS AFTER COST ALLOCATION,ALLOCATION OF NEW CAPITAL COSTS,nan
C_1_C5_100,Int & Res (non approved teaching program,NUMERIC,C000001,"C, Part I: Ancillary & Outpatient Cost",10000,00500,Medicare Charges (Title XVIII PPS),COMPUTATION OF RATIO OF COST TO CHARGES,nan
C_1_C5_105,Kidney Acquisition,NUMERIC,C000001,"C, Part I: Ancillary & Outpatient Cost",10500,00500,Medicare Charges (Title XVIII PPS),COMPUTATION OF RATIO OF COST TO CHARGES,nan
C_1_C5_106,Heart Acquisition,NUMERIC,C000001,"C, Part I: Ancillary & Outpatient Cost",10600,00500,Medicare Charges (Title XVIII PPS),COMPUTATION OF RATIO OF COST TO CHARGES,nan
C_1_C5_107,Liver Acquisition,NUMERIC,C000001,"C, Part I: Ancillary & Outpatient Cost",10700,00500,Medicare Charges (Title XVIII PPS),COMPUTATION OF RATIO OF COST TO CHARGES,nan
C_1_C5_108,Lung  Acquisition,NUMERIC,C000001,"C, Part I: Ancillary & Outpatient Cost",10800,00500,Medicare Charges (Title XVIII PPS),COMPUTATION OF RATIO OF COST TO CHARGES,nan
C_1_C5_109,Pancreas Acquisition,NUMERIC,C000001,"C, Part I: Ancillary & Outpatient Cost",10900,00500,Medicare Charges (Title XVIII PPS),COMPUTATION OF RATIO OF COST TO CHARGES,nan
C_1_C5_110,Intestinal Acquisition,NUMERIC,C000001,"C, Part I: Ancillary & Outpatient Cost",11000,00500,Medicare Charges (Title XVIII PPS),COMPUTATION OF RATIO OF COST TO CHARGES,nan
C_1_C5_111,Islet Acquisition,NUMERIC,C000001,"C, Part I: Ancillary & Outpatient Cost",11100,00500,Medicare Charges (Title XVIII PPS),COMPUTATION OF RATIO OF COST TO CHARGES,nan
C_1_C5_113,Interest Expense,NUMERIC,C000001,"C, Part I: Ancillary & Outpatient Cost",11300,00500,Medicare Charges (Title XVIII PPS),COMPUTATION OF RATIO OF COST TO CHARGES,nan
C_1_C5_114,Utilization Review SNF,NUMERIC,C000001,"C, Part I: Ancillary & Outpatient Cost",11400,00500,Medicare Charges (Title XVIII PPS),COMPUTATION OF RATIO OF COST TO CHARGES,nan
C_1_C5_42,Subprovider I,NUMERIC,C000001,"C, Part I: Ancillary & Outpatient Cost",04200,00500,Medicare Charges (Title XVIII PPS),COMPUTATION OF RATIO OF COST TO CHARGES,nan
C_1_C5_4201,Subprovider II,NUMERIC,C000001,"C, Part I: Ancillary & Outpatient Cost",04201,00500,Medicare Charges (Title XVIII PPS),COMPUTATION OF RATIO OF COST TO CHARGES,nan
C_1_C5_4501,ICF,NUMERIC,C000001,"C, Part I: Ancillary & Outpatient Cost",04501,00500,Medicare Charges (Title XVIII PPS),COMPUTATION OF RATIO OF COST TO CHARGES,nan
C_1_C5_46,OLTC,NUMERIC,C000001,"C, Part I: Ancillary & Outpatient Cost",04600,00500,Medicare Charges (Title XVIII PPS),COMPUTATION OF RATIO OF COST TO CHARGES,nan
C_1_C5_61,PBP Clinical Lab Services Program Only,NUMERIC,C000001,"C, Part I: Ancillary & Outpatient Cost",06100,00500,Medicare Charges (Title XVIII PPS),COMPUTATION OF RATIO OF COST TO CHARGES,nan
C_1_C5_94,Home Program Dialysis,NUMERIC,C000001,"C, Part I: Ancillary & Outpatient Cost",09400,00500,Medicare Charges (Title XVIII PPS),COMPUTATION OF RATIO OF COST TO CHARGES,nan
C_1_C6_100,Int & Res (non approved teaching program,NUMERIC,C000001,"C, Part I: Ancillary & Outpatient Cost",10000,00600,Medicare Charges (Title XVIII Other),COMPUTATION OF RATIO OF COST TO CHARGES,nan
C_1_C6_105,Kidney Acquisition,NUMERIC,C000001,"C, Part I: Ancillary & Outpatient Cost",10500,00600,Medicare Charges (Title XVIII Other),COMPUTATION OF RATIO OF COST TO CHARGES,nan
C_1_C6_106,Heart Acquisition,NUMERIC,C000001,"C, Part I: Ancillary & Outpatient Cost",10600,00600,Medicare Charges (Title XVIII Other),COMPUTATION OF RATIO OF COST TO CHARGES,nan
C_1_C6_107,Liver Acquisition,NUMERIC,C000001,"C, Part I: Ancillary & Outpatient Cost",10700,00600,Medicare Charges (Title XVIII Other),COMPUTATION OF RATIO OF COST TO CHARGES,nan
C_1_C6_108,Lung  Acquisition,NUMERIC,C000001,"C, Part I: Ancillary & Outpatient Cost",10800,00600,Medicare Charges (Title XVIII Other),COMPUTATION OF RATIO OF COST TO CHARGES,nan
C_1_C6_109,Pancreas Acquisition,NUMERIC,C000001,"C, Part I: Ancillary & Outpatient Cost",10900,00600,Medicare Charges (Title XVIII Other),COMPUTATION OF RATIO OF COST TO CHARGES,nan
C_1_C6_110,Intestinal Acquisition,NUMERIC,C000001,"C, Part I: Ancillary & Outpatient Cost",11000,00600,Medicare Charges (Title XVIII Other),COMPUTATION OF RATIO OF COST TO CHARGES,nan
C_1_C6_111,Islet Acquisition,NUMERIC,C000001,"C, Part I: Ancillary & Outpatient Cost",11100,00600,Medicare Charges (Title XVIII Other),COMPUTATION OF RATIO OF COST TO CHARGES,nan
C_1_C6_113,Interest Expense,NUMERIC,C000001,"C, Part I: Ancillary & Outpatient Cost",11300,00600,Medicare Charges (Title XVIII Other),COMPUTATION OF RATIO OF COST TO CHARGES,nan
C_1_C6_114,Utilization Review SNF,NUMERIC,C000001,"C, Part I: Ancillary & Outpatient Cost",11400,00600,Medicare Charges (Title XVIII Other),COMPUTATION OF RATIO OF COST TO CHARGES,nan
C_1_C6_201,Less Observation Beds,NUMERIC,C000001,"C, Part I: Ancillary & Outpatient Cost",20100,00600,Medicare Charges (Title XVIII Other),COMPUTATION OF RATIO OF COST TO CHARGES,nan
C_1_C6_42,Subprovider I,NUMERIC,C000001,"C, Part I: Ancillary & Outpatient Cost",04200,00600,Medicare Charges (Title XVIII Other),COMPUTATION OF RATIO OF COST TO CHARGES,Total Inpatient Charges
C_1_C6_4201,Subprovider II,NUMERIC,C000001,"C, Part I: Ancillary & Outpatient Cost",04201,00600,Medicare Charges (Title XVIII Other),COMPUTATION OF RATIO OF COST TO CHARGES,Total Inpatient Charges
C_1_C6_4501,ICF,NUMERIC,C000001,"C, Part I: Ancillary & Outpatient Cost",04501,00600,Medicare Charges (Title XVIII Other),COMPUTATION OF RATIO OF COST TO CHARGES,Total Inpatient Charges
C_1_C6_46,OLTC,NUMERIC,C000001,"C, Part I: Ancillary & Outpatient Cost",04600,00600,Medicare Charges (Title XVIII Other),COMPUTATION OF RATIO OF COST TO CHARGES,Total Inpatient Charges
C_1_C6_61,PBP Clinical Lab Services Program Only,NUMERIC,C000001,"C, Part I: Ancillary & Outpatient Cost",06100,00600,Medicare Charges (Title XVIII Other),COMPUTATION OF RATIO OF COST TO CHARGES,Total Inpatient Charges
C_1_C6_94,Home Program Dialysis,NUMERIC,C000001,"C, Part I: Ancillary & Outpatient Cost",09400,00600,Medicare Charges (Title XVIII Other),COMPUTATION OF RATIO OF COST TO CHARGES,nan
C_1_C7_100,Int & Res (non approved teaching program,NUMERIC,C000001,"C, Part I: Ancillary & Outpatient Cost",10000,00700,Total Medicare Charges (Title XVIII),COMPUTATION OF RATIO OF COST TO CHARGES,nan
C_1_C7_105,Kidney Acquisition,NUMERIC,C000001,"C, Part I: Ancillary & Outpatient Cost",10500,00700,Total Medicare Charges (Title XVIII),COMPUTATION OF RATIO OF COST TO CHARGES,nan
C_1_C7_106,Heart Acquisition,NUMERIC,C000001,"C, Part I: Ancillary & Outpatient Cost",10600,00700,Total Medicare Charges (Title XVIII),COMPUTATION OF RATIO OF COST TO CHARGES,nan
C_1_C7_107,Liver Acquisition,NUMERIC,C000001,"C, Part I: Ancillary & Outpatient Cost",10700,00700,Total Medicare Charges (Title XVIII),COMPUTATION OF RATIO OF COST TO CHARGES,nan
C_1_C7_108,Lung  Acquisition,NUMERIC,C000001,"C, Part I: Ancillary & Outpatient Cost",10800,00700,Total Medicare Charges (Title XVIII),COMPUTATION OF RATIO OF COST TO CHARGES,nan
C_1_C7_109,Pancreas Acquisition,NUMERIC,C000001,"C, Part I: Ancillary & Outpatient Cost",10900,00700,Total Medicare Charges (Title XVIII),COMPUTATION OF RATIO OF COST TO CHARGES,nan
C_1_C7_110,Intestinal Acquisition,NUMERIC,C000001,"C, Part I: Ancillary & Outpatient Cost",11000,00700,Total Medicare Charges (Title XVIII),COMPUTATION OF RATIO OF COST TO CHARGES,nan
C_1_C7_111,Islet Acquisition,NUMERIC,C000001,"C, Part I: Ancillary & Outpatient Cost",11100,00700,Total Medicare Charges (Title XVIII),COMPUTATION OF RATIO OF COST TO CHARGES,nan
C_1_C7_113,Interest Expense,NUMERIC,C000001,"C, Part I: Ancillary & Outpatient Cost",11300,00700,Total Medicare Charges (Title XVIII),COMPUTATION OF RATIO OF COST TO CHARGES,nan
C_1_C7_114,Utilization Review SNF,NUMERIC,C000001,"C, Part I: Ancillary & Outpatient Cost",11400,00700,Total Medicare Charges (Title XVIII),COMPUTATION OF RATIO OF COST TO CHARGES,nan
C_1_C7_201,Less Observation Beds,NUMERIC,C000001,"C, Part I: Ancillary & Outpatient Cost",20100,00700,Total Medicare Charges (Title XVIII),COMPUTATION OF RATIO OF COST TO CHARGES,nan
C_1_C7_30,Adults & Pediatrics,NUMERIC,C000001,"C, Part I: Ancillary & Outpatient Cost",03000,00700,Total Medicare Charges (Title XVIII),COMPUTATION OF RATIO OF COST TO CHARGES,Total Outpatient Charges
C_1_C7_40,Subprovider-IPF,NUMERIC,C000001,"C, Part I: Ancillary & Outpatient Cost",04000,00700,Total Medicare Charges (Title XVIII),COMPUTATION OF RATIO OF COST TO CHARGES,Total Outpatient Charges
C_1_C7_41,Subprovider-IRF,NUMERIC,C000001,"C, Part I: Ancillary & Outpatient Cost",04100,00700,Total Medicare Charges (Title XVIII),COMPUTATION OF RATIO OF COST TO CHARGES,Total Outpatient Charges
C_1_C7_42,Subprovider I,NUMERIC,C000001,"C, Part I: Ancillary & Outpatient Cost",04200,00700,Total Medicare Charges (Title XVIII),COMPUTATION OF RATIO OF COST TO CHARGES,Total Outpatient Charges
C_1_C7_4201,Subprovider II,NUMERIC,C000001,"C, Part I: Ancillary & Outpatient Cost",04201,00700,Total Medicare Charges (Title XVIII),COMPUTATION OF RATIO OF COST TO CHARGES,Total Outpatient Charges
C_1_C7_43,Nursery,NUMERIC,C000001,"C, Part I: Ancillary & Outpatient Cost",04300,00700,Total Medicare Charges (Title XVIII),COMPUTATION OF RATIO OF COST TO CHARGES,Total Outpatient Charges
C_1_C7_44,SNF,NUMERIC,C000001,"C, Part I: Ancillary & Outpatient Cost",04400,00700,Total Medicare Charges (Title XVIII),COMPUTATION OF RATIO OF COST TO CHARGES,Total Outpatient Charges
C_1_C7_45,NF,NUMERIC,C000001,"C, Part I: Ancillary & Outpatient Cost",04500,00700,Total Medicare Charges (Title XVIII),COMPUTATION OF RATIO OF COST TO CHARGES,Total Outpatient Charges
C_1_C7_4501,ICF,NUMERIC,C000001,"C, Part I: Ancillary & Outpatient Cost",04501,00700,Total Medicare Charges (Title XVIII),COMPUTATION OF RATIO OF COST TO CHARGES,Total Outpatient Charges
C_1_C7_46,OLTC,NUMERIC,C000001,"C, Part I: Ancillary & Outpatient Cost",04600,00700,Total Medicare Charges (Title XVIII),COMPUTATION OF RATIO OF COST TO CHARGES,Total Outpatient Charges
C_1_C7_61,PBP Clinical Lab Services Program Only,NUMERIC,C000001,"C, Part I: Ancillary & Outpatient Cost",06100,00700,Total Medicare Charges (Title XVIII),COMPUTATION OF RATIO OF COST TO CHARGES,Total Outpatient Charges
C_1_C7_94,Home Program Dialysis,NUMERIC,C000001,"C, Part I: Ancillary & Outpatient Cost",09400,00700,Total Medicare Charges (Title XVIII),COMPUTATION OF RATIO OF COST TO CHARGES,nan
C_2_C4_202,Total,NUMERIC,C000002,C000002,20200,00400,COMPUTATION OF OUTPATIENT SERVICE COST TO CHARGE RATIOS NET OF REDUCTIONS,COMPUTATION OF OUTPATIENT SERVICE COST TO CHARGE RATIOS NET OF REDUCTIONS,nan
C_2_C5_202,Total,NUMERIC,C000002,C000002,20200,00500,COMPUTATION OF OUTPATIENT SERVICE COST TO CHARGE RATIOS NET OF REDUCTIONS,COMPUTATION OF OUTPATIENT SERVICE COST TO CHARGE RATIOS NET OF REDUCTIONS,nan
D1_HOS_C1_54,Program Discharges,NUMERIC,D10A181,D-1: Apportionment - Hospital (Old Age),05400,00100,Cost per Diem,COMPUTATION OF INPATIENT OPERATING COSTS,nan
D1_HOS_C1_55,Target Amount per Discharge,NUMERIC,D10A181,D-1: Apportionment - Hospital (Old Age),05500,00100,Cost per Diem,COMPUTATION OF INPATIENT OPERATING COSTS,nan
D1_HOS_C1_56,Target Amount,NUMERIC,D10A181,D-1: Apportionment - Hospital (Old Age),05600,00100,Cost per Diem,COMPUTATION OF INPATIENT OPERATING COSTS,nan
D1_HOS_C1_57,Operating Cost and Target Amount,NUMERIC,D10A181,D-1: Apportionment - Hospital (Old Age),05700,00100,Cost per Diem,COMPUTATION OF INPATIENT OPERATING COSTS,Difference between Adjusted Inpatient
D1_HOS_C1_58,Bonus Payment,NUMERIC,D10A181,D-1: Apportionment - Hospital (Old Age),05800,00100,Cost per Diem,COMPUTATION OF INPATIENT OPERATING COSTS,nan
D1_HOS_C1_62,Relief Payment,NUMERIC,D10A181,D-1: Apportionment - Hospital (Old Age),06200,00100,Cost per Diem,COMPUTATION OF INPATIENT OPERATING COSTS,nan
D1_HOS_C1_63,Allowable Inpatient Cost Plus Incentive Pt,NUMERIC,D10A181,D-1: Apportionment - Hospital (Old Age),06300,00100,Cost per Diem,COMPUTATION OF INPATIENT OPERATING COSTS,nan
D1_IPF_C1_54,Program Discharges,NUMERIC,D10B181,D10B181,05400,00100,COMPUTATION OF INPATIENT OPERATING COSTS - General Inpatient Routine Service Cost,COMPUTATION OF INPATIENT OPERATING COSTS,nan
D1_IPF_C1_55,Target Amount per Discharge,NUMERIC,D10B181,D10B181,05500,00100,COMPUTATION OF INPATIENT OPERATING COSTS - General Inpatient Routine Service Cost,COMPUTATION OF INPATIENT OPERATING COSTS,nan
D1_IPF_C1_56,Target Amount,NUMERIC,D10B181,D10B181,05600,00100,COMPUTATION OF INPATIENT OPERATING COSTS - General Inpatient Routine Service Cost,COMPUTATION OF INPATIENT OPERATING COSTS,nan
D1_IPF_C1_57,Operating Cost and Target Amount,NUMERIC,D10B181,D10B181,05700,00100,COMPUTATION OF INPATIENT OPERATING COSTS - General Inpatient Routine Service Cost,COMPUTATION OF INPATIENT OPERATING COSTS,Difference between Adjusted Inpatient
D1_IPF_C1_58,Bonus Payment,NUMERIC,D10B181,D10B181,05800,00100,COMPUTATION OF INPATIENT OPERATING COSTS - General Inpatient Routine Service Cost,COMPUTATION OF INPATIENT OPERATING COSTS,nan
D1_IPF_C1_63,Allowable Inpatient Cost Plus Incentive Pt,NUMERIC,D10B181,D10B181,06300,00100,COMPUTATION OF INPATIENT OPERATING COSTS - General Inpatient Routine Service Cost,COMPUTATION OF INPATIENT OPERATING COSTS,nan
D1_IRF_C1_54,Program Discharges,NUMERIC,D10C181,D10C181,05400,00100,COMPUTATION OF INPATIENT OPERATING COSTS - General Inpatient Routine Service Cost,COMPUTATION OF INPATIENT OPERATING COSTS,nan
D1_IRF_C1_55,Target Amount per Discharge,NUMERIC,D10C181,D10C181,05500,00100,COMPUTATION OF INPATIENT OPERATING COSTS - General Inpatient Routine Service Cost,COMPUTATION OF INPATIENT OPERATING COSTS,nan
D1_IRF_C1_56,Target Amount,NUMERIC,D10C181,D10C181,05600,00100,COMPUTATION OF INPATIENT OPERATING COSTS - General Inpatient Routine Service Cost,COMPUTATION OF INPATIENT OPERATING COSTS,nan
D1_IRF_C1_57,Operating Cost and Target Amount,NUMERIC,D10C181,D10C181,05700,00100,COMPUTATION OF INPATIENT OPERATING COSTS - General Inpatient Routine Service Cost,COMPUTATION OF INPATIENT OPERATING COSTS,Difference between Adjusted Inpatient
D1_IRF_C1_58,Bonus Payment,NUMERIC,D10C181,D10C181,05800,00100,COMPUTATION OF INPATIENT OPERATING COSTS - General Inpatient Routine Service Cost,COMPUTATION OF INPATIENT OPERATING COSTS,nan
D1_IRF_C1_63,Allowable Inpatient Cost Plus Incentive Payment,NUMERIC,D10C181,D10C181,06300,00100,COMPUTATION OF INPATIENT OPERATING COSTS - General Inpatient Routine Service Cost,COMPUTATION OF INPATIENT OPERATING COSTS,nan
D1_SNF_C1_85,Utilization Review - Physician Compen,NUMERIC,D10E181,D10E181,08500,00100,COMPUTATION OF INPATIENT OPERATING COSTS - General Inpatient Routine Service Cost,COMPUTATION OF INPATIENT OPERATING COSTS,nan
D1_SUB1_C1_27,net of Swing Bed Cost,NUMERIC,D11D181,D11D181,02700,00100,COMPUTATION OF INPATIENT OPERATING COSTS - General Inpatient Routine Service Cost,COMPUTATION OF INPATIENT OPERATING COSTS,General Inpatient Routine Service Cost
D1_SUB1_C1_37,net of Swing Bed and Private Room Diff,NUMERIC,D11D181,D11D181,03700,00100,COMPUTATION OF INPATIENT OPERATING COSTS - General Inpatient Routine Service Cost,COMPUTATION OF INPATIENT OPERATING COSTS,General Inpatient Routine Service Cost
D1_SUB1_C1_41,Total Program General Inpatient Routine,NUMERIC,D11D181,D11D181,04100,00100,COMPUTATION OF INPATIENT OPERATING COSTS - General Inpatient Routine Service Cost,COMPUTATION OF INPATIENT OPERATING COSTS,nan
D1_SUB1_C1_48,Program Inpatient Ancillary Service Cost,NUMERIC,D11D181,D11D181,04800,00100,COMPUTATION OF INPATIENT OPERATING COSTS - General Inpatient Routine Service Cost,COMPUTATION OF INPATIENT OPERATING COSTS,nan
D1_SUB1_C1_49,Total Program Inpatient Costs,NUMERIC,D11D181,D11D181,04900,00100,COMPUTATION OF INPATIENT OPERATING COSTS - General Inpatient Routine Service Cost,COMPUTATION OF INPATIENT OPERATING COSTS,nan
D1_SUB1_C1_50,Pass through Cost for Program Inpatient,NUMERIC,D11D181,D11D181,05000,00100,COMPUTATION OF INPATIENT OPERATING COSTS - General Inpatient Routine Service Cost,COMPUTATION OF INPATIENT OPERATING COSTS,nan
D1_SUB1_C1_51,Pass Through Cost for  Program Ancillary,NUMERIC,D11D181,D11D181,05100,00100,COMPUTATION OF INPATIENT OPERATING COSTS - General Inpatient Routine Service Cost,COMPUTATION OF INPATIENT OPERATING COSTS,nan
D1_SUB1_C1_52,Total Program Excludable Costs,NUMERIC,D11D181,D11D181,05200,00100,COMPUTATION OF INPATIENT OPERATING COSTS - General Inpatient Routine Service Cost,COMPUTATION OF INPATIENT OPERATING COSTS,nan
D1_SUB1_C1_53,"Anesthetist, and Medical Education Costs",NUMERIC,D11D181,D11D181,05300,00100,COMPUTATION OF INPATIENT OPERATING COSTS - General Inpatient Routine Service Cost,COMPUTATION OF INPATIENT OPERATING COSTS,"Total Program Inpatient Operating Cost excluding Capital Related, Nonphysician"
D1_SUB1_C1_54,Program Discharges,NUMERIC,D11D181,D11D181,05400,00100,COMPUTATION OF INPATIENT OPERATING COSTS - General Inpatient Routine Service Cost,COMPUTATION OF INPATIENT OPERATING COSTS,nan
D1_SUB1_C1_55,Target Amount per Discharge,NUMERIC,D11D181,D11D181,05500,00100,COMPUTATION OF INPATIENT OPERATING COSTS - General Inpatient Routine Service Cost,COMPUTATION OF INPATIENT OPERATING COSTS,nan
D1_SUB1_C1_56,Target Amount,NUMERIC,D11D181,D11D181,05600,00100,COMPUTATION OF INPATIENT OPERATING COSTS - General Inpatient Routine Service Cost,COMPUTATION OF INPATIENT OPERATING COSTS,nan
D1_SUB1_C1_57,Operating Cost and Target Amount,NUMERIC,D11D181,D11D181,05700,00100,COMPUTATION OF INPATIENT OPERATING COSTS - General Inpatient Routine Service Cost,COMPUTATION OF INPATIENT OPERATING COSTS,Difference between Adjusted Inpatient
D1_SUB1_C1_58,Bonus Payment,NUMERIC,D11D181,D11D181,05800,00100,COMPUTATION OF INPATIENT OPERATING COSTS - General Inpatient Routine Service Cost,COMPUTATION OF INPATIENT OPERATING COSTS,nan
D1_SUB1_C1_63,Allowable Inpatient Cost Plus Incentive Pt,NUMERIC,D11D181,D11D181,06300,00100,COMPUTATION OF INPATIENT OPERATING COSTS - General Inpatient Routine Service Cost,COMPUTATION OF INPATIENT OPERATING COSTS,nan
D1_SUB2_C1_27,net of Swing Bed Cost,NUMERIC,D12D181,D12D181,02700,00100,COMPUTATION OF INPATIENT OPERATING COSTS - General Inpatient Routine Service Cost,COMPUTATION OF INPATIENT OPERATING COSTS,General Inpatient Routine Service Cost
D1_SUB2_C1_37,net of Swing Bed and Private Room Diff,NUMERIC,D12D181,D12D181,03700,00100,COMPUTATION OF INPATIENT OPERATING COSTS - General Inpatient Routine Service Cost,COMPUTATION OF INPATIENT OPERATING COSTS,General Inpatient Routine Service Cost
D1_SUB2_C1_41,Total Program General Inpatient Routine,NUMERIC,D12D181,D12D181,04100,00100,COMPUTATION OF INPATIENT OPERATING COSTS - General Inpatient Routine Service Cost,COMPUTATION OF INPATIENT OPERATING COSTS,nan
D1_SUB2_C1_48,Program Inpatient Ancillary Service Cost,NUMERIC,D12D181,D12D181,04800,00100,COMPUTATION OF INPATIENT OPERATING COSTS - General Inpatient Routine Service Cost,COMPUTATION OF INPATIENT OPERATING COSTS,nan
D1_SUB2_C1_49,Total Program Inpatient Costs,NUMERIC,D12D181,D12D181,04900,00100,COMPUTATION OF INPATIENT OPERATING COSTS - General Inpatient Routine Service Cost,COMPUTATION OF INPATIENT OPERATING COSTS,nan
D1_SUB2_C1_50,Pass through Cost for Program Inpatient,NUMERIC,D12D181,D12D181,05000,00100,COMPUTATION OF INPATIENT OPERATING COSTS - General Inpatient Routine Service Cost,COMPUTATION OF INPATIENT OPERATING COSTS,nan
D1_SUB2_C1_51,Pass Through Cost for  Program Ancillary,NUMERIC,D12D181,D12D181,05100,00100,COMPUTATION OF INPATIENT OPERATING COSTS - General Inpatient Routine Service Cost,COMPUTATION OF INPATIENT OPERATING COSTS,nan
D1_SUB2_C1_52,Total Program Excludable Costs,NUMERIC,D12D181,D12D181,05200,00100,COMPUTATION OF INPATIENT OPERATING COSTS - General Inpatient Routine Service Cost,COMPUTATION OF INPATIENT OPERATING COSTS,nan
D1_SUB2_C1_53,"Anesthetist, and Medical Education Costs",NUMERIC,D12D181,D12D181,05300,00100,COMPUTATION OF INPATIENT OPERATING COSTS - General Inpatient Routine Service Cost,COMPUTATION OF INPATIENT OPERATING COSTS,"Total Program Inpatient Operating Cost excluding Capital Related, Nonphysician"
D1_SUB2_C1_54,Program Discharges,NUMERIC,D12D181,D12D181,05400,00100,COMPUTATION OF INPATIENT OPERATING COSTS - General Inpatient Routine Service Cost,COMPUTATION OF INPATIENT OPERATING COSTS,nan
D1_SUB2_C1_55,Target Amount per Discharge,NUMERIC,D12D181,D12D181,05500,00100,COMPUTATION OF INPATIENT OPERATING COSTS - General Inpatient Routine Service Cost,COMPUTATION OF INPATIENT OPERATING COSTS,nan
D1_SUB2_C1_56,Target Amount,NUMERIC,D12D181,D12D181,05600,00100,COMPUTATION OF INPATIENT OPERATING COSTS - General Inpatient Routine Service Cost,COMPUTATION OF INPATIENT OPERATING COSTS,nan
D1_SUB2_C1_57,Operating Cost and Target Amount,NUMERIC,D12D181,D12D181,05700,00100,COMPUTATION OF INPATIENT OPERATING COSTS - General Inpatient Routine Service Cost,COMPUTATION OF INPATIENT OPERATING COSTS,Difference between Adjusted Inpatient
D1_SUB2_C1_58,Bonus Payment,NUMERIC,D12D181,D12D181,05800,00100,COMPUTATION OF INPATIENT OPERATING COSTS - General Inpatient Routine Service Cost,COMPUTATION OF INPATIENT OPERATING COSTS,nan
D1_SUB2_C1_63,Allowable Inpatient Cost Plus Incentive Payment,NUMERIC,D12D181,D12D181,06300,00100,COMPUTATION OF INPATIENT OPERATING COSTS - General Inpatient Routine Service Cost,COMPUTATION OF INPATIENT OPERATING COSTS,nan
D3_HOS_C1_77,Hospital | Line 77 | Col 1,NUMERIC,D30A180,D-3: Apportionment - Hospital,07700,00100,Total Charges,nan,nan
D3_HOS_C2_201,Negative Cost Centers,NUMERIC,D30A180,D-3: Apportionment - Hospital,20100,00200,Medicare Charges,INPATIENT ANCILLARY SERVICE COST APPORTIONMENT,nan
D3_HOS_C2_42,Subprovider I,NUMERIC,D30A180,D-3: Apportionment - Hospital,04200,00200,Medicare Charges,INPATIENT ANCILLARY SERVICE COST APPORTIONMENT,nan
D3_HOS_C2_4201,Subprovider II,NUMERIC,D30A180,D-3: Apportionment - Hospital,04201,00200,Medicare Charges,INPATIENT ANCILLARY SERVICE COST APPORTIONMENT,nan
D3_HOS_C2_43,Nursery,NUMERIC,D30A180,D-3: Apportionment - Hospital,04300,00200,Medicare Charges,INPATIENT ANCILLARY SERVICE COST APPORTIONMENT,nan
D3_HOS_C2_44,SNF,NUMERIC,D30A180,D-3: Apportionment - Hospital,04400,00200,Medicare Charges,INPATIENT ANCILLARY SERVICE COST APPORTIONMENT,nan
D3_HOS_C2_45,NF,NUMERIC,D30A180,D-3: Apportionment - Hospital,04500,00200,Medicare Charges,INPATIENT ANCILLARY SERVICE COST APPORTIONMENT,nan
D3_HOS_C2_4501,ICF,NUMERIC,D30A180,D-3: Apportionment - Hospital,04501,00200,Medicare Charges,INPATIENT ANCILLARY SERVICE COST APPORTIONMENT,nan
D3_HOS_C2_46,OLTC,NUMERIC,D30A180,D-3: Apportionment - Hospital,04600,00200,Medicare Charges,INPATIENT ANCILLARY SERVICE COST APPORTIONMENT,nan
D3_HOS_C2_61,PBP Clinical Lab Services Program Only,NUMERIC,D30A180,D-3: Apportionment - Hospital,06100,00200,Medicare Charges,INPATIENT ANCILLARY SERVICE COST APPORTIONMENT,nan
D3_HOS_C2_77,Hospital | Line 77 | Col 2,NUMERIC,D30A180,D-3: Apportionment - Hospital,07700,00200,Medicare Charges,nan,nan
D3_HOS_C2_94,Home Program Dialysis,NUMERIC,D30A180,D-3: Apportionment - Hospital,09400,00200,Medicare Charges,INPATIENT ANCILLARY SERVICE COST APPORTIONMENT,nan
D3_HOS_C2_95,Ambulance Services,NUMERIC,D30A180,D-3: Apportionment - Hospital,09500,00200,Medicare Charges,INPATIENT ANCILLARY SERVICE COST APPORTIONMENT,nan
D3_HOS_C3_30,Adults and Pediatrics,NUMERIC,D30A180,D-3: Apportionment - Hospital,03000,00300,Cost / Charge Ratio,INPATIENT ANCILLARY SERVICE COST APPORTIONMENT,nan
D3_HOS_C3_40,Subprovider-IPF,NUMERIC,D30A180,D-3: Apportionment - Hospital,04000,00300,Cost / Charge Ratio,INPATIENT ANCILLARY SERVICE COST APPORTIONMENT,nan
D3_HOS_C3_41,Subprovider-IRF,NUMERIC,D30A180,D-3: Apportionment - Hospital,04100,00300,Cost / Charge Ratio,INPATIENT ANCILLARY SERVICE COST APPORTIONMENT,nan
D3_HOS_C3_42,Subprovider I,NUMERIC,D30A180,D-3: Apportionment - Hospital,04200,00300,Cost / Charge Ratio,INPATIENT ANCILLARY SERVICE COST APPORTIONMENT,nan
D3_HOS_C3_4201,Subprovider II,NUMERIC,D30A180,D-3: Apportionment - Hospital,04201,00300,Cost / Charge Ratio,INPATIENT ANCILLARY SERVICE COST APPORTIONMENT,nan
D3_HOS_C3_43,Nursery,NUMERIC,D30A180,D-3: Apportionment - Hospital,04300,00300,Cost / Charge Ratio,INPATIENT ANCILLARY SERVICE COST APPORTIONMENT,nan
D3_HOS_C3_44,SNF,NUMERIC,D30A180,D-3: Apportionment - Hospital,04400,00300,Cost / Charge Ratio,INPATIENT ANCILLARY SERVICE COST APPORTIONMENT,nan
D3_HOS_C3_45,NF,NUMERIC,D30A180,D-3: Apportionment - Hospital,04500,00300,Cost / Charge Ratio,INPATIENT ANCILLARY SERVICE COST APPORTIONMENT,nan
D3_HOS_C3_4501,ICF,NUMERIC,D30A180,D-3: Apportionment - Hospital,04501,00300,Cost / Charge Ratio,INPATIENT ANCILLARY SERVICE COST APPORTIONMENT,nan
D3_HOS_C3_46,OLTC,NUMERIC,D30A180,D-3: Apportionment - Hospital,04600,00300,Cost / Charge Ratio,INPATIENT ANCILLARY SERVICE COST APPORTIONMENT,nan
D3_HOS_C3_61,PBP Clinical Lab Services Program Only,NUMERIC,D30A180,D-3: Apportionment - Hospital,06100,00300,Cost / Charge Ratio,INPATIENT ANCILLARY SERVICE COST APPORTIONMENT,nan
D3_HOS_C3_77,Hospital | Line 77 | Col 3,NUMERIC,D30A180,D-3: Apportionment - Hospital,07700,00300,Cost / Charge Ratio,nan,nan
D3_HOS_C3_94,Home Program Dialysis,NUMERIC,D30A180,D-3: Apportionment - Hospital,09400,00300,Cost / Charge Ratio,INPATIENT ANCILLARY SERVICE COST APPORTIONMENT,nan
D3_HOS_C3_95,Ambulance Services,NUMERIC,D30A180,D-3: Apportionment - Hospital,09500,00300,Cost / Charge Ratio,INPATIENT ANCILLARY SERVICE COST APPORTIONMENT,nan
D3_IPF_C2_41,Subprovider-IRF,NUMERIC,D30B180,D-3: Apportionment - IPF,04100,00200,Medicare Charges,INPATIENT ANCILLARY SERVICE COST APPORTIONMENT,nan
D3_IPF_C2_42,Subprovider I,NUMERIC,D30B180,D-3: Apportionment - IPF,04200,00200,Medicare Charges,INPATIENT ANCILLARY SERVICE COST APPORTIONMENT,nan
D3_IPF_C2_4201,Subprovider II,NUMERIC,D30B180,D-3: Apportionment - IPF,04201,00200,Medicare Charges,INPATIENT ANCILLARY SERVICE COST APPORTIONMENT,nan
D3_IPF_C2_43,Nursery,NUMERIC,D30B180,D-3: Apportionment - IPF,04300,00200,Medicare Charges,INPATIENT ANCILLARY SERVICE COST APPORTIONMENT,nan
D3_IPF_C2_44,SNF,NUMERIC,D30B180,D-3: Apportionment - IPF,04400,00200,Medicare Charges,INPATIENT ANCILLARY SERVICE COST APPORTIONMENT,nan
D3_IPF_C2_45,NF,NUMERIC,D30B180,D-3: Apportionment - IPF,04500,00200,Medicare Charges,INPATIENT ANCILLARY SERVICE COST APPORTIONMENT,nan
D3_IPF_C2_4501,ICF,NUMERIC,D30B180,D-3: Apportionment - IPF,04501,00200,Medicare Charges,INPATIENT ANCILLARY SERVICE COST APPORTIONMENT,nan
D3_IPF_C2_46,OLTC,NUMERIC,D30B180,D-3: Apportionment - IPF,04600,00200,Medicare Charges,INPATIENT ANCILLARY SERVICE COST APPORTIONMENT,nan
D3_IPF_C2_61,PBP Clinical Lab Services Program Only,NUMERIC,D30B180,D-3: Apportionment - IPF,06100,00200,Medicare Charges,INPATIENT ANCILLARY SERVICE COST APPORTIONMENT,nan
D3_IPF_C2_94,Home Program Dialysis,NUMERIC,D30B180,D-3: Apportionment - IPF,09400,00200,Medicare Charges,INPATIENT ANCILLARY SERVICE COST APPORTIONMENT,nan
D3_IPF_C2_95,Ambulance Services,NUMERIC,D30B180,D-3: Apportionment - IPF,09500,00200,Medicare Charges,INPATIENT ANCILLARY SERVICE COST APPORTIONMENT,nan
D3_IPF_C3_40,Subprovider-IPF,NUMERIC,D30B180,D-3: Apportionment - IPF,04000,00300,Cost / Charge Ratio,INPATIENT ANCILLARY SERVICE COST APPORTIONMENT,nan
D3_IPF_C3_41,Subprovider-IRF,NUMERIC,D30B180,D-3: Apportionment - IPF,04100,00300,Cost / Charge Ratio,INPATIENT ANCILLARY SERVICE COST APPORTIONMENT,nan
D3_IPF_C3_42,Subprovider I,NUMERIC,D30B180,D-3: Apportionment - IPF,04200,00300,Cost / Charge Ratio,INPATIENT ANCILLARY SERVICE COST APPORTIONMENT,nan
D3_IPF_C3_4201,Subprovider II,NUMERIC,D30B180,D-3: Apportionment - IPF,04201,00300,Cost / Charge Ratio,INPATIENT ANCILLARY SERVICE COST APPORTIONMENT,nan
D3_IPF_C3_43,Nursery,NUMERIC,D30B180,D-3: Apportionment - IPF,04300,00300,Cost / Charge Ratio,INPATIENT ANCILLARY SERVICE COST APPORTIONMENT,nan
D3_IPF_C3_44,SNF,NUMERIC,D30B180,D-3: Apportionment - IPF,04400,00300,Cost / Charge Ratio,INPATIENT ANCILLARY SERVICE COST APPORTIONMENT,nan
D3_IPF_C3_45,NF,NUMERIC,D30B180,D-3: Apportionment - IPF,04500,00300,Cost / Charge Ratio,INPATIENT ANCILLARY SERVICE COST APPORTIONMENT,nan
D3_IPF_C3_4501,ICF,NUMERIC,D30B180,D-3: Apportionment - IPF,04501,00300,Cost / Charge Ratio,INPATIENT ANCILLARY SERVICE COST APPORTIONMENT,nan
D3_IPF_C3_46,OLTC,NUMERIC,D30B180,D-3: Apportionment - IPF,04600,00300,Cost / Charge Ratio,INPATIENT ANCILLARY SERVICE COST APPORTIONMENT,nan
D3_IPF_C3_61,PBP Clinical Lab Services Program Only,NUMERIC,D30B180,D-3: Apportionment - IPF,06100,00300,Cost / Charge Ratio,INPATIENT ANCILLARY SERVICE COST APPORTIONMENT,nan
D3_IPF_C3_94,Home Program Dialysis,NUMERIC,D30B180,D-3: Apportionment - IPF,09400,00300,Cost / Charge Ratio,INPATIENT ANCILLARY SERVICE COST APPORTIONMENT,nan
D3_IPF_C3_95,Ambulance Services,NUMERIC,D30B180,D-3: Apportionment - IPF,09500,00300,Cost / Charge Ratio,INPATIENT ANCILLARY SERVICE COST APPORTIONMENT,nan
D3_IRF_C2_40,Subprovider-IRF,NUMERIC,D30C180,D-3: Apportionment - IRF,04000,00200,Medicare Charges,INPATIENT ANCILLARY SERVICE COST APPORTIONMENT,nan
D3_IRF_C2_42,Subprovider I,NUMERIC,D30C180,D-3: Apportionment - IRF,04200,00200,Medicare Charges,INPATIENT ANCILLARY SERVICE COST APPORTIONMENT,nan
D3_IRF_C2_4201,Subprovider II,NUMERIC,D30C180,D-3: Apportionment - IRF,04201,00200,Medicare Charges,INPATIENT ANCILLARY SERVICE COST APPORTIONMENT,nan
D3_IRF_C2_43,Nursery,NUMERIC,D30C180,D-3: Apportionment - IRF,04300,00200,Medicare Charges,INPATIENT ANCILLARY SERVICE COST APPORTIONMENT,nan
D3_IRF_C2_44,SNF,NUMERIC,D30C180,D-3: Apportionment - IRF,04400,00200,Medicare Charges,INPATIENT ANCILLARY SERVICE COST APPORTIONMENT,nan
D3_IRF_C2_45,NF,NUMERIC,D30C180,D-3: Apportionment - IRF,04500,00200,Medicare Charges,INPATIENT ANCILLARY SERVICE COST APPORTIONMENT,nan
D3_IRF_C2_4501,ICF,NUMERIC,D30C180,D-3: Apportionment - IRF,04501,00200,Medicare Charges,INPATIENT ANCILLARY SERVICE COST APPORTIONMENT,nan
D3_IRF_C2_46,OLTC,NUMERIC,D30C180,D-3: Apportionment - IRF,04600,00200,Medicare Charges,INPATIENT ANCILLARY SERVICE COST APPORTIONMENT,nan
D3_IRF_C2_61,PBP Clinical Lab Services Program Only,NUMERIC,D30C180,D-3: Apportionment - IRF,06100,00200,Medicare Charges,INPATIENT ANCILLARY SERVICE COST APPORTIONMENT,nan
D3_IRF_C2_94,Home Program Dialysis,NUMERIC,D30C180,D-3: Apportionment - IRF,09400,00200,Medicare Charges,INPATIENT ANCILLARY SERVICE COST APPORTIONMENT,nan
D3_IRF_C2_95,Ambulance Services,NUMERIC,D30C180,D-3: Apportionment - IRF,09500,00200,Medicare Charges,INPATIENT ANCILLARY SERVICE COST APPORTIONMENT,nan
D3_IRF_C3_40,Subprovider-IRF,NUMERIC,D30C180,D-3: Apportionment - IRF,04000,00300,Cost / Charge Ratio,INPATIENT ANCILLARY SERVICE COST APPORTIONMENT,nan
D3_IRF_C3_41,Subprovider-IRF,NUMERIC,D30C180,D-3: Apportionment - IRF,04100,00300,Cost / Charge Ratio,INPATIENT ANCILLARY SERVICE COST APPORTIONMENT,nan
D3_IRF_C3_42,Subprovider I,NUMERIC,D30C180,D-3: Apportionment - IRF,04200,00300,Cost / Charge Ratio,INPATIENT ANCILLARY SERVICE COST APPORTIONMENT,nan
D3_IRF_C3_4201,Subprovider II,NUMERIC,D30C180,D-3: Apportionment - IRF,04201,00300,Cost / Charge Ratio,INPATIENT ANCILLARY SERVICE COST APPORTIONMENT,nan
D3_IRF_C3_43,Nursery,NUMERIC,D30C180,D-3: Apportionment - IRF,04300,00300,Cost / Charge Ratio,INPATIENT ANCILLARY SERVICE COST APPORTIONMENT,nan
D3_IRF_C3_44,SNF,NUMERIC,D30C180,D-3: Apportionment - IRF,04400,00300,Cost / Charge Ratio,INPATIENT ANCILLARY SERVICE COST APPORTIONMENT,nan
D3_IRF_C3_45,NF,NUMERIC,D30C180,D-3: Apportionment - IRF,04500,00300,Cost / Charge Ratio,INPATIENT ANCILLARY SERVICE COST APPORTIONMENT,nan
D3_IRF_C3_4501,ICF,NUMERIC,D30C180,D-3: Apportionment - IRF,04501,00300,Cost / Charge Ratio,INPATIENT ANCILLARY SERVICE COST APPORTIONMENT,nan
D3_IRF_C3_46,OLTC,NUMERIC,D30C180,D-3: Apportionment - IRF,04600,00300,Cost / Charge Ratio,INPATIENT ANCILLARY SERVICE COST APPORTIONMENT,nan
D3_IRF_C3_61,PBP Clinical Lab Services Program Only,NUMERIC,D30C180,D-3: Apportionment - IRF,06100,00300,Cost / Charge Ratio,INPATIENT ANCILLARY SERVICE COST APPORTIONMENT,nan
D3_IRF_C3_94,Home Program Dialysis,NUMERIC,D30C180,D-3: Apportionment - IRF,09400,00300,Cost / Charge Ratio,INPATIENT ANCILLARY SERVICE COST APPORTIONMENT,nan
D3_IRF_C3_95,Ambulance Services,NUMERIC,D30C180,D-3: Apportionment - IRF,09500,00300,Cost / Charge Ratio,INPATIENT ANCILLARY SERVICE COST APPORTIONMENT,nan
D3_SNF_C2_201,Negative Cost Centers,NUMERIC,D30E180,D-3: Apportionment - SNF,20100,00200,Medicare Charges,INPATIENT ANCILLARY SERVICE COST APPORTIONMENT,nan
D3_SNF_C2_30,Adults and Pediatrics,NUMERIC,D30E180,D-3: Apportionment - SNF,03000,00200,Medicare Charges,INPATIENT ANCILLARY SERVICE COST APPORTIONMENT,nan
D3_SNF_C2_40,Subprovider-IPF,NUMERIC,D30E180,D-3: Apportionment - SNF,04000,00200,Medicare Charges,INPATIENT ANCILLARY SERVICE COST APPORTIONMENT,nan
D3_SNF_C2_41,Subprovider-IRF,NUMERIC,D30E180,D-3: Apportionment - SNF,04100,00200,Medicare Charges,INPATIENT ANCILLARY SERVICE COST APPORTIONMENT,nan
D3_SNF_C2_42,Subprovider I,NUMERIC,D30E180,D-3: Apportionment - SNF,04200,00200,Medicare Charges,INPATIENT ANCILLARY SERVICE COST APPORTIONMENT,nan
D3_SNF_C2_4201,Subprovider II,NUMERIC,D30E180,D-3: Apportionment - SNF,04201,00200,Medicare Charges,INPATIENT ANCILLARY SERVICE COST APPORTIONMENT,nan
D3_SNF_C2_43,Nursery,NUMERIC,D30E180,D-3: Apportionment - SNF,04300,00200,Medicare Charges,INPATIENT ANCILLARY SERVICE COST APPORTIONMENT,nan
D3_SNF_C2_44,SNF,NUMERIC,D30E180,D-3: Apportionment - SNF,04400,00200,Medicare Charges,INPATIENT ANCILLARY SERVICE COST APPORTIONMENT,nan
D3_SNF_C2_45,NF,NUMERIC,D30E180,D-3: Apportionment - SNF,04500,00200,Medicare Charges,INPATIENT ANCILLARY SERVICE COST APPORTIONMENT,nan
D3_SNF_C2_4501,ICF,NUMERIC,D30E180,D-3: Apportionment - SNF,04501,00200,Medicare Charges,INPATIENT ANCILLARY SERVICE COST APPORTIONMENT,nan
D3_SNF_C2_46,OLTC,NUMERIC,D30E180,D-3: Apportionment - SNF,04600,00200,Medicare Charges,INPATIENT ANCILLARY SERVICE COST APPORTIONMENT,nan
D3_SNF_C2_61,PBP Clinical Lab Services Program Only,NUMERIC,D30E180,D-3: Apportionment - SNF,06100,00200,Medicare Charges,INPATIENT ANCILLARY SERVICE COST APPORTIONMENT,nan
D3_SNF_C2_74,Renal Dialysis,NUMERIC,D30E180,D-3: Apportionment - SNF,07400,00200,Medicare Charges,INPATIENT ANCILLARY SERVICE COST APPORTIONMENT,nan
D3_SNF_C2_94,Home Program Dialysis,NUMERIC,D30E180,D-3: Apportionment - SNF,09400,00200,Medicare Charges,INPATIENT ANCILLARY SERVICE COST APPORTIONMENT,nan
D3_SNF_C2_95,Ambulance Services,NUMERIC,D30E180,D-3: Apportionment - SNF,09500,00200,Medicare Charges,INPATIENT ANCILLARY SERVICE COST APPORTIONMENT,nan
D3_SNF_C3_30,Adults and Pediatrics,NUMERIC,D30E180,D-3: Apportionment - SNF,03000,00300,Cost / Charge Ratio,INPATIENT ANCILLARY SERVICE COST APPORTIONMENT,nan
D3_SNF_C3_40,Subprovider-IPF,NUMERIC,D30E180,D-3: Apportionment - SNF,04000,00300,Cost / Charge Ratio,INPATIENT ANCILLARY SERVICE COST APPORTIONMENT,nan
D3_SNF_C3_41,Subprovider-IRF,NUMERIC,D30E180,D-3: Apportionment - SNF,04100,00300,Cost / Charge Ratio,INPATIENT ANCILLARY SERVICE COST APPORTIONMENT,nan
D3_SNF_C3_42,Subprovider I,NUMERIC,D30E180,D-3: Apportionment - SNF,04200,00300,Cost / Charge Ratio,INPATIENT ANCILLARY SERVICE COST APPORTIONMENT,nan
D3_SNF_C3_4201,Subprovider II,NUMERIC,D30E180,D-3: Apportionment - SNF,04201,00300,Cost / Charge Ratio,INPATIENT ANCILLARY SERVICE COST APPORTIONMENT,nan
D3_SNF_C3_43,Nursery,NUMERIC,D30E180,D-3: Apportionment - SNF,04300,00300,Cost / Charge Ratio,INPATIENT ANCILLARY SERVICE COST APPORTIONMENT,nan
D3_SNF_C3_44,SNF,NUMERIC,D30E180,D-3: Apportionment - SNF,04400,00300,Cost / Charge Ratio,INPATIENT ANCILLARY SERVICE COST APPORTIONMENT,nan
D3_SNF_C3_45,NF,NUMERIC,D30E180,D-3: Apportionment - SNF,04500,00300,Cost / Charge Ratio,INPATIENT ANCILLARY SERVICE COST APPORTIONMENT,nan
D3_SNF_C3_4501,ICF,NUMERIC,D30E180,D-3: Apportionment - SNF,04501,00300,Cost / Charge Ratio,INPATIENT ANCILLARY SERVICE COST APPORTIONMENT,nan
D3_SNF_C3_46,OLTC,NUMERIC,D30E180,D-3: Apportionment - SNF,04600,00300,Cost / Charge Ratio,INPATIENT ANCILLARY SERVICE COST APPORTIONMENT,nan
D3_SNF_C3_61,PBP Clinical Lab Services Program Only,NUMERIC,D30E180,D-3: Apportionment - SNF,06100,00300,Cost / Charge Ratio,INPATIENT ANCILLARY SERVICE COST APPORTIONMENT,nan
D3_SNF_C3_74,Renal Dialysis,NUMERIC,D30E180,D-3: Apportionment - SNF,07400,00300,Cost / Charge Ratio,INPATIENT ANCILLARY SERVICE COST APPORTIONMENT,nan
D3_SNF_C3_94,Home Program Dialysis,NUMERIC,D30E180,D-3: Apportionment - SNF,09400,00300,Cost / Charge Ratio,INPATIENT ANCILLARY SERVICE COST APPORTIONMENT,nan
D3_SNF_C3_95,Ambulance Services,NUMERIC,D30E180,D-3: Apportionment - SNF,09500,00300,Cost / Charge Ratio,INPATIENT ANCILLARY SERVICE COST APPORTIONMENT,nan
D3_SUB1_C3_200,TOTAL,NUMERIC,D31D180,D-3: Apportionment - Subprovider 1,20000,00300,Cost / Charge Ratio,INPATIENT ANCILLARY SERVICE COST APPORTIONMENT,nan
D3_SUB1_C3_40,Subprovider-SUB1,NUMERIC,D31D180,D-3: Apportionment - Subprovider 1,04000,00300,Cost / Charge Ratio,INPATIENT ANCILLARY SERVICE COST APPORTIONMENT,nan
D3_SUB1_C3_41,Subprovider-SUB1,NUMERIC,D31D180,D-3: Apportionment - Subprovider 1,04100,00300,Cost / Charge Ratio,INPATIENT ANCILLARY SERVICE COST APPORTIONMENT,nan
D3_SUB1_C3_42,Subprovider I,NUMERIC,D31D180,D-3: Apportionment - Subprovider 1,04200,00300,Cost / Charge Ratio,INPATIENT ANCILLARY SERVICE COST APPORTIONMENT,nan
D3_SUB1_C3_4201,Subprovider II,NUMERIC,D31D180,D-3: Apportionment - Subprovider 1,04201,00300,Cost / Charge Ratio,INPATIENT ANCILLARY SERVICE COST APPORTIONMENT,nan
D3_SUB1_C3_43,Nursery,NUMERIC,D31D180,D-3: Apportionment - Subprovider 1,04300,00300,Cost / Charge Ratio,INPATIENT ANCILLARY SERVICE COST APPORTIONMENT,nan
D3_SUB1_C3_44,SNF,NUMERIC,D31D180,D-3: Apportionment - Subprovider 1,04400,00300,Cost / Charge Ratio,INPATIENT ANCILLARY SERVICE COST APPORTIONMENT,nan
D3_SUB1_C3_45,NF,NUMERIC,D31D180,D-3: Apportionment - Subprovider 1,04500,00300,Cost / Charge Ratio,INPATIENT ANCILLARY SERVICE COST APPORTIONMENT,nan
D3_SUB1_C3_4501,ICF,NUMERIC,D31D180,D-3: Apportionment - Subprovider 1,04501,00300,Cost / Charge Ratio,INPATIENT ANCILLARY SERVICE COST APPORTIONMENT,nan
D3_SUB1_C3_46,OLTC,NUMERIC,D31D180,D-3: Apportionment - Subprovider 1,04600,00300,Cost / Charge Ratio,INPATIENT ANCILLARY SERVICE COST APPORTIONMENT,nan
D3_SUB1_C3_61,PBP Clinical Lab Services Program Only,NUMERIC,D31D180,D-3: Apportionment - Subprovider 1,06100,00300,Cost / Charge Ratio,INPATIENT ANCILLARY SERVICE COST APPORTIONMENT,nan
D3_SUB1_C3_74,Renal Dialysis,NUMERIC,D31D180,D-3: Apportionment - Subprovider 1,07400,00300,Cost / Charge Ratio,INPATIENT ANCILLARY SERVICE COST APPORTIONMENT,nan
D3_SUB1_C3_94,Home Program Dialysis,NUMERIC,D31D180,D-3: Apportionment - Subprovider 1,09400,00300,Cost / Charge Ratio,INPATIENT ANCILLARY SERVICE COST APPORTIONMENT,nan
D3_SUB1_C3_95,Ambulance Services,NUMERIC,D31D180,D-3: Apportionment - Subprovider 1,09500,00300,Cost / Charge Ratio,INPATIENT ANCILLARY SERVICE COST APPORTIONMENT,nan
D3_SUB2_C3_200,TOTAL,NUMERIC,D32D180,D-3: Apportionment - Subprovider 2,20000,00300,Cost / Charge Ratio,INPATIENT ANCILLARY SERVICE COST APPORTIONMENT,nan
D3_SUB2_C3_40,Subprovider-SUB2,NUMERIC,D32D180,D-3: Apportionment - Subprovider 2,04000,00300,Cost / Charge Ratio,INPATIENT ANCILLARY SERVICE COST APPORTIONMENT,nan
D3_SUB2_C3_41,Subprovider-SUB2,NUMERIC,D32D180,D-3: Apportionment - Subprovider 2,04100,00300,Cost / Charge Ratio,INPATIENT ANCILLARY SERVICE COST APPORTIONMENT,nan
D3_SUB2_C3_42,Subprovider I,NUMERIC,D32D180,D-3: Apportionment - Subprovider 2,04200,00300,Cost / Charge Ratio,INPATIENT ANCILLARY SERVICE COST APPORTIONMENT,nan
D3_SUB2_C3_4201,Subprovider II,NUMERIC,D32D180,D-3: Apportionment - Subprovider 2,04201,00300,Cost / Charge Ratio,INPATIENT ANCILLARY SERVICE COST APPORTIONMENT,nan
D3_SUB2_C3_43,Nursery,NUMERIC,D32D180,D-3: Apportionment - Subprovider 2,04300,00300,Cost / Charge Ratio,INPATIENT ANCILLARY SERVICE COST APPORTIONMENT,nan
D3_SUB2_C3_44,SNF,NUMERIC,D32D180,D-3: Apportionment - Subprovider 2,04400,00300,Cost / Charge Ratio,INPATIENT ANCILLARY SERVICE COST APPORTIONMENT,nan
D3_SUB2_C3_45,NF,NUMERIC,D32D180,D-3: Apportionment - Subprovider 2,04500,00300,Cost / Charge Ratio,INPATIENT ANCILLARY SERVICE COST APPORTIONMENT,nan
D3_SUB2_C3_4501,ICF,NUMERIC,D32D180,D-3: Apportionment - Subprovider 2,04501,00300,Cost / Charge Ratio,INPATIENT ANCILLARY SERVICE COST APPORTIONMENT,nan
D3_SUB2_C3_46,OLTC,NUMERIC,D32D180,D-3: Apportionment - Subprovider 2,04600,00300,Cost / Charge Ratio,INPATIENT ANCILLARY SERVICE COST APPORTIONMENT,nan
D3_SUB2_C3_61,PBP Clinical Lab Services Program Only,NUMERIC,D32D180,D-3: Apportionment - Subprovider 2,06100,00300,Cost / Charge Ratio,INPATIENT ANCILLARY SERVICE COST APPORTIONMENT,nan
D3_SUB2_C3_74,Renal Dialysis,NUMERIC,D32D180,D-3: Apportionment - Subprovider 2,07400,00300,Cost / Charge Ratio,INPATIENT ANCILLARY SERVICE COST APPORTIONMENT,nan
D3_SUB2_C3_94,Home Program Dialysis,NUMERIC,D32D180,D-3: Apportionment - Subprovider 2,09400,00300,Cost / Charge Ratio,INPATIENT ANCILLARY SERVICE COST APPORTIONMENT,nan
D3_SUB2_C3_95,Ambulance Services,NUMERIC,D32D180,D-3: Apportionment - Subprovider 2,09500,00300,Cost / Charge Ratio,INPATIENT ANCILLARY SERVICE COST APPORTIONMENT,nan
D4_HEART_C1_69,Organ Procurement,NUMERIC,D4H0000,D-4: Organ Acquisition - Heart,06900,00100,,,
D4_INTESTINE_C1_69,Organ Procurement,NUMERIC,D4I0000,D-4: Organ Acquisition - Intestine,06900,00100,STATEMENT OF REVENUES AND EXPENSES,,
D4_ISLET_C1_69,Organ Procurement,NUMERIC,D4S0000,D-4: Organ Acquisition - Islet,06900,00100,,,
D4_KIDNEY_C1_69,Organ Procurement,NUMERIC,D4K0000,D-4: Organ Acquisition - Kidney,06900,00100,,,
D4_LIVER_C1_69,Organ Procurement,NUMERIC,D4L0000,D-4: Organ Acquisition - Liver,06900,00100,,,
D4_LUNG_C1_69,Organ Procurement,NUMERIC,D4P0000,D-4: Organ Acquisition - Lung,06900,00100,,,
D4_PANCREAS_C1_69,Organ Procurement,NUMERIC,D4N0000,D-4: Organ Acquisition - Pancreas,06900,00100,,,
D_1_HOS_C4_42,Subprovider I,NUMERIC,D00A181,"D, Part I: Apportionment - Hospital",04200,00400,Title XVIII Days,APPORTIONMENT OF INPATIENT ROUTINE SERVICE CAPITAL COSTS,nan
D_1_HOS_C4_4201,Subprovider II,NUMERIC,D00A181,"D, Part I: Apportionment - Hospital",04201,00400,Title XVIII Days,APPORTIONMENT OF INPATIENT ROUTINE SERVICE CAPITAL COSTS,nan
D_1_HOS_C6_42,Subprovider I,NUMERIC,D00A181,"D, Part I: Apportionment - Hospital",04200,00600,Title XVIII Discharges,APPORTIONMENT OF INPATIENT ROUTINE SERVICE CAPITAL COSTS,nan
D_1_HOS_C6_4201,Subprovider II,NUMERIC,D00A181,"D, Part I: Apportionment - Hospital",04201,00600,Title XVIII Discharges,APPORTIONMENT OF INPATIENT ROUTINE SERVICE CAPITAL COSTS,nan
D_1_HOS_C6_43,Nursery,NUMERIC,D00A181,"D, Part I: Apportionment - Hospital",04300,00600,Title XVIII Discharges,APPORTIONMENT OF INPATIENT ROUTINE SERVICE CAPITAL COSTS,nan
D_1_HOS_C7_42,Subprovider I,NUMERIC,D00A181,"D, Part I: Apportionment - Hospital",04200,00700,Total Days,APPORTIONMENT OF INPATIENT ROUTINE SERVICE CAPITAL COSTS,nan
D_1_HOS_C7_4201,Subprovider II,NUMERIC,D00A181,"D, Part I: Apportionment - Hospital",04201,00700,Total Days,APPORTIONMENT OF INPATIENT ROUTINE SERVICE CAPITAL COSTS,nan
D_1_HOS_C7_43,Nursery,NUMERIC,D00A181,"D, Part I: Apportionment - Hospital",04300,00700,Total Days,APPORTIONMENT OF INPATIENT ROUTINE SERVICE CAPITAL COSTS,nan
D_2_HOS_C5_61,Hospital | Line 61 | Col 5,NUMERIC,D00A182,"D, Part II: Apportionment - Hospital",06100,00500,Settlement Amount,nan,nan
D_2_HOS_C5_94,Hospital | Line 94 | Col 5,NUMERIC,D00A182,"D, Part II: Apportionment - Hospital",09400,00500,Settlement Amount,nan,nan
D_2_HOS_C5_95,Hospital | Line 95 | Col 5,NUMERIC,D00A182,"D, Part II: Apportionment - Hospital",09500,00500,Settlement Amount,nan,nan
D_2_IPF_C5_61,Inpatient Psychiatric Facility | Line 61 | Col 5,NUMERIC,D00B182,"D, Part II: Apportionment - IPF",06100,00500,Settlement Amount,APPORTIONMENT OF INPATIENT ANCILLARY SERVICE CAPITAL COSTS,nan
D_2_IPF_C5_92,Inpatient Psychiatric Facility | Line 92 | Col 5,NUMERIC,D00B182,"D, Part II: Apportionment - IPF",09200,00500,Settlement Amount,APPORTIONMENT OF INPATIENT ANCILLARY SERVICE CAPITAL COSTS,nan
D_2_IPF_C5_94,Inpatient Psychiatric Facility | Line 94 | Col 5,NUMERIC,D00B182,"D, Part II: Apportionment - IPF",09400,00500,Settlement Amount,APPORTIONMENT OF INPATIENT ANCILLARY SERVICE CAPITAL COSTS,nan
D_2_IPF_C5_95,Inpatient Psychiatric Facility | Line 95 | Col 5,NUMERIC,D00B182,"D, Part II: Apportionment - IPF",09500,00500,Settlement Amount,APPORTIONMENT OF INPATIENT ANCILLARY SERVICE CAPITAL COSTS,nan
D_2_IRF_C5_61,Inpatient Rehabilitation Facility | Line 61 | Col 5,NUMERIC,D00C182,"D, Part II: Apportionment - IRF",06100,00500,Settlement Amount,APPORTIONMENT OF INPATIENT ANCILLARY SERVICE CAPITAL COSTS,nan
D_2_IRF_C5_92,Inpatient Rehabilitation Facility | Line 92 | Col 5,NUMERIC,D00C182,"D, Part II: Apportionment - IRF",09200,00500,Settlement Amount,APPORTIONMENT OF INPATIENT ANCILLARY SERVICE CAPITAL COSTS,nan
D_2_IRF_C5_94,Inpatient Rehabilitation Facility | Line 94 | Col 5,NUMERIC,D00C182,"D, Part II: Apportionment - IRF",09400,00500,Settlement Amount,APPORTIONMENT OF INPATIENT ANCILLARY SERVICE CAPITAL COSTS,nan
D_2_IRF_C5_95,Inpatient Rehabilitation Facility | Line 95 | Col 5,NUMERIC,D00C182,"D, Part II: Apportionment - IRF",09500,00500,Settlement Amount,APPORTIONMENT OF INPATIENT ANCILLARY SERVICE CAPITAL COSTS,nan
D_2_SUB1_C5_200,Total Salaries,NUMERIC,D01D182,"D, Part II: Apportionment - Subprovider 1",20000,00500,Settlement Amount,APPORTIONMENT OF INPATIENT ANCILLARY SERVICE CAPITAL COSTS,nan
D_2_SUB1_C5_61,Subprovider 1 | Line 61 | Col 5,NUMERIC,D01D182,"D, Part II: Apportionment - Subprovider 1",06100,00500,Settlement Amount,APPORTIONMENT OF INPATIENT ANCILLARY SERVICE CAPITAL COSTS,nan
D_2_SUB1_C5_74,Subprovider 1 | Line 74 | Col 5,NUMERIC,D01D182,"D, Part II: Apportionment - Subprovider 1",07400,00500,Settlement Amount,APPORTIONMENT OF INPATIENT ANCILLARY SERVICE CAPITAL COSTS,nan
D_2_SUB1_C5_92,Subprovider 1 | Line 92 | Col 5,NUMERIC,D01D182,"D, Part II: Apportionment - Subprovider 1",09200,00500,Settlement Amount,APPORTIONMENT OF INPATIENT ANCILLARY SERVICE CAPITAL COSTS,nan
D_2_SUB1_C5_94,Subprovider 1 | Line 94 | Col 5,NUMERIC,D01D182,"D, Part II: Apportionment - Subprovider 1",09400,00500,Settlement Amount,APPORTIONMENT OF INPATIENT ANCILLARY SERVICE CAPITAL COSTS,nan
D_2_SUB1_C5_95,Subprovider 1 | Line 95 | Col 5,NUMERIC,D01D182,"D, Part II: Apportionment - Subprovider 1",09500,00500,Settlement Amount,APPORTIONMENT OF INPATIENT ANCILLARY SERVICE CAPITAL COSTS,nan
D_2_SUB2_C5_200,Total Salaries,NUMERIC,D02D182,"D, Part II: Apportionment - Subprovider 2",20000,00500,Settlement Amount,APPORTIONMENT OF INPATIENT ANCILLARY SERVICE CAPITAL COSTS,nan
D_2_SUB2_C5_61,Subprovider 2 | Line 61 | Col 5,NUMERIC,D02D182,"D, Part II: Apportionment - Subprovider 2",06100,00500,Settlement Amount,APPORTIONMENT OF INPATIENT ANCILLARY SERVICE CAPITAL COSTS,nan
D_2_SUB2_C5_74,Subprovider 2 | Line 74 | Col 5,NUMERIC,D02D182,"D, Part II: Apportionment - Subprovider 2",07400,00500,Settlement Amount,APPORTIONMENT OF INPATIENT ANCILLARY SERVICE CAPITAL COSTS,nan
D_2_SUB2_C5_92,Subprovider 2 | Line 92 | Col 5,NUMERIC,D02D182,"D, Part II: Apportionment - Subprovider 2",09200,00500,Settlement Amount,APPORTIONMENT OF INPATIENT ANCILLARY SERVICE CAPITAL COSTS,nan
D_2_SUB2_C5_94,Subprovider 2 | Line 94 | Col 5,NUMERIC,D02D182,"D, Part II: Apportionment - Subprovider 2",09400,00500,Settlement Amount,APPORTIONMENT OF INPATIENT ANCILLARY SERVICE CAPITAL COSTS,nan
D_2_SUB2_C5_95,Subprovider 2 | Line 95 | Col 5,NUMERIC,D02D182,"D, Part II: Apportionment - Subprovider 2",09500,00500,Settlement Amount,APPORTIONMENT OF INPATIENT ANCILLARY SERVICE CAPITAL COSTS,nan
D_3_HOS_C3_200,Total Other Medical Education Cost,NUMERIC,D00A183,"D, Part III: Apportionment - Hospital",20000,00300,APPORTIONMENT OF INPATIENT ROUTINE SERVICE OTHER PASS THROUGH COSTS,APPORTIONMENT OF INPATIENT ROUTINE SERVICE OTHER PASS THROUGH COSTS,nan
D_3_HOS_C9_42,Subprovider I,NUMERIC,D00A183,"D, Part III: Apportionment - Hospital",04200,00900,APPORTIONMENT OF INPATIENT ROUTINE SERVICE OTHER PASS THROUGH COSTS,APPORTIONMENT OF INPATIENT ROUTINE SERVICE OTHER PASS THROUGH COSTS,nan
D_3_HOS_C9_4201,Subprovider II,NUMERIC,D00A183,"D, Part III: Apportionment - Hospital",04201,00900,APPORTIONMENT OF INPATIENT ROUTINE SERVICE OTHER PASS THROUGH COSTS,APPORTIONMENT OF INPATIENT ROUTINE SERVICE OTHER PASS THROUGH COSTS,nan
D_3_HOS_C9_43,Nursery,NUMERIC,D00A183,"D, Part III: Apportionment - Hospital",04300,00900,APPORTIONMENT OF INPATIENT ROUTINE SERVICE OTHER PASS THROUGH COSTS,APPORTIONMENT OF INPATIENT ROUTINE SERVICE OTHER PASS THROUGH COSTS,nan
D_3_HOS_C9_44,SNF,NUMERIC,D00A183,"D, Part III: Apportionment - Hospital",04400,00900,APPORTIONMENT OF INPATIENT ROUTINE SERVICE OTHER PASS THROUGH COSTS,APPORTIONMENT OF INPATIENT ROUTINE SERVICE OTHER PASS THROUGH COSTS,nan
D_3_HOS_C9_45,NF,NUMERIC,D00A183,"D, Part III: Apportionment - Hospital",04500,00900,APPORTIONMENT OF INPATIENT ROUTINE SERVICE OTHER PASS THROUGH COSTS,APPORTIONMENT OF INPATIENT ROUTINE SERVICE OTHER PASS THROUGH COSTS,nan
D_3_HOS_C9_4501,ICF/MR,NUMERIC,D00A183,"D, Part III: Apportionment - Hospital",04501,00900,APPORTIONMENT OF INPATIENT ROUTINE SERVICE OTHER PASS THROUGH COSTS,APPORTIONMENT OF INPATIENT ROUTINE SERVICE OTHER PASS THROUGH COSTS,nan
D_4_HOS_C11_61,PBP Clinical Lab Services Program Only,NUMERIC,D00A184,"D, Part IV: Apportionment - Hospital",06100,01100,Net Settlement Amount,APPORTIONMENT OF INPATIENT/OUTPATIENT ANCILLARY SERVICE OTHER PASS THROUGH COSTS,nan
D_4_HOS_C11_94,Home Program Dialysis,NUMERIC,D00A184,"D, Part IV: Apportionment - Hospital",09400,01100,Net Settlement Amount,APPORTIONMENT OF INPATIENT/OUTPATIENT ANCILLARY SERVICE OTHER PASS THROUGH COSTS,nan
D_4_HOS_C11_95,Ambulance Services,NUMERIC,D00A184,"D, Part IV: Apportionment - Hospital",09500,01100,Net Settlement Amount,APPORTIONMENT OF INPATIENT/OUTPATIENT ANCILLARY SERVICE OTHER PASS THROUGH COSTS,nan
D_4_HOS_C12_61,PBP Clinical Lab Services Program Only,NUMERIC,D00A184,"D, Part IV: Apportionment - Hospital",06100,01200,Amount Due To/From Provider,APPORTIONMENT OF INPATIENT/OUTPATIENT ANCILLARY SERVICE OTHER PASS THROUGH COSTS,nan
D_4_HOS_C12_94,Home Program Dialysis,NUMERIC,D00A184,"D, Part IV: Apportionment - Hospital",09400,01200,Amount Due To/From Provider,APPORTIONMENT OF INPATIENT/OUTPATIENT ANCILLARY SERVICE OTHER PASS THROUGH COSTS,nan
D_4_HOS_C12_95,Ambulance Services,NUMERIC,D00A184,"D, Part IV: Apportionment - Hospital",09500,01200,Amount Due To/From Provider,APPORTIONMENT OF INPATIENT/OUTPATIENT ANCILLARY SERVICE OTHER PASS THROUGH COSTS,nan
D_4_HOS_C13_61,PBP Clinical Lab Services Program Only,NUMERIC,D00A184,"D, Part IV: Apportionment - Hospital",06100,01300,Amount Due To/From Program,APPORTIONMENT OF INPATIENT/OUTPATIENT ANCILLARY SERVICE OTHER PASS THROUGH COSTS,nan
D_4_HOS_C13_74,Renal Dialysis,NUMERIC,D00A184,"D, Part IV: Apportionment - Hospital",07400,01300,Amount Due To/From Program,APPORTIONMENT OF INPATIENT/OUTPATIENT ANCILLARY SERVICE OTHER PASS THROUGH COSTS,nan
D_4_HOS_C13_94,Home Program Dialysis,NUMERIC,D00A184,"D, Part IV: Apportionment - Hospital",09400,01300,Amount Due To/From Program,APPORTIONMENT OF INPATIENT/OUTPATIENT ANCILLARY SERVICE OTHER PASS THROUGH COSTS,nan
D_4_HOS_C13_95,Ambulance Services,NUMERIC,D00A184,"D, Part IV: Apportionment - Hospital",09500,01300,Amount Due To/From Program,APPORTIONMENT OF INPATIENT/OUTPATIENT ANCILLARY SERVICE OTHER PASS THROUGH COSTS,nan
D_4_HOS_C1_61,PBP Clinical Lab Services Program Only,NUMERIC,D00A184,"D, Part IV: Apportionment - Hospital",06100,00100,Cost / Charge Ratio,APPORTIONMENT OF INPATIENT/OUTPATIENT ANCILLARY SERVICE OTHER PASS THROUGH COSTS,nan
D_4_HOS_C1_74,Renal Dialysis,NUMERIC,D00A184,"D, Part IV: Apportionment - Hospital",07400,00100,Cost / Charge Ratio,APPORTIONMENT OF INPATIENT/OUTPATIENT ANCILLARY SERVICE OTHER PASS THROUGH COSTS,nan
D_4_HOS_C1_94,Home Program Dialysis,NUMERIC,D00A184,"D, Part IV: Apportionment - Hospital",09400,00100,Cost / Charge Ratio,APPORTIONMENT OF INPATIENT/OUTPATIENT ANCILLARY SERVICE OTHER PASS THROUGH COSTS,nan
D_4_HOS_C1_95,Ambulance Services,NUMERIC,D00A184,"D, Part IV: Apportionment - Hospital",09500,00100,Cost / Charge Ratio,APPORTIONMENT OF INPATIENT/OUTPATIENT ANCILLARY SERVICE OTHER PASS THROUGH COSTS,nan
D_4_HOS_C2_61,PBP Clinical Lab Services Program Only,NUMERIC,D00A184,"D, Part IV: Apportionment - Hospital",06100,00200,Program Charges,APPORTIONMENT OF INPATIENT/OUTPATIENT ANCILLARY SERVICE OTHER PASS THROUGH COSTS,nan
D_4_HOS_C2_94,Home Program Dialysis,NUMERIC,D00A184,"D, Part IV: Apportionment - Hospital",09400,00200,Program Charges,APPORTIONMENT OF INPATIENT/OUTPATIENT ANCILLARY SERVICE OTHER PASS THROUGH COSTS,nan
D_4_HOS_C2_95,Ambulance Services,NUMERIC,D00A184,"D, Part IV: Apportionment - Hospital",09500,00200,Program Charges,APPORTIONMENT OF INPATIENT/OUTPATIENT ANCILLARY SERVICE OTHER PASS THROUGH COSTS,nan
D_4_HOS_C3_61,PBP Clinical Lab Services Program Only,NUMERIC,D00A184,"D, Part IV: Apportionment - Hospital",06100,00300,Program Cost,APPORTIONMENT OF INPATIENT/OUTPATIENT ANCILLARY SERVICE OTHER PASS THROUGH COSTS,nan
D_4_HOS_C3_74,Renal Dialysis,NUMERIC,D00A184,"D, Part IV: Apportionment - Hospital",07400,00300,Program Cost,APPORTIONMENT OF INPATIENT/OUTPATIENT ANCILLARY SERVICE OTHER PASS THROUGH COSTS,nan
D_4_HOS_C3_94,Home Program Dialysis,NUMERIC,D00A184,"D, Part IV: Apportionment - Hospital",09400,00300,Program Cost,APPORTIONMENT OF INPATIENT/OUTPATIENT ANCILLARY SERVICE OTHER PASS THROUGH COSTS,nan
D_4_HOS_C3_95,Ambulance Services,NUMERIC,D00A184,"D, Part IV: Apportionment - Hospital",09500,00300,Program Cost,APPORTIONMENT OF INPATIENT/OUTPATIENT ANCILLARY SERVICE OTHER PASS THROUGH COSTS,nan
D_4_HOS_C4_200,Total Other Medical Education,NUMERIC,D00A184,"D, Part IV: Apportionment - Hospital",20000,00400,Title XVIII PPS Payment,APPORTIONMENT OF INPATIENT/OUTPATIENT ANCILLARY SERVICE OTHER PASS THROUGH COSTS,nan
D_4_HOS_C4_61,PBP Clinical Lab Services Program Only,NUMERIC,D00A184,"D, Part IV: Apportionment - Hospital",06100,00400,Title XVIII PPS Payment,APPORTIONMENT OF INPATIENT/OUTPATIENT ANCILLARY SERVICE OTHER PASS THROUGH COSTS,nan
D_4_HOS_C4_74,Renal Dialysis,NUMERIC,D00A184,"D, Part IV: Apportionment - Hospital",07400,00400,Title XVIII PPS Payment,APPORTIONMENT OF INPATIENT/OUTPATIENT ANCILLARY SERVICE OTHER PASS THROUGH COSTS,nan
D_4_HOS_C4_94,Home Program Dialysis,NUMERIC,D00A184,"D, Part IV: Apportionment - Hospital",09400,00400,Title XVIII PPS Payment,APPORTIONMENT OF INPATIENT/OUTPATIENT ANCILLARY SERVICE OTHER PASS THROUGH COSTS,nan
D_4_HOS_C4_95,Ambulance Services,NUMERIC,D00A184,"D, Part IV: Apportionment - Hospital",09500,00400,Title XVIII PPS Payment,APPORTIONMENT OF INPATIENT/OUTPATIENT ANCILLARY SERVICE OTHER PASS THROUGH COSTS,nan
D_4_IPF_C11_61,PBP Clinical Lab Services Program Only,NUMERIC,D00B184,"D, Part IV: Apportionment - IPF",06100,01100,Net Settlement Amount,APPORTIONMENT OF INPATIENT/OUTPATIENT ANCILLARY SERVICE OTHER PASS THROUGH COSTS,nan
D_4_IPF_C11_74,Renal Dialysis,NUMERIC,D00B184,"D, Part IV: Apportionment - IPF",07400,01100,Net Settlement Amount,APPORTIONMENT OF INPATIENT/OUTPATIENT ANCILLARY SERVICE OTHER PASS THROUGH COSTS,nan
D_4_IPF_C11_94,Home Program Dialysis,NUMERIC,D00B184,"D, Part IV: Apportionment - IPF",09400,01100,Net Settlement Amount,APPORTIONMENT OF INPATIENT/OUTPATIENT ANCILLARY SERVICE OTHER PASS THROUGH COSTS,nan
D_4_IPF_C11_95,Ambulance Services,NUMERIC,D00B184,"D, Part IV: Apportionment - IPF",09500,01100,Net Settlement Amount,APPORTIONMENT OF INPATIENT/OUTPATIENT ANCILLARY SERVICE OTHER PASS THROUGH COSTS,nan
D_4_IPF_C13_200,Total,NUMERIC,D00B184,"D, Part IV: Apportionment - IPF",20000,01300,Amount Due To/From Program,APPORTIONMENT OF INPATIENT/OUTPATIENT ANCILLARY SERVICE OTHER PASS THROUGH COSTS,nan
D_4_IPF_C13_61,PBP Clinical Lab Services Program Only,NUMERIC,D00B184,"D, Part IV: Apportionment - IPF",06100,01300,Amount Due To/From Program,APPORTIONMENT OF INPATIENT/OUTPATIENT ANCILLARY SERVICE OTHER PASS THROUGH COSTS,nan
D_4_IPF_C13_74,Renal Dialysis,NUMERIC,D00B184,"D, Part IV: Apportionment - IPF",07400,01300,Amount Due To/From Program,APPORTIONMENT OF INPATIENT/OUTPATIENT ANCILLARY SERVICE OTHER PASS THROUGH COSTS,nan
D_4_IPF_C13_94,Home Program Dialysis,NUMERIC,D00B184,"D, Part IV: Apportionment - IPF",09400,01300,Amount Due To/From Program,APPORTIONMENT OF INPATIENT/OUTPATIENT ANCILLARY SERVICE OTHER PASS THROUGH COSTS,nan
D_4_IPF_C13_95,Ambulance Services,NUMERIC,D00B184,"D, Part IV: Apportionment - IPF",09500,01300,Amount Due To/From Program,APPORTIONMENT OF INPATIENT/OUTPATIENT ANCILLARY SERVICE OTHER PASS THROUGH COSTS,nan
D_4_IPF_C2_200,Total Nursing School,NUMERIC,D00B184,"D, Part IV: Apportionment - IPF",20000,00200,Program Charges,APPORTIONMENT OF INPATIENT/OUTPATIENT ANCILLARY SERVICE OTHER PASS THROUGH COSTS,nan
D_4_IPF_C4_200,Total Other Medical Education,NUMERIC,D00B184,"D, Part IV: Apportionment - IPF",20000,00400,Title XVIII PPS Payment,APPORTIONMENT OF INPATIENT/OUTPATIENT ANCILLARY SERVICE OTHER PASS THROUGH COSTS,nan
D_4_IRF_C11_61,PBP Clinical Lab Services Program Only,NUMERIC,D00C184,"D, Part IV: Apportionment - IRF",06100,01100,Net Settlement Amount,APPORTIONMENT OF INPATIENT/OUTPATIENT ANCILLARY SERVICE OTHER PASS THROUGH COSTS,nan
D_4_IRF_C11_94,Home Program Dialysis,NUMERIC,D00C184,"D, Part IV: Apportionment - IRF",09400,01100,Net Settlement Amount,APPORTIONMENT OF INPATIENT/OUTPATIENT ANCILLARY SERVICE OTHER PASS THROUGH COSTS,nan
D_4_IRF_C11_95,Ambulance Services,NUMERIC,D00C184,"D, Part IV: Apportionment - IRF",09500,01100,Net Settlement Amount,APPORTIONMENT OF INPATIENT/OUTPATIENT ANCILLARY SERVICE OTHER PASS THROUGH COSTS,nan
D_4_IRF_C13_200,Total,NUMERIC,D00C184,"D, Part IV: Apportionment - IRF",20000,01300,Amount Due To/From Program,APPORTIONMENT OF INPATIENT/OUTPATIENT ANCILLARY SERVICE OTHER PASS THROUGH COSTS,nan
D_4_IRF_C13_61,PBP Clinical Lab Services Program Only,NUMERIC,D00C184,"D, Part IV: Apportionment - IRF",06100,01300,Amount Due To/From Program,APPORTIONMENT OF INPATIENT/OUTPATIENT ANCILLARY SERVICE OTHER PASS THROUGH COSTS,nan
D_4_IRF_C13_74,Renal Dialysis,NUMERIC,D00C184,"D, Part IV: Apportionment - IRF",07400,01300,Amount Due To/From Program,APPORTIONMENT OF INPATIENT/OUTPATIENT ANCILLARY SERVICE OTHER PASS THROUGH COSTS,nan
D_4_IRF_C13_94,Home Program Dialysis,NUMERIC,D00C184,"D, Part IV: Apportionment - IRF",09400,01300,Amount Due To/From Program,APPORTIONMENT OF INPATIENT/OUTPATIENT ANCILLARY SERVICE OTHER PASS THROUGH COSTS,nan
D_4_IRF_C13_95,Ambulance Services,NUMERIC,D00C184,"D, Part IV: Apportionment - IRF",09500,01300,Amount Due To/From Program,APPORTIONMENT OF INPATIENT/OUTPATIENT ANCILLARY SERVICE OTHER PASS THROUGH COSTS,nan
D_4_IRF_C1_102,Total Nonphysician Anesthetist Cost,NUMERIC,D00C184,"D, Part IV: Apportionment - IRF",20000,00100,Cost / Charge Ratio,APPORTIONMENT OF INPATIENT/OUTPATIENT ANCILLARY SERVICE OTHER PASS THROUGH COSTS,nan
D_4_IRF_C4_200,Total Other Medical Education,NUMERIC,D00C184,"D, Part IV: Apportionment - IRF",20000,00400,Title XVIII PPS Payment,APPORTIONMENT OF INPATIENT/OUTPATIENT ANCILLARY SERVICE OTHER PASS THROUGH COSTS,nan
D_4_SNF_C11_61,PBP Clinical Lab Services Program Only,NUMERIC,D00E184,"D, Part IV: Apportionment - SNF",06100,01100,Net Settlement Amount,APPORTIONMENT OF INPATIENT/OUTPATIENT ANCILLARY SERVICE OTHER PASS THROUGH COSTS,nan
D_4_SNF_C11_74,Renal Dialysis,NUMERIC,D00E184,"D, Part IV: Apportionment - SNF",07400,01100,Net Settlement Amount,APPORTIONMENT OF INPATIENT/OUTPATIENT ANCILLARY SERVICE OTHER PASS THROUGH COSTS,nan
D_4_SNF_C11_94,Home Program Dialysis,NUMERIC,D00E184,"D, Part IV: Apportionment - SNF",09400,01100,Net Settlement Amount,APPORTIONMENT OF INPATIENT/OUTPATIENT ANCILLARY SERVICE OTHER PASS THROUGH COSTS,nan
D_4_SNF_C11_95,Ambulance Services,NUMERIC,D00E184,"D, Part IV: Apportionment - SNF",09500,01100,Net Settlement Amount,APPORTIONMENT OF INPATIENT/OUTPATIENT ANCILLARY SERVICE OTHER PASS THROUGH COSTS,nan
D_4_SNF_C13_200,Total,NUMERIC,D00E184,"D, Part IV: Apportionment - SNF",20000,01300,Amount Due To/From Program,APPORTIONMENT OF INPATIENT/OUTPATIENT ANCILLARY SERVICE OTHER PASS THROUGH COSTS,nan
D_4_SNF_C13_61,PBP Clinical Lab Services Program Only,NUMERIC,D00E184,"D, Part IV: Apportionment - SNF",06100,01300,Amount Due To/From Program,APPORTIONMENT OF INPATIENT/OUTPATIENT ANCILLARY SERVICE OTHER PASS THROUGH COSTS,nan
D_4_SNF_C13_74,Renal Dialysis,NUMERIC,D00E184,"D, Part IV: Apportionment - SNF",07400,01300,Amount Due To/From Program,APPORTIONMENT OF INPATIENT/OUTPATIENT ANCILLARY SERVICE OTHER PASS THROUGH COSTS,nan
D_4_SNF_C13_94,Home Program Dialysis,NUMERIC,D00E184,"D, Part IV: Apportionment - SNF",09400,01300,Amount Due To/From Program,APPORTIONMENT OF INPATIENT/OUTPATIENT ANCILLARY SERVICE OTHER PASS THROUGH COSTS,nan
D_4_SNF_C13_95,Ambulance Services,NUMERIC,D00E184,"D, Part IV: Apportionment - SNF",09500,01300,Amount Due To/From Program,APPORTIONMENT OF INPATIENT/OUTPATIENT ANCILLARY SERVICE OTHER PASS THROUGH COSTS,nan
D_4_SUB1_C11_200,Total,NUMERIC,D01D184,"D, Part IV: Apportionment - Subprovider 1",20000,01100,Net Settlement Amount,APPORTIONMENT OF INPATIENT/OUTPATIENT ANCILLARY SERVICE OTHER PASS THROUGH COSTS,nan
D_4_SUB1_C11_61,PBP Clinical Lab Services Program Only,NUMERIC,D01D184,"D, Part IV: Apportionment - Subprovider 1",06100,01100,Net Settlement Amount,APPORTIONMENT OF INPATIENT/OUTPATIENT ANCILLARY SERVICE OTHER PASS THROUGH COSTS,nan
D_4_SUB1_C11_74,Renal Dialysis,NUMERIC,D01D184,"D, Part IV: Apportionment - Subprovider 1",07400,01100,Net Settlement Amount,APPORTIONMENT OF INPATIENT/OUTPATIENT ANCILLARY SERVICE OTHER PASS THROUGH COSTS,nan
D_4_SUB1_C11_94,Home Program Dialysis,NUMERIC,D01D184,"D, Part IV: Apportionment - Subprovider 1",09400,01100,Net Settlement Amount,APPORTIONMENT OF INPATIENT/OUTPATIENT ANCILLARY SERVICE OTHER PASS THROUGH COSTS,nan
D_4_SUB1_C11_95,Ambulance Services,NUMERIC,D01D184,"D, Part IV: Apportionment - Subprovider 1",09500,01100,Net Settlement Amount,APPORTIONMENT OF INPATIENT/OUTPATIENT ANCILLARY SERVICE OTHER PASS THROUGH COSTS,nan
D_4_SUB1_C13_200,Total,NUMERIC,D01D184,"D, Part IV: Apportionment - Subprovider 1",20000,01300,Amount Due To/From Program,APPORTIONMENT OF INPATIENT/OUTPATIENT ANCILLARY SERVICE OTHER PASS THROUGH COSTS,nan
D_4_SUB1_C13_61,PBP Clinical Lab Services Program Only,NUMERIC,D01D184,"D, Part IV: Apportionment - Subprovider 1",06100,01300,Amount Due To/From Program,APPORTIONMENT OF INPATIENT/OUTPATIENT ANCILLARY SERVICE OTHER PASS THROUGH COSTS,nan
D_4_SUB1_C13_74,Renal Dialysis,NUMERIC,D01D184,"D, Part IV: Apportionment - Subprovider 1",07400,01300,Amount Due To/From Program,APPORTIONMENT OF INPATIENT/OUTPATIENT ANCILLARY SERVICE OTHER PASS THROUGH COSTS,nan
D_4_SUB1_C13_94,Home Program Dialysis,NUMERIC,D01D184,"D, Part IV: Apportionment - Subprovider 1",09400,01300,Amount Due To/From Program,APPORTIONMENT OF INPATIENT/OUTPATIENT ANCILLARY SERVICE OTHER PASS THROUGH COSTS,nan
D_4_SUB1_C13_95,Ambulance Services,NUMERIC,D01D184,"D, Part IV: Apportionment - Subprovider 1",09500,01300,Amount Due To/From Program,APPORTIONMENT OF INPATIENT/OUTPATIENT ANCILLARY SERVICE OTHER PASS THROUGH COSTS,nan
D_4_SUB1_C1_200,Total Nonphysician Anesthetist Cost,NUMERIC,D01D184,"D, Part IV: Apportionment - Subprovider 1",20000,00100,Cost / Charge Ratio,APPORTIONMENT OF INPATIENT/OUTPATIENT ANCILLARY SERVICE OTHER PASS THROUGH COSTS,nan
D_4_SUB1_C2_200,Total Nursing School,NUMERIC,D01D184,"D, Part IV: Apportionment - Subprovider 1",20000,00200,Program Charges,APPORTIONMENT OF INPATIENT/OUTPATIENT ANCILLARY SERVICE OTHER PASS THROUGH COSTS,nan
D_4_SUB1_C3_200,Total Allied Health,NUMERIC,D01D184,"D, Part IV: Apportionment - Subprovider 1",20000,00300,Program Cost,APPORTIONMENT OF INPATIENT/OUTPATIENT ANCILLARY SERVICE OTHER PASS THROUGH COSTS,nan
D_4_SUB1_C4_200,Total Other Medical Education,NUMERIC,D01D184,"D, Part IV: Apportionment - Subprovider 1",20000,00400,Title XVIII PPS Payment,APPORTIONMENT OF INPATIENT/OUTPATIENT ANCILLARY SERVICE OTHER PASS THROUGH COSTS,nan
D_4_SUB1_C6_200,Total Outpatient Program Pass Thru Cost,NUMERIC,D01D184,"D, Part IV: Apportionment - Subprovider 1",20000,00600,APPORTIONMENT OF INPATIENT/OUTPATIENT ANCILLARY SERVICE OTHER PASS THROUGH COSTS,APPORTIONMENT OF INPATIENT/OUTPATIENT ANCILLARY SERVICE OTHER PASS THROUGH COSTS,nan
D_4_SUB2_C11_200,Total,NUMERIC,D02D184,"D, Part IV: Apportionment - Subprovider 2",20000,01100,Net Settlement Amount,APPORTIONMENT OF INPATIENT/OUTPATIENT ANCILLARY SERVICE OTHER PASS THROUGH COSTS,nan
D_4_SUB2_C11_61,PBP Clinical Lab Services Program Only,NUMERIC,D02D184,"D, Part IV: Apportionment - Subprovider 2",06100,01100,Net Settlement Amount,APPORTIONMENT OF INPATIENT/OUTPATIENT ANCILLARY SERVICE OTHER PASS THROUGH COSTS,nan
D_4_SUB2_C11_74,Renal Dialysis,NUMERIC,D02D184,"D, Part IV: Apportionment - Subprovider 2",07400,01100,Net Settlement Amount,APPORTIONMENT OF INPATIENT/OUTPATIENT ANCILLARY SERVICE OTHER PASS THROUGH COSTS,nan
D_4_SUB2_C11_94,Home Program Dialysis,NUMERIC,D02D184,"D, Part IV: Apportionment - Subprovider 2",09400,01100,Net Settlement Amount,APPORTIONMENT OF INPATIENT/OUTPATIENT ANCILLARY SERVICE OTHER PASS THROUGH COSTS,nan
D_4_SUB2_C11_95,Ambulance Services,NUMERIC,D02D184,"D, Part IV: Apportionment - Subprovider 2",09500,01100,Net Settlement Amount,APPORTIONMENT OF INPATIENT/OUTPATIENT ANCILLARY SERVICE OTHER PASS THROUGH COSTS,nan
D_4_SUB2_C13_200,Total,NUMERIC,D02D184,"D, Part IV: Apportionment - Subprovider 2",20000,01300,Amount Due To/From Program,APPORTIONMENT OF INPATIENT/OUTPATIENT ANCILLARY SERVICE OTHER PASS THROUGH COSTS,nan
D_4_SUB2_C13_61,PBP Clinical Lab Services Program Only,NUMERIC,D02D184,"D, Part IV: Apportionment - Subprovider 2",06100,01300,Amount Due To/From Program,APPORTIONMENT OF INPATIENT/OUTPATIENT ANCILLARY SERVICE OTHER PASS THROUGH COSTS,nan
D_4_SUB2_C13_74,Renal Dialysis,NUMERIC,D02D184,"D, Part IV: Apportionment - Subprovider 2",07400,01300,Amount Due To/From Program,APPORTIONMENT OF INPATIENT/OUTPATIENT ANCILLARY SERVICE OTHER PASS THROUGH COSTS,nan
D_4_SUB2_C13_94,Home Program Dialysis,NUMERIC,D02D184,"D, Part IV: Apportionment - Subprovider 2",09400,01300,Amount Due To/From Program,APPORTIONMENT OF INPATIENT/OUTPATIENT ANCILLARY SERVICE OTHER PASS THROUGH COSTS,nan
D_4_SUB2_C13_95,Ambulance Services,NUMERIC,D02D184,"D, Part IV: Apportionment - Subprovider 2",09500,01300,Amount Due To/From Program,APPORTIONMENT OF INPATIENT/OUTPATIENT ANCILLARY SERVICE OTHER PASS THROUGH COSTS,nan
D_4_SUB2_C1_102,Total Nonphysician Anesthetist Cost,NUMERIC,D02D184,"D, Part IV: Apportionment - Subprovider 2",20000,00100,Cost / Charge Ratio,APPORTIONMENT OF INPATIENT/OUTPATIENT ANCILLARY SERVICE OTHER PASS THROUGH COSTS,nan
D_4_SUB2_C2_200,Total Nursing School,NUMERIC,D02D184,"D, Part IV: Apportionment - Subprovider 2",20000,00200,Program Charges,APPORTIONMENT OF INPATIENT/OUTPATIENT ANCILLARY SERVICE OTHER PASS THROUGH COSTS,nan
D_4_SUB2_C3_200,Total Allied Health,NUMERIC,D02D184,"D, Part IV: Apportionment - Subprovider 2",20000,00300,Program Cost,APPORTIONMENT OF INPATIENT/OUTPATIENT ANCILLARY SERVICE OTHER PASS THROUGH COSTS,nan
D_4_SUB2_C4_200,Total Other Medical Education,NUMERIC,D02D184,"D, Part IV: Apportionment - Subprovider 2",20000,00400,Title XVIII PPS Payment,APPORTIONMENT OF INPATIENT/OUTPATIENT ANCILLARY SERVICE OTHER PASS THROUGH COSTS,nan
D_4_SUB2_C6_200,Total Outpatient Program Pass Thru Cost,NUMERIC,D02D184,"D, Part IV: Apportionment - Subprovider 2",20000,00600,APPORTIONMENT OF INPATIENT/OUTPATIENT ANCILLARY SERVICE OTHER PASS THROUGH COSTS,APPORTIONMENT OF INPATIENT/OUTPATIENT ANCILLARY SERVICE OTHER PASS THROUGH COSTS,nan
D_5_HOS_C2_61,PBP Clinical Lab Services Program Only,NUMERIC,D00A185,"D, Part V: Apportionment - Hospital",06100,00200,APPORTIONMENT OF MEDICAL AND OTHER HEALTH SERVICES - PPS REIMBURSED SERVICES -  CHARGES,APPORTIONMENT OF MEDICAL AND OTHER HEALTH SERVICES,PPS REIMBURSED SERVICES -  CHARGES
D_5_HOS_C2_94,Home Program Dialysis,NUMERIC,D00A185,"D, Part V: Apportionment - Hospital",09400,00200,APPORTIONMENT OF MEDICAL AND OTHER HEALTH SERVICES - PPS REIMBURSED SERVICES -  CHARGES,APPORTIONMENT OF MEDICAL AND OTHER HEALTH SERVICES,PPS REIMBURSED SERVICES -  CHARGES
D_5_HOS_C2_95,Ambulance Services,NUMERIC,D00A185,"D, Part V: Apportionment - Hospital",09500,00200,APPORTIONMENT OF MEDICAL AND OTHER HEALTH SERVICES - PPS REIMBURSED SERVICES -  CHARGES,APPORTIONMENT OF MEDICAL AND OTHER HEALTH SERVICES,PPS REIMBURSED SERVICES -  CHARGES
D_5_HOS_C3_61,PBP Clinical Lab Services Program Only,NUMERIC,D00A185,"D, Part V: Apportionment - Hospital",06100,00300,APPORTIONMENT OF MEDICAL AND OTHER HEALTH SERVICES - COST REIMBURSED SERVICES SUBJECT TO DEDUCTIBLES  AND COINSURANCE - CHARGES,APPORTIONMENT OF MEDICAL AND OTHER HEALTH SERVICES,COST REIMBURSED SERVICES SUBJECT TO DEDUCTIBLES  AND COINSURANCE - CHARGES
D_5_HOS_C3_74,Renal Dialysis,NUMERIC,D00A185,"D, Part V: Apportionment - Hospital",07400,00300,APPORTIONMENT OF MEDICAL AND OTHER HEALTH SERVICES - COST REIMBURSED SERVICES SUBJECT TO DEDUCTIBLES  AND COINSURANCE - CHARGES,APPORTIONMENT OF MEDICAL AND OTHER HEALTH SERVICES,COST REIMBURSED SERVICES SUBJECT TO DEDUCTIBLES  AND COINSURANCE - CHARGES
D_5_HOS_C3_94,Home Program Dialysis,NUMERIC,D00A185,"D, Part V: Apportionment - Hospital",09400,00300,APPORTIONMENT OF MEDICAL AND OTHER HEALTH SERVICES - COST REIMBURSED SERVICES SUBJECT TO DEDUCTIBLES  AND COINSURANCE - CHARGES,APPORTIONMENT OF MEDICAL AND OTHER HEALTH SERVICES,COST REIMBURSED SERVICES SUBJECT TO DEDUCTIBLES  AND COINSURANCE - CHARGES
D_5_HOS_C3_95,Ambulance Services,NUMERIC,D00A185,"D, Part V: Apportionment - Hospital",09500,00300,APPORTIONMENT OF MEDICAL AND OTHER HEALTH SERVICES - COST REIMBURSED SERVICES SUBJECT TO DEDUCTIBLES  AND COINSURANCE - CHARGES,APPORTIONMENT OF MEDICAL AND OTHER HEALTH SERVICES,COST REIMBURSED SERVICES SUBJECT TO DEDUCTIBLES  AND COINSURANCE - CHARGES
D_5_HOS_C4_61,PBP Clinical Lab Services Program Only,NUMERIC,D00A185,"D, Part V: Apportionment - Hospital",06100,00400,APPORTIONMENT OF MEDICAL AND OTHER HEALTH SERVICES - COST REIMBURSED SERVICES NOT SUBJECT TO DEDUCTIBLES AND COINSURANCE - CHARGES,APPORTIONMENT OF MEDICAL AND OTHER HEALTH SERVICES,COST REIMBURSED SERVICES NOT SUBJECT TO DEDUCTIBLES AND COINSURANCE - CHARGES
D_5_HOS_C4_74,Renal Dialysis,NUMERIC,D00A185,"D, Part V: Apportionment - Hospital",07400,00400,APPORTIONMENT OF MEDICAL AND OTHER HEALTH SERVICES - COST REIMBURSED SERVICES NOT SUBJECT TO DEDUCTIBLES AND COINSURANCE - CHARGES,APPORTIONMENT OF MEDICAL AND OTHER HEALTH SERVICES,COST REIMBURSED SERVICES NOT SUBJECT TO DEDUCTIBLES AND COINSURANCE - CHARGES
D_5_HOS_C4_94,Home Program Dialysis,NUMERIC,D00A185,"D, Part V: Apportionment - Hospital",09400,00400,APPORTIONMENT OF MEDICAL AND OTHER HEALTH SERVICES - COST REIMBURSED SERVICES NOT SUBJECT TO DEDUCTIBLES AND COINSURANCE - CHARGES,APPORTIONMENT OF MEDICAL AND OTHER HEALTH SERVICES,COST REIMBURSED SERVICES NOT SUBJECT TO DEDUCTIBLES AND COINSURANCE - CHARGES
D_5_HOS_C4_95,Ambulance Services,NUMERIC,D00A185,"D, Part V: Apportionment - Hospital",09500,00400,APPORTIONMENT OF MEDICAL AND OTHER HEALTH SERVICES - COST REIMBURSED SERVICES NOT SUBJECT TO DEDUCTIBLES AND COINSURANCE - CHARGES,APPORTIONMENT OF MEDICAL AND OTHER HEALTH SERVICES,COST REIMBURSED SERVICES NOT SUBJECT TO DEDUCTIBLES AND COINSURANCE - CHARGES
D_5_HOS_C5_61,PBP Clinical Lab Services Program Only,NUMERIC,D00A185,"D, Part V: Apportionment - Hospital",06100,00500,APPORTIONMENT OF MEDICAL AND OTHER HEALTH SERVICES - PPS SERVICES COST,APPORTIONMENT OF MEDICAL AND OTHER HEALTH SERVICES,PPS SERVICES COST
D_5_HOS_C5_94,Home Program Dialysis,NUMERIC,D00A185,"D, Part V: Apportionment - Hospital",09400,00500,APPORTIONMENT OF MEDICAL AND OTHER HEALTH SERVICES - PPS SERVICES COST,APPORTIONMENT OF MEDICAL AND OTHER HEALTH SERVICES,PPS SERVICES COST
D_5_HOS_C5_95,Ambulance Services,NUMERIC,D00A185,"D, Part V: Apportionment - Hospital",09500,00500,APPORTIONMENT OF MEDICAL AND OTHER HEALTH SERVICES - PPS SERVICES COST,APPORTIONMENT OF MEDICAL AND OTHER HEALTH SERVICES,PPS SERVICES COST
D_5_HOS_C6_61,PBP Clinical Lab Services Program Only,NUMERIC,D00A185,"D, Part V: Apportionment - Hospital",06100,00600,APPORTIONMENT OF MEDICAL AND OTHER HEALTH SERVICES - COST SERVICES SUBJECT TO DEDUCTIBLES AND COINSURANCE - COST,APPORTIONMENT OF MEDICAL AND OTHER HEALTH SERVICES,COST SERVICES SUBJECT TO DEDUCTIBLES AND COINSURANCE - COST
D_5_HOS_C6_74,Renal Dialysis,NUMERIC,D00A185,"D, Part V: Apportionment - Hospital",07400,00600,APPORTIONMENT OF MEDICAL AND OTHER HEALTH SERVICES - COST SERVICES SUBJECT TO DEDUCTIBLES AND COINSURANCE - COST,APPORTIONMENT OF MEDICAL AND OTHER HEALTH SERVICES,COST SERVICES SUBJECT TO DEDUCTIBLES AND COINSURANCE - COST
D_5_HOS_C6_94,Home Program Dialysis,NUMERIC,D00A185,"D, Part V: Apportionment - Hospital",09400,00600,APPORTIONMENT OF MEDICAL AND OTHER HEALTH SERVICES - COST SERVICES SUBJECT TO DEDUCTIBLES AND COINSURANCE - COST,APPORTIONMENT OF MEDICAL AND OTHER HEALTH SERVICES,COST SERVICES SUBJECT TO DEDUCTIBLES AND COINSURANCE - COST
D_5_HOS_C6_95,Ambulance Services,NUMERIC,D00A185,"D, Part V: Apportionment - Hospital",09500,00600,APPORTIONMENT OF MEDICAL AND OTHER HEALTH SERVICES - COST SERVICES SUBJECT TO DEDUCTIBLES AND COINSURANCE - COST,APPORTIONMENT OF MEDICAL AND OTHER HEALTH SERVICES,COST SERVICES SUBJECT TO DEDUCTIBLES AND COINSURANCE - COST
D_5_HOS_C7_61,PBP Clinical Lab Services Program Only,NUMERIC,D00A185,"D, Part V: Apportionment - Hospital",06100,00700,APPORTIONMENT OF MEDICAL AND OTHER HEALTH SERVICES - COST SERVICES NOT SUBJECT TO DEDUCTIBLES AND COINSURANCE - COST,APPORTIONMENT OF MEDICAL AND OTHER HEALTH SERVICES,COST SERVICES NOT SUBJECT TO DEDUCTIBLES AND COINSURANCE - COST
D_5_HOS_C7_74,Renal Dialysis,NUMERIC,D00A185,"D, Part V: Apportionment - Hospital",07400,00700,APPORTIONMENT OF MEDICAL AND OTHER HEALTH SERVICES - COST SERVICES NOT SUBJECT TO DEDUCTIBLES AND COINSURANCE - COST,APPORTIONMENT OF MEDICAL AND OTHER HEALTH SERVICES,COST SERVICES NOT SUBJECT TO DEDUCTIBLES AND COINSURANCE - COST
D_5_HOS_C7_94,Home Program Dialysis,NUMERIC,D00A185,"D, Part V: Apportionment - Hospital",09400,00700,APPORTIONMENT OF MEDICAL AND OTHER HEALTH SERVICES - COST SERVICES NOT SUBJECT TO DEDUCTIBLES AND COINSURANCE - COST,APPORTIONMENT OF MEDICAL AND OTHER HEALTH SERVICES,COST SERVICES NOT SUBJECT TO DEDUCTIBLES AND COINSURANCE - COST
D_5_HOS_C7_95,Ambulance Services,NUMERIC,D00A185,"D, Part V: Apportionment - Hospital",09500,00700,APPORTIONMENT OF MEDICAL AND OTHER HEALTH SERVICES - COST SERVICES NOT SUBJECT TO DEDUCTIBLES AND COINSURANCE - COST,APPORTIONMENT OF MEDICAL AND OTHER HEALTH SERVICES,COST SERVICES NOT SUBJECT TO DEDUCTIBLES AND COINSURANCE - COST
E1_2_HOS_C1_1,Hospital | Line 1 | Col 1,NUMERIC,E10A182,"E-1, Part II: Settlement",00100,00100,CALCULATION OF REIMBURSEMENT SETTLEMENT,nan,nan
E1_2_HOS_C1_2,Hospital | Line 2 | Col 1,NUMERIC,E10A182,"E-1, Part II: Settlement",00200,00100,CALCULATION OF REIMBURSEMENT SETTLEMENT,nan,nan
E1_2_HOS_C1_3,Hospital | Line 3 | Col 1,NUMERIC,E10A182,"E-1, Part II: Settlement",00300,00100,CALCULATION OF REIMBURSEMENT SETTLEMENT,nan,nan
E1_2_HOS_C1_30,Hospital | Line 30 | Col 1,NUMERIC,E10A182,"E-1, Part II: Settlement",03000,00100,CALCULATION OF REIMBURSEMENT SETTLEMENT,nan,nan
E1_2_HOS_C1_31,Hospital | Line 31 | Col 1,NUMERIC,E10A182,"E-1, Part II: Settlement",03100,00100,CALCULATION OF REIMBURSEMENT SETTLEMENT,nan,nan
E1_2_HOS_C1_32,Hospital | Line 32 | Col 1,NUMERIC,E10A182,"E-1, Part II: Settlement",03200,00100,CALCULATION OF REIMBURSEMENT SETTLEMENT,nan,nan
E1_2_HOS_C1_4,Hospital | Line 4 | Col 1,NUMERIC,E10A182,"E-1, Part II: Settlement",00400,00100,CALCULATION OF REIMBURSEMENT SETTLEMENT,nan,nan
E1_2_HOS_C1_5,Hospital | Line 5 | Col 1,NUMERIC,E10A182,"E-1, Part II: Settlement",00500,00100,CALCULATION OF REIMBURSEMENT SETTLEMENT,nan,nan
E1_2_HOS_C1_6,Hospital | Line 6 | Col 1,NUMERIC,E10A182,"E-1, Part II: Settlement",00600,00100,CALCULATION OF REIMBURSEMENT SETTLEMENT,nan,nan
E1_2_HOS_C1_7,Hospital | Line 7 | Col 1,NUMERIC,E10A182,"E-1, Part II: Settlement",00700,00100,CALCULATION OF REIMBURSEMENT SETTLEMENT,nan,nan
E1_2_HOS_C1_8,Hospital | Line 8 | Col 1,NUMERIC,E10A182,"E-1, Part II: Settlement",00800,00100,CALCULATION OF REIMBURSEMENT SETTLEMENT,nan,nan
E2_SWSNF_C1_14,Swing Bed SNF | Line 14 | Col 1,NUMERIC,E20F180,E-2: Swing Bed SNF,01400,00100,CALCULATION OF REIMBURSEMENT SETTLEMENT,CALCULATION OF REIMBURSEMENT SETTLEMENT,nan
E2_SWSNF_C1_18,Swing Bed SNF | Line 18 | Col 1,NUMERIC,E20F180,E-2: Swing Bed SNF,01800,00100,CALCULATION OF REIMBURSEMENT SETTLEMENT,CALCULATION OF REIMBURSEMENT SETTLEMENT,nan
E2_SWSNF_C1_2,Swing Bed SNF | Line 2 | Col 1,NUMERIC,E20F180,E-2: Swing Bed SNF,00200,00100,CALCULATION OF REIMBURSEMENT SETTLEMENT,CALCULATION OF REIMBURSEMENT SETTLEMENT,nan
E2_SWSNF_C1_21,Swing Bed SNF | Line 21 | Col 1,NUMERIC,E20F180,E-2: Swing Bed SNF,02100,00100,CALCULATION OF REIMBURSEMENT SETTLEMENT,CALCULATION OF REIMBURSEMENT SETTLEMENT,nan
E2_SWSNF_C1_23,Swing Bed SNF | Line 23 | Col 1,NUMERIC,E20F180,E-2: Swing Bed SNF,02300,00100,CALCULATION OF REIMBURSEMENT SETTLEMENT,CALCULATION OF REIMBURSEMENT SETTLEMENT,nan
E2_SWSNF_C1_4,Swing Bed SNF | Line 4 | Col 1,NUMERIC,E20F180,E-2: Swing Bed SNF,00400,00100,CALCULATION OF REIMBURSEMENT SETTLEMENT,CALCULATION OF REIMBURSEMENT SETTLEMENT,nan
E2_SWSNF_C1_6,Swing Bed SNF | Line 6 | Col 1,NUMERIC,E20F180,E-2: Swing Bed SNF,00600,00100,CALCULATION OF REIMBURSEMENT SETTLEMENT,CALCULATION OF REIMBURSEMENT SETTLEMENT,nan
E2_SWSNF_C1_7,Swing Bed SNF | Line 7 | Col 1,NUMERIC,E20F180,E-2: Swing Bed SNF,00700,00100,CALCULATION OF REIMBURSEMENT SETTLEMENT,CALCULATION OF REIMBURSEMENT SETTLEMENT,nan
E2_SWSNF_C1_9,Swing Bed SNF | Line 9 | Col 1,NUMERIC,E20F180,E-2: Swing Bed SNF,00900,00100,CALCULATION OF REIMBURSEMENT SETTLEMENT,CALCULATION OF REIMBURSEMENT SETTLEMENT,nan
E3_1_HOS_C1_1,Hospital | Line 1 | Col 1,NUMERIC,E30A181,"E-3, Part I: Settlement - Hospital",00100,00100,Amount,nan,nan
E3_1_HOS_C1_10,Hospital | Line 10 | Col 1,NUMERIC,E30A181,"E-3, Part I: Settlement - Hospital",01000,00100,Amount,nan,nan
E3_1_HOS_C1_11,Hospital | Line 11 | Col 1,NUMERIC,E30A181,"E-3, Part I: Settlement - Hospital",01100,00100,Amount,nan,nan
E3_1_HOS_C1_12,Hospital | Line 12 | Col 1,NUMERIC,E30A181,"E-3, Part I: Settlement - Hospital",01200,00100,Amount,nan,nan
E3_1_HOS_C1_13,Hospital | Line 13 | Col 1,NUMERIC,E30A181,"E-3, Part I: Settlement - Hospital",01300,00100,Amount,nan,nan
E3_1_HOS_C1_14,Hospital | Line 14 | Col 1,NUMERIC,E30A181,"E-3, Part I: Settlement - Hospital",01400,00100,Amount,nan,nan
E3_1_HOS_C1_15,Hospital | Line 15 | Col 1,NUMERIC,E30A181,"E-3, Part I: Settlement - Hospital",01500,00100,Amount,nan,nan
E3_1_HOS_C1_16,Hospital | Line 16 | Col 1,NUMERIC,E30A181,"E-3, Part I: Settlement - Hospital",01600,00100,Amount,nan,nan
E3_1_HOS_C1_18,Hospital | Line 18 | Col 1,NUMERIC,E30A181,"E-3, Part I: Settlement - Hospital",01800,00100,Amount,nan,nan
E3_1_HOS_C1_19,Hospital | Line 19 | Col 1,NUMERIC,E30A181,"E-3, Part I: Settlement - Hospital",01900,00100,Amount,nan,nan
E3_1_HOS_C1_2,Hospital | Line 2 | Col 1,NUMERIC,E30A181,"E-3, Part I: Settlement - Hospital",00200,00100,Amount,nan,nan
E3_1_HOS_C1_20,Hospital | Line 20 | Col 1,NUMERIC,E30A181,"E-3, Part I: Settlement - Hospital",02000,00100,Amount,nan,nan
E3_1_HOS_C1_21,Hospital | Line 21 | Col 1,NUMERIC,E30A181,"E-3, Part I: Settlement - Hospital",02100,00100,Amount,nan,nan
E3_1_HOS_C1_22,Hospital | Line 22 | Col 1,NUMERIC,E30A181,"E-3, Part I: Settlement - Hospital",02200,00100,Amount,nan,nan
E3_1_HOS_C1_3,Hospital | Line 3 | Col 1,NUMERIC,E30A181,"E-3, Part I: Settlement - Hospital",00300,00100,Amount,nan,nan
E3_1_HOS_C1_4,Hospital | Line 4 | Col 1,NUMERIC,E30A181,"E-3, Part I: Settlement - Hospital",00400,00100,Amount,nan,nan
E3_1_HOS_C1_5,Hospital | Line 5 | Col 1,NUMERIC,E30A181,"E-3, Part I: Settlement - Hospital",00500,00100,Amount,nan,nan
E3_1_HOS_C1_6,Hospital | Line 6 | Col 1,NUMERIC,E30A181,"E-3, Part I: Settlement - Hospital",00600,00100,Amount,nan,nan
E3_1_HOS_C1_7,Hospital | Line 7 | Col 1,NUMERIC,E30A181,"E-3, Part I: Settlement - Hospital",00700,00100,Amount,nan,nan
E3_1_HOS_C1_8,Hospital | Line 8 | Col 1,NUMERIC,E30A181,"E-3, Part I: Settlement - Hospital",00800,00100,Amount,nan,nan
E3_1_HOS_C1_9,Hospital | Line 9 | Col 1,NUMERIC,E30A181,"E-3, Part I: Settlement - Hospital",00900,00100,Amount,nan,nan
E3_1_IPF_C1_1,Inpatient Psychiatric Facility | Line 1 | Col 1,NUMERIC,E30B181,"E-3, Part I: Settlement - IPF",00100,00100,Amount,CALCULATION OF REIMBURSEMENT SETTLEMENT (TEFRA),nan
E3_1_IPF_C1_10,Inpatient Psychiatric Facility | Line 10 | Col 1,NUMERIC,E30B181,"E-3, Part I: Settlement - IPF",01000,00100,Amount,CALCULATION OF REIMBURSEMENT SETTLEMENT (TEFRA),nan
E3_1_IPF_C1_11,Inpatient Psychiatric Facility | Line 11 | Col 1,NUMERIC,E30B181,"E-3, Part I: Settlement - IPF",01100,00100,Amount,CALCULATION OF REIMBURSEMENT SETTLEMENT (TEFRA),nan
E3_1_IPF_C1_12,Inpatient Psychiatric Facility | Line 12 | Col 1,NUMERIC,E30B181,"E-3, Part I: Settlement - IPF",01200,00100,Amount,CALCULATION OF REIMBURSEMENT SETTLEMENT (TEFRA),nan
E3_1_IPF_C1_13,Inpatient Psychiatric Facility | Line 13 | Col 1,NUMERIC,E30B181,"E-3, Part I: Settlement - IPF",01300,00100,Amount,CALCULATION OF REIMBURSEMENT SETTLEMENT (TEFRA),nan
E3_1_IPF_C1_14,Inpatient Psychiatric Facility | Line 14 | Col 1,NUMERIC,E30B181,"E-3, Part I: Settlement - IPF",01400,00100,Amount,CALCULATION OF REIMBURSEMENT SETTLEMENT (TEFRA),nan
E3_1_IPF_C1_15,Inpatient Psychiatric Facility | Line 15 | Col 1,NUMERIC,E30B181,"E-3, Part I: Settlement - IPF",01500,00100,Amount,CALCULATION OF REIMBURSEMENT SETTLEMENT (TEFRA),nan
E3_1_IPF_C1_16,Inpatient Psychiatric Facility | Line 16 | Col 1,NUMERIC,E30B181,"E-3, Part I: Settlement - IPF",01600,00100,Amount,CALCULATION OF REIMBURSEMENT SETTLEMENT (TEFRA),nan
E3_1_IPF_C1_18,Inpatient Psychiatric Facility | Line 18 | Col 1,NUMERIC,E30B181,"E-3, Part I: Settlement - IPF",01800,00100,Amount,CALCULATION OF REIMBURSEMENT SETTLEMENT (TEFRA),nan
E3_1_IPF_C1_19,Inpatient Psychiatric Facility | Line 19 | Col 1,NUMERIC,E30B181,"E-3, Part I: Settlement - IPF",01900,00100,Amount,CALCULATION OF REIMBURSEMENT SETTLEMENT (TEFRA),nan
E3_1_IPF_C1_2,Inpatient Psychiatric Facility | Line 2 | Col 1,NUMERIC,E30B181,"E-3, Part I: Settlement - IPF",00200,00100,Amount,CALCULATION OF REIMBURSEMENT SETTLEMENT (TEFRA),nan
E3_1_IPF_C1_20,Inpatient Psychiatric Facility | Line 20 | Col 1,NUMERIC,E30B181,"E-3, Part I: Settlement - IPF",02000,00100,Amount,CALCULATION OF REIMBURSEMENT SETTLEMENT (TEFRA),nan
E3_1_IPF_C1_21,Inpatient Psychiatric Facility | Line 21 | Col 1,NUMERIC,E30B181,"E-3, Part I: Settlement - IPF",02100,00100,Amount,CALCULATION OF REIMBURSEMENT SETTLEMENT (TEFRA),nan
E3_1_IPF_C1_22,Inpatient Psychiatric Facility | Line 22 | Col 1,NUMERIC,E30B181,"E-3, Part I: Settlement - IPF",02200,00100,Amount,CALCULATION OF REIMBURSEMENT SETTLEMENT (TEFRA),nan
E3_1_IPF_C1_3,Inpatient Psychiatric Facility | Line 3 | Col 1,NUMERIC,E30B181,"E-3, Part I: Settlement - IPF",00300,00100,Amount,CALCULATION OF REIMBURSEMENT SETTLEMENT (TEFRA),nan
E3_1_IPF_C1_4,Inpatient Psychiatric Facility | Line 4 | Col 1,NUMERIC,E30B181,"E-3, Part I: Settlement - IPF",00400,00100,Amount,CALCULATION OF REIMBURSEMENT SETTLEMENT (TEFRA),nan
E3_1_IPF_C1_5,Inpatient Psychiatric Facility | Line 5 | Col 1,NUMERIC,E30B181,"E-3, Part I: Settlement - IPF",00500,00100,Amount,CALCULATION OF REIMBURSEMENT SETTLEMENT (TEFRA),nan
E3_1_IPF_C1_6,Inpatient Psychiatric Facility | Line 6 | Col 1,NUMERIC,E30B181,"E-3, Part I: Settlement - IPF",00600,00100,Amount,CALCULATION OF REIMBURSEMENT SETTLEMENT (TEFRA),nan
E3_1_IPF_C1_7,Inpatient Psychiatric Facility | Line 7 | Col 1,NUMERIC,E30B181,"E-3, Part I: Settlement - IPF",00700,00100,Amount,CALCULATION OF REIMBURSEMENT SETTLEMENT (TEFRA),nan
E3_1_IPF_C1_8,Inpatient Psychiatric Facility | Line 8 | Col 1,NUMERIC,E30B181,"E-3, Part I: Settlement - IPF",00800,00100,Amount,CALCULATION OF REIMBURSEMENT SETTLEMENT (TEFRA),nan
E3_1_IPF_C1_9,Inpatient Psychiatric Facility | Line 9 | Col 1,NUMERIC,E30B181,"E-3, Part I: Settlement - IPF",00900,00100,Amount,CALCULATION OF REIMBURSEMENT SETTLEMENT (TEFRA),nan
E3_1_IRF_C1_1,Inpatient Rehabilitation Facility | Line 1 | Col 1,NUMERIC,E30C181,"E-3, Part I: Settlement - IRF",00100,00100,Amount,CALCULATION OF REIMBURSEMENT SETTLEMENT (TEFRA),nan
E3_1_IRF_C1_10,Inpatient Rehabilitation Facility | Line 10 | Col 1,NUMERIC,E30C181,"E-3, Part I: Settlement - IRF",01000,00100,Amount,CALCULATION OF REIMBURSEMENT SETTLEMENT (TEFRA),nan
E3_1_IRF_C1_11,Inpatient Rehabilitation Facility | Line 11 | Col 1,NUMERIC,E30C181,"E-3, Part I: Settlement - IRF",01100,00100,Amount,CALCULATION OF REIMBURSEMENT SETTLEMENT (TEFRA),nan
E3_1_IRF_C1_12,Inpatient Rehabilitation Facility | Line 12 | Col 1,NUMERIC,E30C181,"E-3, Part I: Settlement - IRF",01200,00100,Amount,CALCULATION OF REIMBURSEMENT SETTLEMENT (TEFRA),nan
E3_1_IRF_C1_13,Inpatient Rehabilitation Facility | Line 13 | Col 1,NUMERIC,E30C181,"E-3, Part I: Settlement - IRF",01300,00100,Amount,CALCULATION OF REIMBURSEMENT SETTLEMENT (TEFRA),nan
E3_1_IRF_C1_14,Inpatient Rehabilitation Facility | Line 14 | Col 1,NUMERIC,E30C181,"E-3, Part I: Settlement - IRF",01400,00100,Amount,CALCULATION OF REIMBURSEMENT SETTLEMENT (TEFRA),nan
E3_1_IRF_C1_15,Inpatient Rehabilitation Facility | Line 15 | Col 1,NUMERIC,E30C181,"E-3, Part I: Settlement - IRF",01500,00100,Amount,CALCULATION OF REIMBURSEMENT SETTLEMENT (TEFRA),nan
E3_1_IRF_C1_16,Inpatient Rehabilitation Facility | Line 16 | Col 1,NUMERIC,E30C181,"E-3, Part I: Settlement - IRF",01600,00100,Amount,CALCULATION OF REIMBURSEMENT SETTLEMENT (TEFRA),nan
E3_1_IRF_C1_18,Inpatient Rehabilitation Facility | Line 18 | Col 1,NUMERIC,E30C181,"E-3, Part I: Settlement - IRF",01800,00100,Amount,CALCULATION OF REIMBURSEMENT SETTLEMENT (TEFRA),nan
E3_1_IRF_C1_19,Inpatient Rehabilitation Facility | Line 19 | Col 1,NUMERIC,E30C181,"E-3, Part I: Settlement - IRF",01900,00100,Amount,CALCULATION OF REIMBURSEMENT SETTLEMENT (TEFRA),nan
E3_1_IRF_C1_2,Inpatient Rehabilitation Facility | Line 2 | Col 1,NUMERIC,E30C181,"E-3, Part I: Settlement - IRF",00200,00100,Amount,CALCULATION OF REIMBURSEMENT SETTLEMENT (TEFRA),nan
E3_1_IRF_C1_20,Inpatient Rehabilitation Facility | Line 20 | Col 1,NUMERIC,E30C181,"E-3, Part I: Settlement - IRF",02000,00100,Amount,CALCULATION OF REIMBURSEMENT SETTLEMENT (TEFRA),nan
E3_1_IRF_C1_21,Inpatient Rehabilitation Facility | Line 21 | Col 1,NUMERIC,E30C181,"E-3, Part I: Settlement - IRF",02100,00100,Amount,CALCULATION OF REIMBURSEMENT SETTLEMENT (TEFRA),nan
E3_1_IRF_C1_22,Inpatient Rehabilitation Facility | Line 22 | Col 1,NUMERIC,E30C181,"E-3, Part I: Settlement - IRF",02200,00100,Amount,CALCULATION OF REIMBURSEMENT SETTLEMENT (TEFRA),nan
E3_1_IRF_C1_3,Inpatient Rehabilitation Facility | Line 3 | Col 1,NUMERIC,E30C181,"E-3, Part I: Settlement - IRF",00300,00100,Amount,CALCULATION OF REIMBURSEMENT SETTLEMENT (TEFRA),nan
E3_1_IRF_C1_4,Inpatient Rehabilitation Facility | Line 4 | Col 1,NUMERIC,E30C181,"E-3, Part I: Settlement - IRF",00400,00100,Amount,CALCULATION OF REIMBURSEMENT SETTLEMENT (TEFRA),nan
E3_1_IRF_C1_5,Inpatient Rehabilitation Facility | Line 5 | Col 1,NUMERIC,E30C181,"E-3, Part I: Settlement - IRF",00500,00100,Amount,CALCULATION OF REIMBURSEMENT SETTLEMENT (TEFRA),nan
E3_1_IRF_C1_6,Inpatient Rehabilitation Facility | Line 6 | Col 1,NUMERIC,E30C181,"E-3, Part I: Settlement - IRF",00600,00100,Amount,CALCULATION OF REIMBURSEMENT SETTLEMENT (TEFRA),nan
E3_1_IRF_C1_7,Inpatient Rehabilitation Facility | Line 7 | Col 1,NUMERIC,E30C181,"E-3, Part I: Settlement - IRF",00700,00100,Amount,CALCULATION OF REIMBURSEMENT SETTLEMENT (TEFRA),nan
E3_1_IRF_C1_8,Inpatient Rehabilitation Facility | Line 8 | Col 1,NUMERIC,E30C181,"E-3, Part I: Settlement - IRF",00800,00100,Amount,CALCULATION OF REIMBURSEMENT SETTLEMENT (TEFRA),nan
E3_1_IRF_C1_9,Inpatient Rehabilitation Facility | Line 9 | Col 1,NUMERIC,E30C181,"E-3, Part I: Settlement - IRF",00900,00100,Amount,CALCULATION OF REIMBURSEMENT SETTLEMENT (TEFRA),nan
E3_1_SNF_C1_1,Skilled Nursing Facility | Line 1 | Col 1,NUMERIC,E30E181,"E-3, Part I: Settlement - SNF",00100,00100,Amount,CALCULATION OF REIMBURSEMENT SETTLEMENT (TEFRA),nan
E3_1_SNF_C1_10,Skilled Nursing Facility | Line 10 | Col 1,NUMERIC,E30E181,"E-3, Part I: Settlement - SNF",01000,00100,Amount,CALCULATION OF REIMBURSEMENT SETTLEMENT (TEFRA),nan
E3_1_SNF_C1_11,Skilled Nursing Facility | Line 11 | Col 1,NUMERIC,E30E181,"E-3, Part I: Settlement - SNF",01100,00100,Amount,CALCULATION OF REIMBURSEMENT SETTLEMENT (TEFRA),nan
E3_1_SNF_C1_12,Skilled Nursing Facility | Line 12 | Col 1,NUMERIC,E30E181,"E-3, Part I: Settlement - SNF",01200,00100,Amount,CALCULATION OF REIMBURSEMENT SETTLEMENT (TEFRA),nan
E3_1_SNF_C1_13,Skilled Nursing Facility | Line 13 | Col 1,NUMERIC,E30E181,"E-3, Part I: Settlement - SNF",01300,00100,Amount,CALCULATION OF REIMBURSEMENT SETTLEMENT (TEFRA),nan
E3_1_SNF_C1_14,Skilled Nursing Facility | Line 14 | Col 1,NUMERIC,E30E181,"E-3, Part I: Settlement - SNF",01400,00100,Amount,CALCULATION OF REIMBURSEMENT SETTLEMENT (TEFRA),nan
E3_1_SNF_C1_15,Skilled Nursing Facility | Line 15 | Col 1,NUMERIC,E30E181,"E-3, Part I: Settlement - SNF",01500,00100,Amount,CALCULATION OF REIMBURSEMENT SETTLEMENT (TEFRA),nan
E3_1_SNF_C1_16,Skilled Nursing Facility | Line 16 | Col 1,NUMERIC,E30E181,"E-3, Part I: Settlement - SNF",01600,00100,Amount,CALCULATION OF REIMBURSEMENT SETTLEMENT (TEFRA),nan
E3_1_SNF_C1_18,Skilled Nursing Facility | Line 18 | Col 1,NUMERIC,E30E181,"E-3, Part I: Settlement - SNF",01800,00100,Amount,CALCULATION OF REIMBURSEMENT SETTLEMENT (TEFRA),nan
E3_1_SNF_C1_19,Skilled Nursing Facility | Line 19 | Col 1,NUMERIC,E30E181,"E-3, Part I: Settlement - SNF",01900,00100,Amount,CALCULATION OF REIMBURSEMENT SETTLEMENT (TEFRA),nan
E3_1_SNF_C1_2,Skilled Nursing Facility | Line 2 | Col 1,NUMERIC,E30E181,"E-3, Part I: Settlement - SNF",00200,00100,Amount,CALCULATION OF REIMBURSEMENT SETTLEMENT (TEFRA),nan
E3_1_SNF_C1_20,Skilled Nursing Facility | Line 20 | Col 1,NUMERIC,E30E181,"E-3, Part I: Settlement - SNF",02000,00100,Amount,CALCULATION OF REIMBURSEMENT SETTLEMENT (TEFRA),nan
E3_1_SNF_C1_21,Skilled Nursing Facility | Line 21 | Col 1,NUMERIC,E30E181,"E-3, Part I: Settlement - SNF",02100,00100,Amount,CALCULATION OF REIMBURSEMENT SETTLEMENT (TEFRA),nan
E3_1_SNF_C1_22,Skilled Nursing Facility | Line 22 | Col 1,NUMERIC,E30E181,"E-3, Part I: Settlement - SNF",02200,00100,Amount,CALCULATION OF REIMBURSEMENT SETTLEMENT (TEFRA),nan
E3_1_SNF_C1_3,Skilled Nursing Facility | Line 3 | Col 1,NUMERIC,E30E181,"E-3, Part I: Settlement - SNF",00300,00100,Amount,CALCULATION OF REIMBURSEMENT SETTLEMENT (TEFRA),nan
E3_1_SNF_C1_4,Skilled Nursing Facility | Line 4 | Col 1,NUMERIC,E30E181,"E-3, Part I: Settlement - SNF",00400,00100,Amount,CALCULATION OF REIMBURSEMENT SETTLEMENT (TEFRA),nan
E3_1_SNF_C1_5,Skilled Nursing Facility | Line 5 | Col 1,NUMERIC,E30E181,"E-3, Part I: Settlement - SNF",00500,00100,Amount,CALCULATION OF REIMBURSEMENT SETTLEMENT (TEFRA),nan
E3_1_SNF_C1_6,Skilled Nursing Facility | Line 6 | Col 1,NUMERIC,E30E181,"E-3, Part I: Settlement - SNF",00600,00100,Amount,CALCULATION OF REIMBURSEMENT SETTLEMENT (TEFRA),nan
E3_1_SNF_C1_7,Skilled Nursing Facility | Line 7 | Col 1,NUMERIC,E30E181,"E-3, Part I: Settlement - SNF",00700,00100,Amount,CALCULATION OF REIMBURSEMENT SETTLEMENT (TEFRA),nan
E3_1_SNF_C1_8,Skilled Nursing Facility | Line 8 | Col 1,NUMERIC,E30E181,"E-3, Part I: Settlement - SNF",00800,00100,Amount,CALCULATION OF REIMBURSEMENT SETTLEMENT (TEFRA),nan
E3_1_SNF_C1_9,Skilled Nursing Facility | Line 9 | Col 1,NUMERIC,E30E181,"E-3, Part I: Settlement - SNF",00900,00100,Amount,CALCULATION OF REIMBURSEMENT SETTLEMENT (TEFRA),nan
E3_1_SUB1_C1_1,Subprovider 1 | Line 1 | Col 1,NUMERIC,E31D181,"E-3, Part I: Settlement - Subprovider 1",00100,00100,Amount,CALCULATION OF REIMBURSEMENT SETTLEMENT (TEFRA),nan
E3_1_SUB1_C1_10,Subprovider 1 | Line 10 | Col 1,NUMERIC,E31D181,"E-3, Part I: Settlement - Subprovider 1",01000,00100,Amount,CALCULATION OF REIMBURSEMENT SETTLEMENT (TEFRA),nan
E3_1_SUB1_C1_11,Subprovider 1 | Line 11 | Col 1,NUMERIC,E31D181,"E-3, Part I: Settlement - Subprovider 1",01100,00100,Amount,CALCULATION OF REIMBURSEMENT SETTLEMENT (TEFRA),nan
E3_1_SUB1_C1_12,Subprovider 1 | Line 12 | Col 1,NUMERIC,E31D181,"E-3, Part I: Settlement - Subprovider 1",01200,00100,Amount,CALCULATION OF REIMBURSEMENT SETTLEMENT (TEFRA),nan
E3_1_SUB1_C1_13,Subprovider 1 | Line 13 | Col 1,NUMERIC,E31D181,"E-3, Part I: Settlement - Subprovider 1",01300,00100,Amount,CALCULATION OF REIMBURSEMENT SETTLEMENT (TEFRA),nan
E3_1_SUB1_C1_14,Subprovider 1 | Line 14 | Col 1,NUMERIC,E31D181,"E-3, Part I: Settlement - Subprovider 1",01400,00100,Amount,CALCULATION OF REIMBURSEMENT SETTLEMENT (TEFRA),nan
E3_1_SUB1_C1_15,Subprovider 1 | Line 15 | Col 1,NUMERIC,E31D181,"E-3, Part I: Settlement - Subprovider 1",01500,00100,Amount,CALCULATION OF REIMBURSEMENT SETTLEMENT (TEFRA),nan
E3_1_SUB1_C1_16,Subprovider 1 | Line 16 | Col 1,NUMERIC,E31D181,"E-3, Part I: Settlement - Subprovider 1",01600,00100,Amount,CALCULATION OF REIMBURSEMENT SETTLEMENT (TEFRA),nan
E3_1_SUB1_C1_18,Subprovider 1 | Line 18 | Col 1,NUMERIC,E31D181,"E-3, Part I: Settlement - Subprovider 1",01800,00100,Amount,CALCULATION OF REIMBURSEMENT SETTLEMENT (TEFRA),nan
E3_1_SUB1_C1_19,Subprovider 1 | Line 19 | Col 1,NUMERIC,E31D181,"E-3, Part I: Settlement - Subprovider 1",01900,00100,Amount,CALCULATION OF REIMBURSEMENT SETTLEMENT (TEFRA),nan
E3_1_SUB1_C1_2,Subprovider 1 | Line 2 | Col 1,NUMERIC,E31D181,"E-3, Part I: Settlement - Subprovider 1",00200,00100,Amount,CALCULATION OF REIMBURSEMENT SETTLEMENT (TEFRA),nan
E3_1_SUB1_C1_20,Subprovider 1 | Line 20 | Col 1,NUMERIC,E31D181,"E-3, Part I: Settlement - Subprovider 1",02000,00100,Amount,CALCULATION OF REIMBURSEMENT SETTLEMENT (TEFRA),nan
E3_1_SUB1_C1_21,Subprovider 1 | Line 21 | Col 1,NUMERIC,E31D181,"E-3, Part I: Settlement - Subprovider 1",02100,00100,Amount,CALCULATION OF REIMBURSEMENT SETTLEMENT (TEFRA),nan
E3_1_SUB1_C1_22,Subprovider 1 | Line 22 | Col 1,NUMERIC,E31D181,"E-3, Part I: Settlement - Subprovider 1",02200,00100,Amount,CALCULATION OF REIMBURSEMENT SETTLEMENT (TEFRA),nan
E3_1_SUB1_C1_3,Subprovider 1 | Line 3 | Col 1,NUMERIC,E31D181,"E-3, Part I: Settlement - Subprovider 1",00300,00100,Amount,CALCULATION OF REIMBURSEMENT SETTLEMENT (TEFRA),nan
E3_1_SUB1_C1_4,Subprovider 1 | Line 4 | Col 1,NUMERIC,E31D181,"E-3, Part I: Settlement - Subprovider 1",00400,00100,Amount,CALCULATION OF REIMBURSEMENT SETTLEMENT (TEFRA),nan
E3_1_SUB1_C1_5,Subprovider 1 | Line 5 | Col 1,NUMERIC,E31D181,"E-3, Part I: Settlement - Subprovider 1",00500,00100,Amount,CALCULATION OF REIMBURSEMENT SETTLEMENT (TEFRA),nan
E3_1_SUB1_C1_6,Subprovider 1 | Line 6 | Col 1,NUMERIC,E31D181,"E-3, Part I: Settlement - Subprovider 1",00600,00100,Amount,CALCULATION OF REIMBURSEMENT SETTLEMENT (TEFRA),nan
E3_1_SUB1_C1_7,Subprovider 1 | Line 7 | Col 1,NUMERIC,E31D181,"E-3, Part I: Settlement - Subprovider 1",00700,00100,Amount,CALCULATION OF REIMBURSEMENT SETTLEMENT (TEFRA),nan
E3_1_SUB1_C1_8,Subprovider 1 | Line 8 | Col 1,NUMERIC,E31D181,"E-3, Part I: Settlement - Subprovider 1",00800,00100,Amount,CALCULATION OF REIMBURSEMENT SETTLEMENT (TEFRA),nan
E3_1_SUB1_C1_9,Subprovider 1 | Line 9 | Col 1,NUMERIC,E31D181,"E-3, Part I: Settlement - Subprovider 1",00900,00100,Amount,CALCULATION OF REIMBURSEMENT SETTLEMENT (TEFRA),nan
E3_1_SUB2_C1_1,Subprovider 2 | Line 1 | Col 1,NUMERIC,E32D181,"E-3, Part I: Settlement - Subprovider 2",00100,00100,Amount,CALCULATION OF REIMBURSEMENT SETTLEMENT (TEFRA),nan
E3_1_SUB2_C1_10,Subprovider 2 | Line 10 | Col 1,NUMERIC,E32D181,"E-3, Part I: Settlement - Subprovider 2",01000,00100,Amount,CALCULATION OF REIMBURSEMENT SETTLEMENT (TEFRA),nan
E3_1_SUB2_C1_11,Subprovider 2 | Line 11 | Col 1,NUMERIC,E32D181,"E-3, Part I: Settlement - Subprovider 2",01100,00100,Amount,CALCULATION OF REIMBURSEMENT SETTLEMENT (TEFRA),nan
E3_1_SUB2_C1_12,Subprovider 2 | Line 12 | Col 1,NUMERIC,E32D181,"E-3, Part I: Settlement - Subprovider 2",01200,00100,Amount,CALCULATION OF REIMBURSEMENT SETTLEMENT (TEFRA),nan
E3_1_SUB2_C1_13,Subprovider 2 | Line 13 | Col 1,NUMERIC,E32D181,"E-3, Part I: Settlement - Subprovider 2",01300,00100,Amount,CALCULATION OF REIMBURSEMENT SETTLEMENT (TEFRA),nan
E3_1_SUB2_C1_14,Subprovider 2 | Line 14 | Col 1,NUMERIC,E32D181,"E-3, Part I: Settlement - Subprovider 2",01400,00100,Amount,CALCULATION OF REIMBURSEMENT SETTLEMENT (TEFRA),nan
E3_1_SUB2_C1_15,Subprovider 2 | Line 15 | Col 1,NUMERIC,E32D181,"E-3, Part I: Settlement - Subprovider 2",01500,00100,Amount,CALCULATION OF REIMBURSEMENT SETTLEMENT (TEFRA),nan
E3_1_SUB2_C1_16,Subprovider 2 | Line 16 | Col 1,NUMERIC,E32D181,"E-3, Part I: Settlement - Subprovider 2",01600,00100,Amount,CALCULATION OF REIMBURSEMENT SETTLEMENT (TEFRA),nan
E3_1_SUB2_C1_18,Subprovider 2 | Line 18 | Col 1,NUMERIC,E32D181,"E-3, Part I: Settlement - Subprovider 2",01800,00100,Amount,CALCULATION OF REIMBURSEMENT SETTLEMENT (TEFRA),nan
E3_1_SUB2_C1_19,Subprovider 2 | Line 19 | Col 1,NUMERIC,E32D181,"E-3, Part I: Settlement - Subprovider 2",01900,00100,Amount,CALCULATION OF REIMBURSEMENT SETTLEMENT (TEFRA),nan
E3_1_SUB2_C1_2,Subprovider 2 | Line 2 | Col 1,NUMERIC,E32D181,"E-3, Part I: Settlement - Subprovider 2",00200,00100,Amount,CALCULATION OF REIMBURSEMENT SETTLEMENT (TEFRA),nan
E3_1_SUB2_C1_20,Subprovider 2 | Line 20 | Col 1,NUMERIC,E32D181,"E-3, Part I: Settlement - Subprovider 2",02000,00100,Amount,CALCULATION OF REIMBURSEMENT SETTLEMENT (TEFRA),nan
E3_1_SUB2_C1_21,Subprovider 2 | Line 21 | Col 1,NUMERIC,E32D181,"E-3, Part I: Settlement - Subprovider 2",02100,00100,Amount,CALCULATION OF REIMBURSEMENT SETTLEMENT (TEFRA),nan
E3_1_SUB2_C1_22,Subprovider 2 | Line 22 | Col 1,NUMERIC,E32D181,"E-3, Part I: Settlement - Subprovider 2",02200,00100,Amount,CALCULATION OF REIMBURSEMENT SETTLEMENT (TEFRA),nan
E3_1_SUB2_C1_3,Subprovider 2 | Line 3 | Col 1,NUMERIC,E32D181,"E-3, Part I: Settlement - Subprovider 2",00300,00100,Amount,CALCULATION OF REIMBURSEMENT SETTLEMENT (TEFRA),nan
E3_1_SUB2_C1_4,Subprovider 2 | Line 4 | Col 1,NUMERIC,E32D181,"E-3, Part I: Settlement - Subprovider 2",00400,00100,Amount,CALCULATION OF REIMBURSEMENT SETTLEMENT (TEFRA),nan
E3_1_SUB2_C1_5,Subprovider 2 | Line 5 | Col 1,NUMERIC,E32D181,"E-3, Part I: Settlement - Subprovider 2",00500,00100,Amount,CALCULATION OF REIMBURSEMENT SETTLEMENT (TEFRA),nan
E3_1_SUB2_C1_6,Subprovider 2 | Line 6 | Col 1,NUMERIC,E32D181,"E-3, Part I: Settlement - Subprovider 2",00600,00100,Amount,CALCULATION OF REIMBURSEMENT SETTLEMENT (TEFRA),nan
E3_1_SUB2_C1_7,Subprovider 2 | Line 7 | Col 1,NUMERIC,E32D181,"E-3, Part I: Settlement - Subprovider 2",00700,00100,Amount,CALCULATION OF REIMBURSEMENT SETTLEMENT (TEFRA),nan
E3_1_SUB2_C1_8,Subprovider 2 | Line 8 | Col 1,NUMERIC,E32D181,"E-3, Part I: Settlement - Subprovider 2",00800,00100,Amount,CALCULATION OF REIMBURSEMENT SETTLEMENT (TEFRA),nan
E3_1_SUB2_C1_9,Subprovider 2 | Line 9 | Col 1,NUMERIC,E32D181,"E-3, Part I: Settlement - Subprovider 2",00900,00100,Amount,CALCULATION OF REIMBURSEMENT SETTLEMENT (TEFRA),nan
E3_2_HOS_C1_13,Hospital | Line 13 | Col 1,NUMERIC,E30A182,"E-3, Part II: Settlement - Hospital",01300,00100,Amount,nan,nan
E3_2_HOS_C1_14,Hospital | Line 14 | Col 1,NUMERIC,E30A182,"E-3, Part II: Settlement - Hospital",01400,00100,Amount,nan,nan
E3_2_HOS_C1_15,Hospital | Line 15 | Col 1,NUMERIC,E30A182,"E-3, Part II: Settlement - Hospital",01500,00100,Amount,nan,nan
E3_2_HOS_C1_17,Hospital | Line 17 | Col 1,NUMERIC,E30A182,"E-3, Part II: Settlement - Hospital",01700,00100,Amount,nan,nan
E3_2_HOS_C1_28,Hospital | Line 28 | Col 1,NUMERIC,E30A182,"E-3, Part II: Settlement - Hospital",02800,00100,Amount,nan,nan
E3_2_HOS_C1_29,Hospital | Line 29 | Col 1,NUMERIC,E30A182,"E-3, Part II: Settlement - Hospital",02900,00100,Amount,nan,nan
E3_2_HOS_C1_3,Hospital | Line 3 | Col 1,NUMERIC,E30A182,"E-3, Part II: Settlement - Hospital",00300,00100,Amount,nan,nan
E3_2_HOS_C1_33,Hospital | Line 33 | Col 1,NUMERIC,E30A182,"E-3, Part II: Settlement - Hospital",03300,00100,Amount,nan,nan
E3_2_HOS_C1_35,Hospital | Line 35 | Col 1,NUMERIC,E30A182,"E-3, Part II: Settlement - Hospital",03500,00100,Amount,nan,nan
E3_2_HOS_C1_5,Hospital | Line 5 | Col 1,NUMERIC,E30A182,"E-3, Part II: Settlement - Hospital",00500,00100,Amount,nan,nan
E3_2_HOS_C1_7,Hospital | Line 7 | Col 1,NUMERIC,E30A182,"E-3, Part II: Settlement - Hospital",00700,00100,Amount,nan,nan
E3_2_IPF_C1_13,Inpatient Psychiatric Facility | Line 13 | Col 1,NUMERIC,E30B182,"E-3, Part II: Settlement - IPF",01300,00100,Amount,CALCULATION OF REIMBURSEMENT SETTLEMENT (PPS),nan
E3_2_IPF_C1_14,Inpatient Psychiatric Facility | Line 14 | Col 1,NUMERIC,E30B182,"E-3, Part II: Settlement - IPF",01400,00100,Amount,CALCULATION OF REIMBURSEMENT SETTLEMENT (PPS),nan
E3_2_IPF_C1_15,Inpatient Psychiatric Facility | Line 15 | Col 1,NUMERIC,E30B182,"E-3, Part II: Settlement - IPF",01500,00100,Amount,CALCULATION OF REIMBURSEMENT SETTLEMENT (PPS),nan
E3_2_IPF_C1_17,Inpatient Psychiatric Facility | Line 17 | Col 1,NUMERIC,E30B182,"E-3, Part II: Settlement - IPF",01700,00100,Amount,CALCULATION OF REIMBURSEMENT SETTLEMENT (PPS),nan
E3_2_IPF_C1_27,Inpatient Psychiatric Facility | Line 27 | Col 1,NUMERIC,E30B182,"E-3, Part II: Settlement - IPF",02700,00100,Amount,CALCULATION OF REIMBURSEMENT SETTLEMENT (PPS),nan
E3_2_IPF_C1_29,Inpatient Psychiatric Facility | Line 29 | Col 1,NUMERIC,E30B182,"E-3, Part II: Settlement - IPF",02900,00100,Amount,CALCULATION OF REIMBURSEMENT SETTLEMENT (PPS),nan
E3_2_IPF_C1_33,Inpatient Psychiatric Facility | Line 33 | Col 1,NUMERIC,E30B182,"E-3, Part II: Settlement - IPF",03300,00100,Amount,CALCULATION OF REIMBURSEMENT SETTLEMENT (PPS),nan
E3_2_IPF_C1_4,Inpatient Psychiatric Facility | Line 4 | Col 1,NUMERIC,E30B182,"E-3, Part II: Settlement - IPF",00400,00100,Amount,CALCULATION OF REIMBURSEMENT SETTLEMENT (PPS),nan
E3_3_HOS_C1_11,Hospital | Line 11 | Col 1,NUMERIC,E30A183,"E-3, Part III: Settlement - Hospital",01100,00100,Amount,nan,nan
E3_3_HOS_C1_12,Hospital | Line 12 | Col 1,NUMERIC,E30A183,"E-3, Part III: Settlement - Hospital",01200,00100,Amount,nan,nan
E3_3_HOS_C1_14,Hospital | Line 14 | Col 1,NUMERIC,E30A183,"E-3, Part III: Settlement - Hospital",01400,00100,Amount,nan,nan
E3_3_HOS_C1_15,Hospital | Line 15 | Col 1,NUMERIC,E30A183,"E-3, Part III: Settlement - Hospital",01500,00100,Amount,nan,nan
E3_3_HOS_C1_16,Hospital | Line 16 | Col 1,NUMERIC,E30A183,"E-3, Part III: Settlement - Hospital",01600,00100,Amount,nan,nan
E3_3_HOS_C1_18,Hospital | Line 18 | Col 1,NUMERIC,E30A183,"E-3, Part III: Settlement - Hospital",01800,00100,Amount,nan,nan
E3_3_HOS_C1_24,Hospital | Line 24 | Col 1,NUMERIC,E30A183,"E-3, Part III: Settlement - Hospital",02400,00100,Amount,nan,nan
E3_3_HOS_C1_25,Hospital | Line 25 | Col 1,NUMERIC,E30A183,"E-3, Part III: Settlement - Hospital",02500,00100,Amount,nan,nan
E3_3_HOS_C1_26,Hospital | Line 26 | Col 1,NUMERIC,E30A183,"E-3, Part III: Settlement - Hospital",02600,00100,Amount,nan,nan
E3_3_HOS_C1_28,Hospital | Line 28 | Col 1,NUMERIC,E30A183,"E-3, Part III: Settlement - Hospital",02800,00100,Amount,nan,nan
E3_3_HOS_C1_29,Hospital | Line 29 | Col 1,NUMERIC,E30A183,"E-3, Part III: Settlement - Hospital",02900,00100,Amount,nan,nan
E3_3_HOS_C1_30,Hospital | Line 30 | Col 1,NUMERIC,E30A183,"E-3, Part III: Settlement - Hospital",03000,00100,Amount,nan,nan
E3_3_HOS_C1_34,Hospital | Line 34 | Col 1,NUMERIC,E30A183,"E-3, Part III: Settlement - Hospital",03400,00100,Amount,nan,nan
E3_3_HOS_C1_36,Hospital | Line 36 | Col 1,NUMERIC,E30A183,"E-3, Part III: Settlement - Hospital",03600,00100,Amount,nan,nan
E3_3_HOS_C1_5,Hospital | Line 5 | Col 1,NUMERIC,E30A183,"E-3, Part III: Settlement - Hospital",00500,00100,Amount,nan,nan
E3_3_HOS_C1_51,Hospital | Line 51 | Col 1,NUMERIC,E30A183,"E-3, Part III: Settlement - Hospital",05100,00100,Amount,nan,nan
E3_3_HOS_C1_52,Hospital | Line 52 | Col 1,NUMERIC,E30A183,"E-3, Part III: Settlement - Hospital",05200,00100,Amount,nan,nan
E3_3_HOS_C1_53,Hospital | Line 53 | Col 1,NUMERIC,E30A183,"E-3, Part III: Settlement - Hospital",05300,00100,Amount,nan,nan
E3_3_HOS_C1_6,Hospital | Line 6 | Col 1,NUMERIC,E30A183,"E-3, Part III: Settlement - Hospital",00600,00100,Amount,nan,nan
E3_3_HOS_C1_7,Hospital | Line 7 | Col 1,NUMERIC,E30A183,"E-3, Part III: Settlement - Hospital",00700,00100,Amount,nan,nan
E3_3_HOS_C1_8,Hospital | Line 8 | Col 1,NUMERIC,E30A183,"E-3, Part III: Settlement - Hospital",00800,00100,Amount,nan,nan
E3_3_HOS_C1_9,Hospital | Line 9 | Col 1,NUMERIC,E30A183,"E-3, Part III: Settlement - Hospital",00900,00100,Amount,nan,nan
E3_3_IRF_C1_11,Inpatient Rehabilitation Facility | Line 11 | Col 1,NUMERIC,E30C183,"E-3, Part III: Settlement - IRF",01100,00100,Amount,CALCULATION OF REIMBURSEMENT SETTLEMENT (PPS),nan
E3_3_IRF_C1_12,Inpatient Rehabilitation Facility | Line 12 | Col 1,NUMERIC,E30C183,"E-3, Part III: Settlement - IRF",01200,00100,Amount,CALCULATION OF REIMBURSEMENT SETTLEMENT (PPS),nan
E3_3_IRF_C1_14,Inpatient Rehabilitation Facility | Line 14 | Col 1,NUMERIC,E30C183,"E-3, Part III: Settlement - IRF",01400,00100,Amount,CALCULATION OF REIMBURSEMENT SETTLEMENT (PPS),nan
E3_3_IRF_C1_15,Inpatient Rehabilitation Facility | Line 15 | Col 1,NUMERIC,E30C183,"E-3, Part III: Settlement - IRF",01500,00100,Amount,CALCULATION OF REIMBURSEMENT SETTLEMENT (PPS),nan
E3_3_IRF_C1_16,Inpatient Rehabilitation Facility | Line 16 | Col 1,NUMERIC,E30C183,"E-3, Part III: Settlement - IRF",01600,00100,Amount,CALCULATION OF REIMBURSEMENT SETTLEMENT (PPS),nan
E3_3_IRF_C1_18,Inpatient Rehabilitation Facility | Line 18 | Col 1,NUMERIC,E30C183,"E-3, Part III: Settlement - IRF",01800,00100,Amount,CALCULATION OF REIMBURSEMENT SETTLEMENT (PPS),nan
E3_3_IRF_C1_28,Inpatient Rehabilitation Facility | Line 28 | Col 1,NUMERIC,E30C183,"E-3, Part III: Settlement - IRF",02800,00100,Amount,CALCULATION OF REIMBURSEMENT SETTLEMENT (PPS),nan
E3_3_IRF_C1_30,Inpatient Rehabilitation Facility | Line 30 | Col 1,NUMERIC,E30C183,"E-3, Part III: Settlement - IRF",03000,00100,Amount,CALCULATION OF REIMBURSEMENT SETTLEMENT (PPS),nan
E3_3_IRF_C1_34,Inpatient Rehabilitation Facility | Line 34 | Col 1,NUMERIC,E30C183,"E-3, Part III: Settlement - IRF",03400,00100,Amount,CALCULATION OF REIMBURSEMENT SETTLEMENT (PPS),nan
E3_3_IRF_C1_5,Inpatient Rehabilitation Facility | Line 5 | Col 1,NUMERIC,E30C183,"E-3, Part III: Settlement - IRF",00500,00100,Amount,CALCULATION OF REIMBURSEMENT SETTLEMENT (PPS),nan
E3_3_IRF_C1_51,Inpatient Rehabilitation Facility | Line 51 | Col 1,NUMERIC,E30C183,"E-3, Part III: Settlement - IRF",05100,00100,Amount,CALCULATION OF REIMBURSEMENT SETTLEMENT (PPS),nan
E3_3_IRF_C1_52,Inpatient Rehabilitation Facility | Line 52 | Col 1,NUMERIC,E30C183,"E-3, Part III: Settlement - IRF",05200,00100,Amount,CALCULATION OF REIMBURSEMENT SETTLEMENT (PPS),nan
E3_3_IRF_C1_53,Inpatient Rehabilitation Facility | Line 53 | Col 1,NUMERIC,E30C183,"E-3, Part III: Settlement - IRF",05300,00100,Amount,CALCULATION OF REIMBURSEMENT SETTLEMENT (PPS),nan
E3_3_IRF_C1_6,Inpatient Rehabilitation Facility | Line 6 | Col 1,NUMERIC,E30C183,"E-3, Part III: Settlement - IRF",00600,00100,Amount,CALCULATION OF REIMBURSEMENT SETTLEMENT (PPS),nan
E3_3_IRF_C1_7,Inpatient Rehabilitation Facility | Line 7 | Col 1,NUMERIC,E30C183,"E-3, Part III: Settlement - IRF",00700,00100,Amount,CALCULATION OF REIMBURSEMENT SETTLEMENT (PPS),nan
E3_3_IRF_C1_8,Inpatient Rehabilitation Facility | Line 8 | Col 1,NUMERIC,E30C183,"E-3, Part III: Settlement - IRF",00800,00100,Amount,CALCULATION OF REIMBURSEMENT SETTLEMENT (PPS),nan
E3_3_IRF_C1_9,Inpatient Rehabilitation Facility | Line 9 | Col 1,NUMERIC,E30C183,"E-3, Part III: Settlement - IRF",00900,00100,Amount,CALCULATION OF REIMBURSEMENT SETTLEMENT (PPS),nan
E3_4_HOS_C1_102,Hospital | Line 1.02 | Col 1,UNKNOWN,,,102,1,,nan,nan
E3_4_HOS_C1_103,Hospital | Line 1.03 | Col 1,UNKNOWN,,,103,1,,nan,nan
E3_4_HOS_C1_18,Hospital | Line 18 | Col 1,NUMERIC,E30A184,"E-3, Part IV: Settlement - Hospital",01800,00100,Amount,nan,nan
E3_4_HOS_C1_19,Hospital | Line 19 | Col 1,NUMERIC,E30A184,"E-3, Part IV: Settlement - Hospital",01900,00100,Amount,nan,nan
E3_4_HOS_C1_20,Hospital | Line 20 | Col 1,NUMERIC,E30A184,"E-3, Part IV: Settlement - Hospital",02000,00100,Amount,nan,nan
E3_4_HOS_C1_2150,Hospital | Line 21.50 | Col 1,UNKNOWN,,,2150,1,,nan,nan
E3_4_HOS_C1_2199,Hospital | Line 21.99 | Col 1,UNKNOWN,,,2199,1,,nan,nan
E3_4_HOS_C1_24,Hospital | Line 24 | Col 1,NUMERIC,E30A184,"E-3, Part IV: Settlement - Hospital",02400,00100,Amount,nan,nan
E3_4_HOS_C1_26,Hospital | Line 26 | Col 1,NUMERIC,E30A184,"E-3, Part IV: Settlement - Hospital",02600,00100,Amount,nan,nan
E3_4_HOS_C1_4,Hospital | Line 4 | Col 1,NUMERIC,E30A184,"E-3, Part IV: Settlement - Hospital",00400,00100,Amount,nan,nan
E3_4_HOS_C1_5,Hospital | Line 5 | Col 1,NUMERIC,E30A184,"E-3, Part IV: Settlement - Hospital",00500,00100,Amount,nan,nan
E3_4_HOS_C1_51,Hospital | Line 51 | Col 1,NUMERIC,E30A184,"E-3, Part IV: Settlement - Hospital",05100,00100,Amount,nan,nan
E3_4_HOS_C1_52,Hospital | Line 52 | Col 1,NUMERIC,E30A184,"E-3, Part IV: Settlement - Hospital",05200,00100,Amount,nan,nan
E3_4_HOS_C1_53,Hospital | Line 53 | Col 1,NUMERIC,E30A184,"E-3, Part IV: Settlement - Hospital",05300,00100,Amount,nan,nan
E3_4_HOS_C1_6,Hospital | Line 6 | Col 1,NUMERIC,E30A184,"E-3, Part IV: Settlement - Hospital",00600,00100,Amount,nan,nan
E3_4_HOS_C1_8,Hospital | Line 8 | Col 1,NUMERIC,E30A184,"E-3, Part IV: Settlement - Hospital",00800,00100,Amount,nan,nan
E3_4_SUB1_C1_1,Subprovider 1 | Line 1 | Col 1,NUMERIC,E31D184,"E-3, Part IV: Settlement - Subprovider 1",00100,00100,Amount,LTCH PPS,nan
E3_4_SUB1_C1_10,Subprovider 1 | Line 10 | Col 1,NUMERIC,E31D184,"E-3, Part IV: Settlement - Subprovider 1",01000,00100,Amount,LTCH PPS,nan
E3_4_SUB1_C1_11,Subprovider 1 | Line 11 | Col 1,NUMERIC,E31D184,"E-3, Part IV: Settlement - Subprovider 1",01100,00100,Amount,LTCH PPS,nan
E3_4_SUB1_C1_12,Subprovider 1 | Line 12 | Col 1,NUMERIC,E31D184,"E-3, Part IV: Settlement - Subprovider 1",01200,00100,Amount,LTCH PPS,nan
E3_4_SUB1_C1_13,Subprovider 1 | Line 13 | Col 1,NUMERIC,E31D184,"E-3, Part IV: Settlement - Subprovider 1",01300,00100,Amount,LTCH PPS,nan
E3_4_SUB1_C1_14,Subprovider 1 | Line 14 | Col 1,NUMERIC,E31D184,"E-3, Part IV: Settlement - Subprovider 1",01400,00100,Amount,LTCH PPS,nan
E3_4_SUB1_C1_15,Subprovider 1 | Line 15 | Col 1,NUMERIC,E31D184,"E-3, Part IV: Settlement - Subprovider 1",01500,00100,Amount,LTCH PPS,nan
E3_4_SUB1_C1_16,Subprovider 1 | Line 16 | Col 1,NUMERIC,E31D184,"E-3, Part IV: Settlement - Subprovider 1",01600,00100,Amount,LTCH PPS,nan
E3_4_SUB1_C1_17,Subprovider 1 | Line 17 | Col 1,NUMERIC,E31D184,"E-3, Part IV: Settlement - Subprovider 1",01700,00100,Amount,LTCH PPS,nan
E3_4_SUB1_C1_18,Subprovider 1 | Line 18 | Col 1,NUMERIC,E31D184,"E-3, Part IV: Settlement - Subprovider 1",01800,00100,Amount,LTCH PPS,nan
E3_4_SUB1_C1_19,Subprovider 1 | Line 19 | Col 1,NUMERIC,E31D184,"E-3, Part IV: Settlement - Subprovider 1",01900,00100,Amount,LTCH PPS,nan
E3_4_SUB1_C1_2,Subprovider 1 | Line 2 | Col 1,NUMERIC,E31D184,"E-3, Part IV: Settlement - Subprovider 1",00200,00100,Amount,LTCH PPS,nan
E3_4_SUB1_C1_20,Subprovider 1 | Line 20 | Col 1,NUMERIC,E31D184,"E-3, Part IV: Settlement - Subprovider 1",02000,00100,Amount,LTCH PPS,nan
E3_4_SUB1_C1_22,Subprovider 1 | Line 22 | Col 1,NUMERIC,E31D184,"E-3, Part IV: Settlement - Subprovider 1",02200,00100,Amount,LTCH PPS,nan
E3_4_SUB1_C1_23,Subprovider 1 | Line 23 | Col 1,NUMERIC,E31D184,"E-3, Part IV: Settlement - Subprovider 1",02300,00100,Amount,LTCH PPS,nan
E3_4_SUB1_C1_24,Subprovider 1 | Line 24 | Col 1,NUMERIC,E31D184,"E-3, Part IV: Settlement - Subprovider 1",02400,00100,Amount,LTCH PPS,nan
E3_4_SUB1_C1_25,Subprovider 1 | Line 25 | Col 1,NUMERIC,E31D184,"E-3, Part IV: Settlement - Subprovider 1",02500,00100,Amount,LTCH PPS,nan
E3_4_SUB1_C1_26,Subprovider 1 | Line 26 | Col 1,NUMERIC,E31D184,"E-3, Part IV: Settlement - Subprovider 1",02600,00100,Amount,LTCH PPS,nan
E3_4_SUB1_C1_3,Subprovider 1 | Line 3 | Col 1,NUMERIC,E31D184,"E-3, Part IV: Settlement - Subprovider 1",00300,00100,Amount,LTCH PPS,nan
E3_4_SUB1_C1_4,Subprovider 1 | Line 4 | Col 1,NUMERIC,E31D184,"E-3, Part IV: Settlement - Subprovider 1",00400,00100,Amount,LTCH PPS,nan
E3_4_SUB1_C1_5,Subprovider 1 | Line 5 | Col 1,NUMERIC,E31D184,"E-3, Part IV: Settlement - Subprovider 1",00500,00100,Amount,LTCH PPS,nan
E3_4_SUB1_C1_50,Subprovider 1 | Line 50 | Col 1,NUMERIC,E31D184,"E-3, Part IV: Settlement - Subprovider 1",05000,00100,Amount,LTCH PPS,nan
E3_4_SUB1_C1_51,Subprovider 1 | Line 51 | Col 1,NUMERIC,E31D184,"E-3, Part IV: Settlement - Subprovider 1",05100,00100,Amount,LTCH PPS,nan
E3_4_SUB1_C1_52,Subprovider 1 | Line 52 | Col 1,NUMERIC,E31D184,"E-3, Part IV: Settlement - Subprovider 1",05200,00100,Amount,LTCH PPS,nan
E3_4_SUB1_C1_53,Subprovider 1 | Line 53 | Col 1,NUMERIC,E31D184,"E-3, Part IV: Settlement - Subprovider 1",05300,00100,Amount,LTCH PPS,nan
E3_4_SUB1_C1_6,Subprovider 1 | Line 6 | Col 1,NUMERIC,E31D184,"E-3, Part IV: Settlement - Subprovider 1",00600,00100,Amount,LTCH PPS,nan
E3_4_SUB1_C1_7,Subprovider 1 | Line 7 | Col 1,NUMERIC,E31D184,"E-3, Part IV: Settlement - Subprovider 1",00700,00100,Amount,LTCH PPS,nan
E3_4_SUB1_C1_8,Subprovider 1 | Line 8 | Col 1,NUMERIC,E31D184,"E-3, Part IV: Settlement - Subprovider 1",00800,00100,Amount,LTCH PPS,nan
E3_4_SUB1_C1_9,Subprovider 1 | Line 9 | Col 1,NUMERIC,E31D184,"E-3, Part IV: Settlement - Subprovider 1",00900,00100,Amount,LTCH PPS,nan
E3_4_SUB2_C1_1,Subprovider 2 | Line 1 | Col 1,NUMERIC,E32D184,"E-3, Part IV: Settlement - Subprovider 2",00100,00100,Amount,LTCH PPS,nan
E3_4_SUB2_C1_10,Subprovider 2 | Line 10 | Col 1,NUMERIC,E32D184,"E-3, Part IV: Settlement - Subprovider 2",01000,00100,Amount,LTCH PPS,nan
E3_4_SUB2_C1_11,Subprovider 2 | Line 11 | Col 1,NUMERIC,E32D184,"E-3, Part IV: Settlement - Subprovider 2",01100,00100,Amount,LTCH PPS,nan
E3_4_SUB2_C1_12,Subprovider 2 | Line 12 | Col 1,NUMERIC,E32D184,"E-3, Part IV: Settlement - Subprovider 2",01200,00100,Amount,LTCH PPS,nan
E3_4_SUB2_C1_13,Subprovider 2 | Line 13 | Col 1,NUMERIC,E32D184,"E-3, Part IV: Settlement - Subprovider 2",01300,00100,Amount,LTCH PPS,nan
E3_4_SUB2_C1_14,Subprovider 2 | Line 14 | Col 1,NUMERIC,E32D184,"E-3, Part IV: Settlement - Subprovider 2",01400,00100,Amount,LTCH PPS,nan
E3_4_SUB2_C1_15,Subprovider 2 | Line 15 | Col 1,NUMERIC,E32D184,"E-3, Part IV: Settlement - Subprovider 2",01500,00100,Amount,LTCH PPS,nan
E3_4_SUB2_C1_16,Subprovider 2 | Line 16 | Col 1,NUMERIC,E32D184,"E-3, Part IV: Settlement - Subprovider 2",01600,00100,Amount,LTCH PPS,nan
E3_4_SUB2_C1_17,Subprovider 2 | Line 17 | Col 1,NUMERIC,E32D184,"E-3, Part IV: Settlement - Subprovider 2",01700,00100,Amount,LTCH PPS,nan
E3_4_SUB2_C1_18,Subprovider 2 | Line 18 | Col 1,NUMERIC,E32D184,"E-3, Part IV: Settlement - Subprovider 2",01800,00100,Amount,LTCH PPS,nan
E3_4_SUB2_C1_19,Subprovider 2 | Line 19 | Col 1,NUMERIC,E32D184,"E-3, Part IV: Settlement - Subprovider 2",01900,00100,Amount,LTCH PPS,nan
E3_4_SUB2_C1_2,Subprovider 2 | Line 2 | Col 1,NUMERIC,E32D184,"E-3, Part IV: Settlement - Subprovider 2",00200,00100,Amount,LTCH PPS,nan
E3_4_SUB2_C1_20,Subprovider 2 | Line 20 | Col 1,NUMERIC,E32D184,"E-3, Part IV: Settlement - Subprovider 2",02000,00100,Amount,LTCH PPS,nan
E3_4_SUB2_C1_22,Subprovider 2 | Line 22 | Col 1,NUMERIC,E32D184,"E-3, Part IV: Settlement - Subprovider 2",02200,00100,Amount,LTCH PPS,nan
E3_4_SUB2_C1_23,Subprovider 2 | Line 23 | Col 1,NUMERIC,E32D184,"E-3, Part IV: Settlement - Subprovider 2",02300,00100,Amount,LTCH PPS,nan
E3_4_SUB2_C1_24,Subprovider 2 | Line 24 | Col 1,NUMERIC,E32D184,"E-3, Part IV: Settlement - Subprovider 2",02400,00100,Amount,LTCH PPS,nan
E3_4_SUB2_C1_25,Subprovider 2 | Line 25 | Col 1,NUMERIC,E32D184,"E-3, Part IV: Settlement - Subprovider 2",02500,00100,Amount,LTCH PPS,nan
E3_4_SUB2_C1_26,Subprovider 2 | Line 26 | Col 1,NUMERIC,E32D184,"E-3, Part IV: Settlement - Subprovider 2",02600,00100,Amount,LTCH PPS,nan
E3_4_SUB2_C1_3,Subprovider 2 | Line 3 | Col 1,NUMERIC,E32D184,"E-3, Part IV: Settlement - Subprovider 2",00300,00100,Amount,LTCH PPS,nan
E3_4_SUB2_C1_4,Subprovider 2 | Line 4 | Col 1,NUMERIC,E32D184,"E-3, Part IV: Settlement - Subprovider 2",00400,00100,Amount,LTCH PPS,nan
E3_4_SUB2_C1_5,Subprovider 2 | Line 5 | Col 1,NUMERIC,E32D184,"E-3, Part IV: Settlement - Subprovider 2",00500,00100,Amount,LTCH PPS,nan
E3_4_SUB2_C1_50,Subprovider 2 | Line 50 | Col 1,NUMERIC,E32D184,"E-3, Part IV: Settlement - Subprovider 2",05000,00100,Amount,LTCH PPS,nan
E3_4_SUB2_C1_51,Subprovider 2 | Line 51 | Col 1,NUMERIC,E32D184,"E-3, Part IV: Settlement - Subprovider 2",05100,00100,Amount,LTCH PPS,nan
E3_4_SUB2_C1_52,Subprovider 2 | Line 52 | Col 1,NUMERIC,E32D184,"E-3, Part IV: Settlement - Subprovider 2",05200,00100,Amount,LTCH PPS,nan
E3_4_SUB2_C1_53,Subprovider 2 | Line 53 | Col 1,NUMERIC,E32D184,"E-3, Part IV: Settlement - Subprovider 2",05300,00100,Amount,LTCH PPS,nan
E3_4_SUB2_C1_6,Subprovider 2 | Line 6 | Col 1,NUMERIC,E32D184,"E-3, Part IV: Settlement - Subprovider 2",00600,00100,Amount,LTCH PPS,nan
E3_4_SUB2_C1_7,Subprovider 2 | Line 7 | Col 1,NUMERIC,E32D184,"E-3, Part IV: Settlement - Subprovider 2",00700,00100,Amount,LTCH PPS,nan
E3_4_SUB2_C1_8,Subprovider 2 | Line 8 | Col 1,NUMERIC,E32D184,"E-3, Part IV: Settlement - Subprovider 2",00800,00100,Amount,LTCH PPS,nan
E3_4_SUB2_C1_9,Subprovider 2 | Line 9 | Col 1,NUMERIC,E32D184,"E-3, Part IV: Settlement - Subprovider 2",00900,00100,Amount,LTCH PPS,nan
E3_5_C1_10,Line 10 | Col 1,NUMERIC,E30A185,"E-3, Part V: Settlement - Hospital",01000,00100,Amount,nan,nan
E3_5_C1_11,Line 11 | Col 1,NUMERIC,E30A185,"E-3, Part V: Settlement - Hospital",01100,00100,Amount,nan,nan
E3_5_C1_12,Line 12 | Col 1,NUMERIC,E30A185,"E-3, Part V: Settlement - Hospital",01200,00100,Amount,nan,nan
E3_5_C1_13,Line 13 | Col 1,NUMERIC,E30A185,"E-3, Part V: Settlement - Hospital",01300,00100,Amount,nan,nan
E3_5_C1_14,Line 14 | Col 1,NUMERIC,E30A185,"E-3, Part V: Settlement - Hospital",01400,00100,Amount,nan,nan
E3_5_C1_15,Line 15 | Col 1,NUMERIC,E30A185,"E-3, Part V: Settlement - Hospital",01500,00100,Amount,nan,nan
E3_5_C1_16,Line 16 | Col 1,NUMERIC,E30A185,"E-3, Part V: Settlement - Hospital",01600,00100,Amount,nan,nan
E3_5_C1_17,Line 17 | Col 1,NUMERIC,E30A185,"E-3, Part V: Settlement - Hospital",01700,00100,Amount,nan,nan
E3_5_C1_18,Line 18 | Col 1,NUMERIC,E30A185,"E-3, Part V: Settlement - Hospital",01800,00100,Amount,nan,nan
E3_5_C1_2,Line 2 | Col 1,NUMERIC,E30A185,"E-3, Part V: Settlement - Hospital",00200,00100,Amount,nan,nan
E3_5_C1_21,Line 21 | Col 1,NUMERIC,E30A185,"E-3, Part V: Settlement - Hospital",02100,00100,Amount,nan,nan
E3_5_C1_23,Line 23 | Col 1,NUMERIC,E30A185,"E-3, Part V: Settlement - Hospital",02300,00100,Amount,nan,nan
E3_5_C1_29,Line 29 | Col 1,NUMERIC,E30A185,"E-3, Part V: Settlement - Hospital",02900,00100,Amount,nan,nan
E3_5_C1_3,Line 3 | Col 1,NUMERIC,E30A185,"E-3, Part V: Settlement - Hospital",00300,00100,Amount,nan,nan
E3_5_C1_32,Line 32 | Col 1,NUMERIC,E30A185,"E-3, Part V: Settlement - Hospital",03200,00100,Amount,nan,nan
E3_5_C1_34,Line 34 | Col 1,NUMERIC,E30A185,"E-3, Part V: Settlement - Hospital",03400,00100,Amount,nan,nan
E3_5_C1_7,Line 7 | Col 1,NUMERIC,E30A185,"E-3, Part V: Settlement - Hospital",00700,00100,Amount,nan,nan
E3_5_C1_8,Line 8 | Col 1,NUMERIC,E30A185,"E-3, Part V: Settlement - Hospital",00800,00100,Amount,nan,nan
E3_5_C1_9,Line 9 | Col 1,NUMERIC,E30A185,"E-3, Part V: Settlement - Hospital",00900,00100,Amount,nan,nan
E3_6_SNF_C1_11,Skilled Nursing Facility | Line 11 | Col 1,NUMERIC,E30E186,"E-3, Part VI: Settlement - SNF",01100,00100,Amount,CALCULATION OF REIMBURSEMENT SETTLEMENT,nan
E3_6_SNF_C1_13,Skilled Nursing Facility | Line 13 | Col 1,NUMERIC,E30E186,"E-3, Part VI: Settlement - SNF",01300,00100,Amount,CALCULATION OF REIMBURSEMENT SETTLEMENT,nan
E3_6_SNF_C1_17,Skilled Nursing Facility | Line 17 | Col 1,NUMERIC,E30E186,"E-3, Part VI: Settlement - SNF",01700,00100,Amount,CALCULATION OF REIMBURSEMENT SETTLEMENT,nan
E3_6_SNF_C1_19,Skilled Nursing Facility | Line 19 | Col 1,NUMERIC,E30E186,"E-3, Part VI: Settlement - SNF",01900,00100,Amount,CALCULATION OF REIMBURSEMENT SETTLEMENT,nan
E3_6_SNF_C1_2,Skilled Nursing Facility | Line 2 | Col 1,NUMERIC,E30E186,"E-3, Part VI: Settlement - SNF",00200,00100,Amount,CALCULATION OF REIMBURSEMENT SETTLEMENT,nan
E3_6_SNF_C1_5,Skilled Nursing Facility | Line 5 | Col 1,NUMERIC,E30E186,"E-3, Part VI: Settlement - SNF",00500,00100,Amount,CALCULATION OF REIMBURSEMENT SETTLEMENT,nan
E3_6_SNF_C1_6,Skilled Nursing Facility | Line 6 | Col 1,NUMERIC,E30E186,"E-3, Part VI: Settlement - SNF",00600,00100,Amount,CALCULATION OF REIMBURSEMENT SETTLEMENT,nan
E4_C1_10,Line 10 | Col 1,NUMERIC,E40A180,E-4: DSH Payment Adjustment,01000,00100,Amount / Factor,nan,nan
E4_C1_30,Line 30 | Col 1,NUMERIC,E40A180,E-4: DSH Payment Adjustment,03000,00100,Amount / Factor,nan,nan
E4_C1_301,Line 3.01 | Col 1,NUMERIC,E40A180,E-4: DSH Payment Adjustment,00301,00100,Amount / Factor,nan,nan
E4_C1_31,Line 31 | Col 1,NUMERIC,E40A180,E-4: DSH Payment Adjustment,03100,00100,Amount / Factor,nan,nan
E4_C1_32,Line 32 | Col 1,NUMERIC,E40A180,E-4: DSH Payment Adjustment,03200,00100,Amount / Factor,nan,nan
E4_C1_34,Line 34 | Col 1,NUMERIC,E40A180,E-4: DSH Payment Adjustment,03400,00100,Amount / Factor,nan,nan
E4_C1_35,Line 35 | Col 1,NUMERIC,E40A180,E-4: DSH Payment Adjustment,03500,00100,Amount / Factor,nan,nan
E4_C1_36,Line 36 | Col 1,NUMERIC,E40A180,E-4: DSH Payment Adjustment,03600,00100,Amount / Factor,nan,nan
E4_C1_38,Line 38 | Col 1,NUMERIC,E40A180,E-4: DSH Payment Adjustment,03800,00100,Amount / Factor,nan,nan
E4_C1_39,Line 39 | Col 1,NUMERIC,E40A180,E-4: DSH Payment Adjustment,03900,00100,Amount / Factor,nan,nan
E4_C1_402,Line 4.02 | Col 1,NUMERIC,E40A180,E-4: DSH Payment Adjustment,00402,00100,Amount / Factor,nan,nan
E4_C2_15,Line 15 | Col 2,NUMERIC,E40A180,E-4: DSH Payment Adjustment,01500,00200,Secondary Amount,nan,nan
E4_C2_16,Line 16 | Col 2,NUMERIC,E40A180,E-4: DSH Payment Adjustment,01600,00200,Secondary Amount,nan,nan
E4_C3_20,Line 20 | Col 3,NUMERIC,E40A180,E-4: DSH Payment Adjustment,02000,00300,Computed Value,nan,nan
E4_C3_21,Line 21 | Col 3,NUMERIC,E40A180,E-4: DSH Payment Adjustment,02100,00300,Computed Value,nan,nan
E4_C3_22,Line 22 | Col 3,NUMERIC,E40A180,E-4: DSH Payment Adjustment,02200,00300,Computed Value,nan,nan
E4_C3_23,Line 23 | Col 3,NUMERIC,E40A180,E-4: DSH Payment Adjustment,02300,00300,Computed Value,nan,nan
E4_C3_24,Line 24 | Col 3,NUMERIC,E40A180,E-4: DSH Payment Adjustment,02400,00300,Computed Value,nan,nan
E4_C3_25,Line 25 | Col 3,NUMERIC,E40A180,E-4: DSH Payment Adjustment,02500,00300,Computed Value,nan,nan
E_A_HOS_C101_1,Hospital | Line 1 | Col 101,NUMERIC,E00A18A,"E, Part A: Settlement - Hospital",00100,00101,CALCULATION OF REIMBURSEMENT SETTLEMENT (PPS),nan,nan
E_A_HOS_C101_101,Hospital | Line 1.01 | Col 101,NUMERIC,E00A18A,"E, Part A: Settlement - Hospital",00101,00101,CALCULATION OF REIMBURSEMENT SETTLEMENT (PPS),nan,nan
E_A_HOS_C101_102,Hospital | Line 1.02 | Col 101,NUMERIC,E00A18A,"E, Part A: Settlement - Hospital",00102,00101,CALCULATION OF REIMBURSEMENT SETTLEMENT (PPS),nan,nan
E_A_HOS_C101_2,Hospital | Line 2 | Col 101,NUMERIC,E00A18A,"E, Part A: Settlement - Hospital",00200,00101,CALCULATION OF REIMBURSEMENT SETTLEMENT (PPS),nan,nan
E_A_HOS_C101_201,Hospital | Line 2.01 | Col 101,NUMERIC,E00A18A,"E, Part A: Settlement - Hospital",00201,00101,CALCULATION OF REIMBURSEMENT SETTLEMENT (PPS),nan,nan
E_A_HOS_C101_202,Hospital | Line 2.02 | Col 101,NUMERIC,E00A18A,"E, Part A: Settlement - Hospital",00202,00101,CALCULATION OF REIMBURSEMENT SETTLEMENT (PPS),nan,nan
E_A_HOS_C101_203,Hospital | Line 2.03 | Col 101,UNKNOWN,,,203,101,,nan,nan
E_A_HOS_C101_204,Hospital | Line 2.04 | Col 101,UNKNOWN,,,204,101,,nan,nan
E_A_HOS_C101_22,Hospital | Line 22 | Col 101,NUMERIC,E00A18A,"E, Part A: Settlement - Hospital",02200,00101,CALCULATION OF REIMBURSEMENT SETTLEMENT (PPS),nan,nan
E_A_HOS_C101_28,Hospital | Line 28 | Col 101,NUMERIC,E00A18A,"E, Part A: Settlement - Hospital",02800,00101,CALCULATION OF REIMBURSEMENT SETTLEMENT (PPS),nan,nan
E_A_HOS_C101_29,Hospital | Line 29 | Col 101,NUMERIC,E00A18A,"E, Part A: Settlement - Hospital",02900,00101,CALCULATION OF REIMBURSEMENT SETTLEMENT (PPS),nan,nan
E_A_HOS_C101_2901,Hospital | Line 29.01 | Col 101,UNKNOWN,,,2901,101,,nan,nan
E_A_HOS_C101_3,Hospital | Line 3 | Col 101,NUMERIC,E00A18A,"E, Part A: Settlement - Hospital",00300,00101,CALCULATION OF REIMBURSEMENT SETTLEMENT (PPS),nan,nan
E_A_HOS_C101_33,Hospital | Line 33 | Col 101,NUMERIC,E00A18A,"E, Part A: Settlement - Hospital",03300,00101,CALCULATION OF REIMBURSEMENT SETTLEMENT (PPS),nan,nan
E_A_HOS_C101_34,Hospital | Line 34 | Col 101,NUMERIC,E00A18A,"E, Part A: Settlement - Hospital",03400,00101,CALCULATION OF REIMBURSEMENT SETTLEMENT (PPS),nan,nan
E_A_HOS_C101_47,Hospital | Line 47 | Col 101,NUMERIC,E00A18A,"E, Part A: Settlement - Hospital",04700,00101,CALCULATION OF REIMBURSEMENT SETTLEMENT (PPS),nan,nan
E_A_HOS_C101_48,Hospital | Line 48 | Col 101,NUMERIC,E00A18A,"E, Part A: Settlement - Hospital",04800,00101,CALCULATION OF REIMBURSEMENT SETTLEMENT (PPS),nan,nan
E_A_HOS_C1_1,Hospital | Line 1 | Col 1,NUMERIC,E00A18A,"E, Part A: Settlement - Hospital",00100,00100,Amount,nan,nan
E_A_HOS_C1_2,Hospital | Line 2 | Col 1,NUMERIC,E00A18A,"E, Part A: Settlement - Hospital",00200,00100,Amount,nan,nan
E_A_HOS_C1_201,Hospital | Line 2.01 | Col 1,NUMERIC,E00A18A,"E, Part A: Settlement - Hospital",00201,00100,Amount,nan,nan
E_A_HOS_C1_202,Hospital | Line 2.02 | Col 1,NUMERIC,E00A18A,"E, Part A: Settlement - Hospital",00202,00100,Amount,nan,nan
E_A_HOS_C1_2899,Hospital | Line 28.99 | Col 1,NUMERIC,E00A181,"E, Part A: Settlement - Hospital",02899,00100,Amount,nan,nan
E_A_HOS_C1_37,Hospital | Line 37 | Col 1,NUMERIC,E00A18A,"E, Part A: Settlement - Hospital",03700,00100,Amount,nan,nan
E_A_HOS_C1_38,Hospital | Line 38 | Col 1,NUMERIC,E00A18A,"E, Part A: Settlement - Hospital",03800,00100,Amount,nan,nan
E_A_HOS_C1_39,Hospital | Line 39 | Col 1,NUMERIC,E00A18A,"E, Part A: Settlement - Hospital",03900,00100,Amount,nan,nan
E_A_HOS_C1_51,Hospital | Line 51 | Col 1,NUMERIC,E00A18A,"E, Part A: Settlement - Hospital",05100,00100,Amount,nan,nan
E_A_HOS_C1_55,Hospital | Line 55 | Col 1,NUMERIC,E00A18A,"E, Part A: Settlement - Hospital",05500,00100,Amount,nan,nan
E_A_HOS_C1_56,Hospital | Line 56 | Col 1,NUMERIC,E00A18A,"E, Part A: Settlement - Hospital",05600,00100,Amount,nan,nan
E_A_HOS_C1_68,Hospital | Line 68 | Col 1,NUMERIC,E00A18A,"E, Part A: Settlement - Hospital",06800,00100,Amount,nan,nan
E_A_HOS_C1_69,Hospital | Line 69 | Col 1,NUMERIC,E00A18A,"E, Part A: Settlement - Hospital",06900,00100,Amount,nan,nan
E_A_HOS_C1_701,Hospital | Line 7.01 | Col 1,NUMERIC,E00A18A,"E, Part A: Settlement - Hospital",00701,00100,Amount,nan,nan
E_A_HOS_C1_7089,Hospital | Line 70.89 | Col 1,NUMERIC,E00A18A,"E, Part A: Settlement - Hospital",07089,00100,Amount,nan,nan
E_A_HOS_C1_7090,Hospital | Line 70.90 | Col 1,NUMERIC,E00A18A,"E, Part A: Settlement - Hospital",07090,00100,Amount,nan,nan
E_A_HOS_C1_7091,Hospital | Line 70.91 | Col 1,NUMERIC,E00A18A,"E, Part A: Settlement - Hospital",07091,00100,Amount,nan,nan
E_A_HOS_C1_7092,Hospital | Line 70.92 | Col 1,NUMERIC,E00A18A,"E, Part A: Settlement - Hospital",07092,00100,Amount,nan,nan
E_A_HOS_C1_7095,Hospital | Line 70.95 | Col 1,NUMERIC,E00A18A,"E, Part A: Settlement - Hospital",07095,00100,Amount,nan,nan
E_A_HOS_C1_7098,Hospital | Line 70.98 | Col 1,NUMERIC,E00A18A,"E, Part A: Settlement - Hospital",07098,00100,Amount,nan,nan
E_A_HOS_C1_802,Hospital | Line 8.02 | Col 1,NUMERIC,E00A18A,"E, Part A: Settlement - Hospital",00802,00100,Amount,nan,nan
E_A_HOS_C1_92,Hospital | Line 92 | Col 1,NUMERIC,E00A18A,"E, Part A: Settlement - Hospital",09200,00100,Amount,nan,nan
E_A_HOS_C1_93,Hospital | Line 93 | Col 1,NUMERIC,E00A18A,"E, Part A: Settlement - Hospital",09300,00100,Amount,nan,nan
E_A_HOS_C1_94,Hospital | Line 94 | Col 1,NUMERIC,E00A18A,"E, Part A: Settlement - Hospital",09400,00100,Amount,nan,nan
E_A_HOS_C1_95,Hospital | Line 95 | Col 1,NUMERIC,E00A18A,"E, Part A: Settlement - Hospital",09500,00100,Amount,nan,nan
E_A_HOS_C1_96,Hospital | Line 96 | Col 1,NUMERIC,E00A18A,"E, Part A: Settlement - Hospital",09600,00100,Amount,nan,nan
E_B_HOS_C101_2,Medical and Other Services reimbursed by OPPS,NUMERIC,E00A18B,"E, Part B: Settlement - Hospital",00200,00101,CALCULATION OF REIMBURSEMENT SETTLEMENT,CALCULATION OF REIMBURSEMENT SETTLEMENT,
E_B_HOS_C101_3,OPPS payments,NUMERIC,E00A18B,"E, Part B: Settlement - Hospital",00300,00101,CALCULATION OF REIMBURSEMENT SETTLEMENT,CALCULATION OF REIMBURSEMENT SETTLEMENT,
E_B_HOS_C101_4,Outlier payments,NUMERIC,E00A18B,"E, Part B: Settlement - Hospital",00400,00101,CALCULATION OF REIMBURSEMENT SETTLEMENT,CALCULATION OF REIMBURSEMENT SETTLEMENT,
E_B_HOS_C101_5,Payment to cost ratio,NUMERIC,E00A18B,"E, Part B: Settlement - Hospital",00500,00101,CALCULATION OF REIMBURSEMENT SETTLEMENT,CALCULATION OF REIMBURSEMENT SETTLEMENT,
E_B_HOS_C101_6,Line 2 times line 5,NUMERIC,E00A18B,"E, Part B: Settlement - Hospital",00600,00101,CALCULATION OF REIMBURSEMENT SETTLEMENT,CALCULATION OF REIMBURSEMENT SETTLEMENT,
E_B_HOS_C101_7,"Sum of lines 3,4 divided by line 6",NUMERIC,E00A18B,"E, Part B: Settlement - Hospital",00700,00101,CALCULATION OF REIMBURSEMENT SETTLEMENT,CALCULATION OF REIMBURSEMENT SETTLEMENT,
E_B_HOS_C101_8,Transitional corridor payment,NUMERIC,E00A18B,"E, Part B: Settlement - Hospital",00800,00101,CALCULATION OF REIMBURSEMENT SETTLEMENT,CALCULATION OF REIMBURSEMENT SETTLEMENT,
E_B_HOS_C1_10,Organ acquisition,NUMERIC,E00A18B,"E, Part B: Settlement - Hospital",01000,00100,Amount,CALCULATION OF REIMBURSEMENT SETTLEMENT,
E_B_HOS_C1_13,Organ acquisition charges,NUMERIC,E00A18B,"E, Part B: Settlement - Hospital",01300,00100,Amount,CALCULATION OF REIMBURSEMENT SETTLEMENT,
E_B_HOS_C1_15,Aggregate amount collected from patients,NUMERIC,E00A18B,"E, Part B: Settlement - Hospital",01500,00100,Amount,CALCULATION OF REIMBURSEMENT SETTLEMENT,
E_B_HOS_C1_16,Amounts expected under 42 CFR,NUMERIC,E00A18B,"E, Part B: Settlement - Hospital",01600,00100,Amount,CALCULATION OF REIMBURSEMENT SETTLEMENT,
E_B_HOS_C1_17,Ratio of line 15 to line 16,NUMERIC,E00A18B,"E, Part B: Settlement - Hospital",01700,00100,Amount,CALCULATION OF REIMBURSEMENT SETTLEMENT,
E_B_HOS_C1_20,Excess of reasonable cost over reasonable charges,NUMERIC,E00A18B,"E, Part B: Settlement - Hospital",02000,00100,Amount,CALCULATION OF REIMBURSEMENT SETTLEMENT,
E_B_HOS_C1_22,Interns and residents,NUMERIC,E00A18B,"E, Part B: Settlement - Hospital",02200,00100,Amount,CALCULATION OF REIMBURSEMENT SETTLEMENT,
E_B_HOS_C1_23,Cost of physicians svcs in a teaching hospita,NUMERIC,E00A18B,"E, Part B: Settlement - Hospital",02300,00100,Amount,CALCULATION OF REIMBURSEMENT SETTLEMENT,
E_B_HOS_C1_29,ESRD DME costs,NUMERIC,E00A18B,"E, Part B: Settlement - Hospital",02900,00100,Amount,CALCULATION OF REIMBURSEMENT SETTLEMENT,
E_B_HOS_C1_33,Component rate ESRD,NUMERIC,E00A18B,"E, Part B: Settlement - Hospital",03300,00100,Amount,CALCULATION OF REIMBURSEMENT SETTLEMENT,
E_B_HOS_C1_3998,Partial or full credits from manufacturers,NUMERIC,E00A18B,"E, Part B: Settlement - Hospital",03998,00100,Amount,CALCULATION OF REIMBURSEMENT SETTLEMENT,
E_B_HOS_C1_7,"Sum of lines 3,4 divided by line 6",NUMERIC,E00A18B,"E, Part B: Settlement - Hospital",00700,00100,Amount,CALCULATION OF REIMBURSEMENT SETTLEMENT,
E_B_HOS_C1_8,Transitional corridor payment,NUMERIC,E00A18B,"E, Part B: Settlement - Hospital",00800,00100,Amount,CALCULATION OF REIMBURSEMENT SETTLEMENT,
E_B_IPF_C1_10,Inpatient Psychiatric Facility | Line 10 | Col 1,NUMERIC,E00B18B,"E, Part B: Settlement - IPF",01000,00100,Amount,CALCULATION OF REIMBURSEMENT SETTLEMENT,nan
E_B_IPF_C1_13,Inpatient Psychiatric Facility | Line 13 | Col 1,NUMERIC,E00B18B,"E, Part B: Settlement - IPF",01300,00100,Amount,CALCULATION OF REIMBURSEMENT SETTLEMENT,nan
E_B_IPF_C1_15,Inpatient Psychiatric Facility | Line 15 | Col 1,NUMERIC,E00B18B,"E, Part B: Settlement - IPF",01500,00100,Amount,CALCULATION OF REIMBURSEMENT SETTLEMENT,nan
E_B_IPF_C1_16,Inpatient Psychiatric Facility | Line 16 | Col 1,NUMERIC,E00B18B,"E, Part B: Settlement - IPF",01600,00100,Amount,CALCULATION OF REIMBURSEMENT SETTLEMENT,nan
E_B_IPF_C1_17,Inpatient Psychiatric Facility | Line 17 | Col 1,NUMERIC,E00B18B,"E, Part B: Settlement - IPF",01700,00100,Amount,CALCULATION OF REIMBURSEMENT SETTLEMENT,nan
E_B_IPF_C1_20,Inpatient Psychiatric Facility | Line 20 | Col 1,NUMERIC,E00B18B,"E, Part B: Settlement - IPF",02000,00100,Amount,CALCULATION OF REIMBURSEMENT SETTLEMENT,nan
E_B_IPF_C1_22,Inpatient Psychiatric Facility | Line 22 | Col 1,NUMERIC,E00B18B,"E, Part B: Settlement - IPF",02200,00100,Amount,CALCULATION OF REIMBURSEMENT SETTLEMENT,nan
E_B_IPF_C1_23,Inpatient Psychiatric Facility | Line 23 | Col 1,NUMERIC,E00B18B,"E, Part B: Settlement - IPF",02300,00100,Amount,CALCULATION OF REIMBURSEMENT SETTLEMENT,nan
E_B_IPF_C1_25,Inpatient Psychiatric Facility | Line 25 | Col 1,NUMERIC,E00B18B,"E, Part B: Settlement - IPF",02500,00100,Amount,CALCULATION OF REIMBURSEMENT SETTLEMENT,nan
E_B_IPF_C1_28,Inpatient Psychiatric Facility | Line 28 | Col 1,NUMERIC,E00B18B,"E, Part B: Settlement - IPF",02800,00100,Amount,CALCULATION OF REIMBURSEMENT SETTLEMENT,nan
E_B_IPF_C1_29,Inpatient Psychiatric Facility | Line 29 | Col 1,NUMERIC,E00B18B,"E, Part B: Settlement - IPF",02900,00100,Amount,CALCULATION OF REIMBURSEMENT SETTLEMENT,nan
E_B_IPF_C1_31,Inpatient Psychiatric Facility | Line 31 | Col 1,NUMERIC,E00B18B,"E, Part B: Settlement - IPF",03100,00100,Amount,CALCULATION OF REIMBURSEMENT SETTLEMENT,nan
E_B_IPF_C1_33,Inpatient Psychiatric Facility | Line 33 | Col 1,NUMERIC,E00B18B,"E, Part B: Settlement - IPF",03300,00100,Amount,CALCULATION OF REIMBURSEMENT SETTLEMENT,nan
E_B_IPF_C1_34,Inpatient Psychiatric Facility | Line 34 | Col 1,NUMERIC,E00B18B,"E, Part B: Settlement - IPF",03400,00100,Amount,CALCULATION OF REIMBURSEMENT SETTLEMENT,nan
E_B_IPF_C1_35,Inpatient Psychiatric Facility | Line 35 | Col 1,NUMERIC,E00B18B,"E, Part B: Settlement - IPF",03500,00100,Amount,CALCULATION OF REIMBURSEMENT SETTLEMENT,nan
E_B_IPF_C1_36,Inpatient Psychiatric Facility | Line 36 | Col 1,NUMERIC,E00B18B,"E, Part B: Settlement - IPF",03600,00100,Amount,CALCULATION OF REIMBURSEMENT SETTLEMENT,nan
E_B_IPF_C1_38,Inpatient Psychiatric Facility | Line 38 | Col 1,NUMERIC,E00B18B,"E, Part B: Settlement - IPF",03800,00100,Amount,CALCULATION OF REIMBURSEMENT SETTLEMENT,nan
E_B_IPF_C1_3950,Inpatient Psychiatric Facility | Line 39.50 | Col 1,NUMERIC,E00B18B,"E, Part B: Settlement - IPF",03950,00100,Amount,CALCULATION OF REIMBURSEMENT SETTLEMENT,nan
E_B_IPF_C1_4,Inpatient Psychiatric Facility | Line 4 | Col 1,NUMERIC,E00B18B,"E, Part B: Settlement - IPF",00400,00100,Amount,CALCULATION OF REIMBURSEMENT SETTLEMENT,nan
E_B_IPF_C1_42,Inpatient Psychiatric Facility | Line 42 | Col 1,NUMERIC,E00B18B,"E, Part B: Settlement - IPF",04200,00100,Amount,CALCULATION OF REIMBURSEMENT SETTLEMENT,nan
E_B_IPF_C1_44,Inpatient Psychiatric Facility | Line 44 | Col 1,NUMERIC,E00B18B,"E, Part B: Settlement - IPF",04400,00100,Amount,CALCULATION OF REIMBURSEMENT SETTLEMENT,nan
E_B_IPF_C1_5,Inpatient Psychiatric Facility | Line 5 | Col 1,NUMERIC,E00B18B,"E, Part B: Settlement - IPF",00500,00100,Amount,CALCULATION OF REIMBURSEMENT SETTLEMENT,nan
E_B_IPF_C1_6,Inpatient Psychiatric Facility | Line 6 | Col 1,NUMERIC,E00B18B,"E, Part B: Settlement - IPF",00600,00100,Amount,CALCULATION OF REIMBURSEMENT SETTLEMENT,nan
E_B_IPF_C1_7,Inpatient Psychiatric Facility | Line 7 | Col 1,NUMERIC,E00B18B,"E, Part B: Settlement - IPF",00700,00100,Amount,CALCULATION OF REIMBURSEMENT SETTLEMENT,nan
E_B_IPF_C1_8,Inpatient Psychiatric Facility | Line 8 | Col 1,NUMERIC,E00B18B,"E, Part B: Settlement - IPF",00800,00100,Amount,CALCULATION OF REIMBURSEMENT SETTLEMENT,nan
E_B_IPF_C1_9,Inpatient Psychiatric Facility | Line 9 | Col 1,NUMERIC,E00B18B,"E, Part B: Settlement - IPF",00900,00100,Amount,CALCULATION OF REIMBURSEMENT SETTLEMENT,nan
E_B_IRF_C1_10,Inpatient Rehabilitation Facility | Line 10 | Col 1,NUMERIC,E00C18B,"E, Part B: Settlement - IRF",01000,00100,Amount,CALCULATION OF REIMBURSEMENT SETTLEMENT,nan
E_B_IRF_C1_13,Inpatient Rehabilitation Facility | Line 13 | Col 1,NUMERIC,E00C18B,"E, Part B: Settlement - IRF",01300,00100,Amount,CALCULATION OF REIMBURSEMENT SETTLEMENT,nan
E_B_IRF_C1_15,Inpatient Rehabilitation Facility | Line 15 | Col 1,NUMERIC,E00C18B,"E, Part B: Settlement - IRF",01500,00100,Amount,CALCULATION OF REIMBURSEMENT SETTLEMENT,nan
E_B_IRF_C1_16,Inpatient Rehabilitation Facility | Line 16 | Col 1,NUMERIC,E00C18B,"E, Part B: Settlement - IRF",01600,00100,Amount,CALCULATION OF REIMBURSEMENT SETTLEMENT,nan
E_B_IRF_C1_17,Inpatient Rehabilitation Facility | Line 17 | Col 1,NUMERIC,E00C18B,"E, Part B: Settlement - IRF",01700,00100,Amount,CALCULATION OF REIMBURSEMENT SETTLEMENT,nan
E_B_IRF_C1_20,Inpatient Rehabilitation Facility | Line 20 | Col 1,NUMERIC,E00C18B,"E, Part B: Settlement - IRF",02000,00100,Amount,CALCULATION OF REIMBURSEMENT SETTLEMENT,nan
E_B_IRF_C1_22,Inpatient Rehabilitation Facility | Line 22 | Col 1,NUMERIC,E00C18B,"E, Part B: Settlement - IRF",02200,00100,Amount,CALCULATION OF REIMBURSEMENT SETTLEMENT,nan
E_B_IRF_C1_23,Inpatient Rehabilitation Facility | Line 23 | Col 1,NUMERIC,E00C18B,"E, Part B: Settlement - IRF",02300,00100,Amount,CALCULATION OF REIMBURSEMENT SETTLEMENT,nan
E_B_IRF_C1_25,Inpatient Rehabilitation Facility | Line 25 | Col 1,NUMERIC,E00C18B,"E, Part B: Settlement - IRF",02500,00100,Amount,CALCULATION OF REIMBURSEMENT SETTLEMENT,nan
E_B_IRF_C1_26,Inpatient Rehabilitation Facility | Line 26 | Col 1,NUMERIC,E00C18B,"E, Part B: Settlement - IRF",02600,00100,Amount,CALCULATION OF REIMBURSEMENT SETTLEMENT,nan
E_B_IRF_C1_28,Inpatient Rehabilitation Facility | Line 28 | Col 1,NUMERIC,E00C18B,"E, Part B: Settlement - IRF",02800,00100,Amount,CALCULATION OF REIMBURSEMENT SETTLEMENT,nan
E_B_IRF_C1_29,Inpatient Rehabilitation Facility | Line 29 | Col 1,NUMERIC,E00C18B,"E, Part B: Settlement - IRF",02900,00100,Amount,CALCULATION OF REIMBURSEMENT SETTLEMENT,nan
E_B_IRF_C1_31,Inpatient Rehabilitation Facility | Line 31 | Col 1,NUMERIC,E00C18B,"E, Part B: Settlement - IRF",03100,00100,Amount,CALCULATION OF REIMBURSEMENT SETTLEMENT,nan
E_B_IRF_C1_33,Inpatient Rehabilitation Facility | Line 33 | Col 1,NUMERIC,E00C18B,"E, Part B: Settlement - IRF",03300,00100,Amount,CALCULATION OF REIMBURSEMENT SETTLEMENT,nan
E_B_IRF_C1_34,Inpatient Rehabilitation Facility | Line 34 | Col 1,NUMERIC,E00C18B,"E, Part B: Settlement - IRF",03400,00100,Amount,CALCULATION OF REIMBURSEMENT SETTLEMENT,nan
E_B_IRF_C1_35,Inpatient Rehabilitation Facility | Line 35 | Col 1,NUMERIC,E00C18B,"E, Part B: Settlement - IRF",03500,00100,Amount,CALCULATION OF REIMBURSEMENT SETTLEMENT,nan
E_B_IRF_C1_36,Inpatient Rehabilitation Facility | Line 36 | Col 1,NUMERIC,E00C18B,"E, Part B: Settlement - IRF",03600,00100,Amount,CALCULATION OF REIMBURSEMENT SETTLEMENT,nan
E_B_IRF_C1_38,Inpatient Rehabilitation Facility | Line 38 | Col 1,NUMERIC,E00C18B,"E, Part B: Settlement - IRF",03800,00100,Amount,CALCULATION OF REIMBURSEMENT SETTLEMENT,nan
E_B_IRF_C1_4,Inpatient Rehabilitation Facility | Line 4 | Col 1,NUMERIC,E00C18B,"E, Part B: Settlement - IRF",00400,00100,Amount,CALCULATION OF REIMBURSEMENT SETTLEMENT,nan
E_B_IRF_C1_42,Inpatient Rehabilitation Facility | Line 42 | Col 1,NUMERIC,E00C18B,"E, Part B: Settlement - IRF",04200,00100,Amount,CALCULATION OF REIMBURSEMENT SETTLEMENT,nan
E_B_IRF_C1_44,Inpatient Rehabilitation Facility | Line 44 | Col 1,NUMERIC,E00C18B,"E, Part B: Settlement - IRF",04400,00100,Amount,CALCULATION OF REIMBURSEMENT SETTLEMENT,nan
E_B_IRF_C1_5,Inpatient Rehabilitation Facility | Line 5 | Col 1,NUMERIC,E00C18B,"E, Part B: Settlement - IRF",00500,00100,Amount,CALCULATION OF REIMBURSEMENT SETTLEMENT,nan
E_B_IRF_C1_6,Inpatient Rehabilitation Facility | Line 6 | Col 1,NUMERIC,E00C18B,"E, Part B: Settlement - IRF",00600,00100,Amount,CALCULATION OF REIMBURSEMENT SETTLEMENT,nan
E_B_IRF_C1_7,Inpatient Rehabilitation Facility | Line 7 | Col 1,NUMERIC,E00C18B,"E, Part B: Settlement - IRF",00700,00100,Amount,CALCULATION OF REIMBURSEMENT SETTLEMENT,nan
E_B_IRF_C1_8,Inpatient Rehabilitation Facility | Line 8 | Col 1,NUMERIC,E00C18B,"E, Part B: Settlement - IRF",00800,00100,Amount,CALCULATION OF REIMBURSEMENT SETTLEMENT,nan
E_B_IRF_C1_9,Inpatient Rehabilitation Facility | Line 9 | Col 1,NUMERIC,E00C18B,"E, Part B: Settlement - IRF",00900,00100,Amount,CALCULATION OF REIMBURSEMENT SETTLEMENT,nan
E_B_SNF_C1_10,Skilled Nursing Facility | Line 10 | Col 1,NUMERIC,E00E18B,"E, Part B: Settlement - SNF",01000,00100,Amount,CALCULATION OF REIMBURSEMENT SETTLEMENT,nan
E_B_SNF_C1_13,Skilled Nursing Facility | Line 13 | Col 1,NUMERIC,E00E18B,"E, Part B: Settlement - SNF",01300,00100,Amount,CALCULATION OF REIMBURSEMENT SETTLEMENT,nan
E_B_SNF_C1_15,Skilled Nursing Facility | Line 15 | Col 1,NUMERIC,E00E18B,"E, Part B: Settlement - SNF",01500,00100,Amount,CALCULATION OF REIMBURSEMENT SETTLEMENT,nan
E_B_SNF_C1_16,Skilled Nursing Facility | Line 16 | Col 1,NUMERIC,E00E18B,"E, Part B: Settlement - SNF",01600,00100,Amount,CALCULATION OF REIMBURSEMENT SETTLEMENT,nan
E_B_SNF_C1_17,Skilled Nursing Facility | Line 17 | Col 1,NUMERIC,E00E18B,"E, Part B: Settlement - SNF",01700,00100,Amount,CALCULATION OF REIMBURSEMENT SETTLEMENT,nan
E_B_SNF_C1_2,Skilled Nursing Facility | Line 2 | Col 1,NUMERIC,E00E18B,"E, Part B: Settlement - SNF",00200,00100,Amount,CALCULATION OF REIMBURSEMENT SETTLEMENT,nan
E_B_SNF_C1_20,Skilled Nursing Facility | Line 20 | Col 1,NUMERIC,E00E18B,"E, Part B: Settlement - SNF",02000,00100,Amount,CALCULATION OF REIMBURSEMENT SETTLEMENT,nan
E_B_SNF_C1_22,Skilled Nursing Facility | Line 22 | Col 1,NUMERIC,E00E18B,"E, Part B: Settlement - SNF",02200,00100,Amount,CALCULATION OF REIMBURSEMENT SETTLEMENT,nan
E_B_SNF_C1_23,Skilled Nursing Facility | Line 23 | Col 1,NUMERIC,E00E18B,"E, Part B: Settlement - SNF",02300,00100,Amount,CALCULATION OF REIMBURSEMENT SETTLEMENT,nan
E_B_SNF_C1_24,Skilled Nursing Facility | Line 24 | Col 1,NUMERIC,E00E18B,"E, Part B: Settlement - SNF",02400,00100,Amount,CALCULATION OF REIMBURSEMENT SETTLEMENT,nan
E_B_SNF_C1_25,Skilled Nursing Facility | Line 25 | Col 1,NUMERIC,E00E18B,"E, Part B: Settlement - SNF",02500,00100,Amount,CALCULATION OF REIMBURSEMENT SETTLEMENT,nan
E_B_SNF_C1_26,Skilled Nursing Facility | Line 26 | Col 1,NUMERIC,E00E18B,"E, Part B: Settlement - SNF",02600,00100,Amount,CALCULATION OF REIMBURSEMENT SETTLEMENT,nan
E_B_SNF_C1_28,Skilled Nursing Facility | Line 28 | Col 1,NUMERIC,E00E18B,"E, Part B: Settlement - SNF",02800,00100,Amount,CALCULATION OF REIMBURSEMENT SETTLEMENT,nan
E_B_SNF_C1_29,Skilled Nursing Facility | Line 29 | Col 1,NUMERIC,E00E18B,"E, Part B: Settlement - SNF",02900,00100,Amount,CALCULATION OF REIMBURSEMENT SETTLEMENT,nan
E_B_SNF_C1_3,Skilled Nursing Facility | Line 3 | Col 1,NUMERIC,E00E18B,"E, Part B: Settlement - SNF",00300,00100,Amount,CALCULATION OF REIMBURSEMENT SETTLEMENT,nan
E_B_SNF_C1_31,Skilled Nursing Facility | Line 31 | Col 1,NUMERIC,E00E18B,"E, Part B: Settlement - SNF",03100,00100,Amount,CALCULATION OF REIMBURSEMENT SETTLEMENT,nan
E_B_SNF_C1_33,Skilled Nursing Facility | Line 33 | Col 1,NUMERIC,E00E18B,"E, Part B: Settlement - SNF",03300,00100,Amount,CALCULATION OF REIMBURSEMENT SETTLEMENT,nan
E_B_SNF_C1_34,Skilled Nursing Facility | Line 34 | Col 1,NUMERIC,E00E18B,"E, Part B: Settlement - SNF",03400,00100,Amount,CALCULATION OF REIMBURSEMENT SETTLEMENT,nan
E_B_SNF_C1_35,Skilled Nursing Facility | Line 35 | Col 1,NUMERIC,E00E18B,"E, Part B: Settlement - SNF",03500,00100,Amount,CALCULATION OF REIMBURSEMENT SETTLEMENT,nan
E_B_SNF_C1_36,Skilled Nursing Facility | Line 36 | Col 1,NUMERIC,E00E18B,"E, Part B: Settlement - SNF",03600,00100,Amount,CALCULATION OF REIMBURSEMENT SETTLEMENT,nan
E_B_SNF_C1_38,Skilled Nursing Facility | Line 38 | Col 1,NUMERIC,E00E18B,"E, Part B: Settlement - SNF",03800,00100,Amount,CALCULATION OF REIMBURSEMENT SETTLEMENT,nan
E_B_SNF_C1_4,Skilled Nursing Facility | Line 4 | Col 1,NUMERIC,E00E18B,"E, Part B: Settlement - SNF",00400,00100,Amount,CALCULATION OF REIMBURSEMENT SETTLEMENT,nan
E_B_SNF_C1_42,Skilled Nursing Facility | Line 42 | Col 1,NUMERIC,E00E18B,"E, Part B: Settlement - SNF",04200,00100,Amount,CALCULATION OF REIMBURSEMENT SETTLEMENT,nan
E_B_SNF_C1_44,Skilled Nursing Facility | Line 44 | Col 1,NUMERIC,E00E18B,"E, Part B: Settlement - SNF",04400,00100,Amount,CALCULATION OF REIMBURSEMENT SETTLEMENT,nan
E_B_SNF_C1_5,Skilled Nursing Facility | Line 5 | Col 1,NUMERIC,E00E18B,"E, Part B: Settlement - SNF",00500,00100,Amount,CALCULATION OF REIMBURSEMENT SETTLEMENT,nan
E_B_SNF_C1_6,Skilled Nursing Facility | Line 6 | Col 1,NUMERIC,E00E18B,"E, Part B: Settlement - SNF",00600,00100,Amount,CALCULATION OF REIMBURSEMENT SETTLEMENT,nan
E_B_SNF_C1_7,Skilled Nursing Facility | Line 7 | Col 1,NUMERIC,E00E18B,"E, Part B: Settlement - SNF",00700,00100,Amount,CALCULATION OF REIMBURSEMENT SETTLEMENT,nan
E_B_SNF_C1_8,Skilled Nursing Facility | Line 8 | Col 1,NUMERIC,E00E18B,"E, Part B: Settlement - SNF",00800,00100,Amount,CALCULATION OF REIMBURSEMENT SETTLEMENT,nan
E_B_SNF_C1_9,Skilled Nursing Facility | Line 9 | Col 1,NUMERIC,E00E18B,"E, Part B: Settlement - SNF",00900,00100,Amount,CALCULATION OF REIMBURSEMENT SETTLEMENT,nan
E_B_SUB1_C1_1,Subprovider 1 | Line 1 | Col 1,NUMERIC,E01D18B,"E, Part B: Settlement - Subprovider 1",00100,00100,Amount,CALCULATION OF REIMBURSEMENT SETTLEMENT,nan
E_B_SUB1_C1_10,Subprovider 1 | Line 10 | Col 1,NUMERIC,E01D18B,"E, Part B: Settlement - Subprovider 1",01000,00100,Amount,CALCULATION OF REIMBURSEMENT SETTLEMENT,nan
E_B_SUB1_C1_11,Subprovider 1 | Line 11 | Col 1,NUMERIC,E01D18B,"E, Part B: Settlement - Subprovider 1",01100,00100,Amount,CALCULATION OF REIMBURSEMENT SETTLEMENT,nan
E_B_SUB1_C1_12,Subprovider 1 | Line 12 | Col 1,NUMERIC,E01D18B,"E, Part B: Settlement - Subprovider 1",01200,00100,Amount,CALCULATION OF REIMBURSEMENT SETTLEMENT,nan
E_B_SUB1_C1_13,Subprovider 1 | Line 13 | Col 1,NUMERIC,E01D18B,"E, Part B: Settlement - Subprovider 1",01300,00100,Amount,CALCULATION OF REIMBURSEMENT SETTLEMENT,nan
E_B_SUB1_C1_14,Subprovider 1 | Line 14 | Col 1,NUMERIC,E01D18B,"E, Part B: Settlement - Subprovider 1",01400,00100,Amount,CALCULATION OF REIMBURSEMENT SETTLEMENT,nan
E_B_SUB1_C1_15,Subprovider 1 | Line 15 | Col 1,NUMERIC,E01D18B,"E, Part B: Settlement - Subprovider 1",01500,00100,Amount,CALCULATION OF REIMBURSEMENT SETTLEMENT,nan
E_B_SUB1_C1_16,Subprovider 1 | Line 16 | Col 1,NUMERIC,E01D18B,"E, Part B: Settlement - Subprovider 1",01600,00100,Amount,CALCULATION OF REIMBURSEMENT SETTLEMENT,nan
E_B_SUB1_C1_17,Subprovider 1 | Line 17 | Col 1,NUMERIC,E01D18B,"E, Part B: Settlement - Subprovider 1",01700,00100,Amount,CALCULATION OF REIMBURSEMENT SETTLEMENT,nan
E_B_SUB1_C1_18,Subprovider 1 | Line 18 | Col 1,NUMERIC,E01D18B,"E, Part B: Settlement - Subprovider 1",01800,00100,Amount,CALCULATION OF REIMBURSEMENT SETTLEMENT,nan
E_B_SUB1_C1_19,Subprovider 1 | Line 19 | Col 1,NUMERIC,E01D18B,"E, Part B: Settlement - Subprovider 1",01900,00100,Amount,CALCULATION OF REIMBURSEMENT SETTLEMENT,nan
E_B_SUB1_C1_2,Subprovider 1 | Line 2 | Col 1,NUMERIC,E01D18B,"E, Part B: Settlement - Subprovider 1",00200,00100,Amount,CALCULATION OF REIMBURSEMENT SETTLEMENT,nan
E_B_SUB1_C1_20,Subprovider 1 | Line 20 | Col 1,NUMERIC,E01D18B,"E, Part B: Settlement - Subprovider 1",02000,00100,Amount,CALCULATION OF REIMBURSEMENT SETTLEMENT,nan
E_B_SUB1_C1_21,Subprovider 1 | Line 21 | Col 1,NUMERIC,E01D18B,"E, Part B: Settlement - Subprovider 1",02100,00100,Amount,CALCULATION OF REIMBURSEMENT SETTLEMENT,nan
E_B_SUB1_C1_22,Subprovider 1 | Line 22 | Col 1,NUMERIC,E01D18B,"E, Part B: Settlement - Subprovider 1",02200,00100,Amount,CALCULATION OF REIMBURSEMENT SETTLEMENT,nan
E_B_SUB1_C1_23,Subprovider 1 | Line 23 | Col 1,NUMERIC,E01D18B,"E, Part B: Settlement - Subprovider 1",02300,00100,Amount,CALCULATION OF REIMBURSEMENT SETTLEMENT,nan
E_B_SUB1_C1_24,Subprovider 1 | Line 24 | Col 1,NUMERIC,E01D18B,"E, Part B: Settlement - Subprovider 1",02400,00100,Amount,CALCULATION OF REIMBURSEMENT SETTLEMENT,nan
E_B_SUB1_C1_25,Subprovider 1 | Line 25 | Col 1,NUMERIC,E01D18B,"E, Part B: Settlement - Subprovider 1",02500,00100,Amount,CALCULATION OF REIMBURSEMENT SETTLEMENT,nan
E_B_SUB1_C1_26,Subprovider 1 | Line 26 | Col 1,NUMERIC,E01D18B,"E, Part B: Settlement - Subprovider 1",02600,00100,Amount,CALCULATION OF REIMBURSEMENT SETTLEMENT,nan
E_B_SUB1_C1_27,Subprovider 1 | Line 27 | Col 1,NUMERIC,E01D18B,"E, Part B: Settlement - Subprovider 1",02700,00100,Amount,CALCULATION OF REIMBURSEMENT SETTLEMENT,nan
E_B_SUB1_C1_28,Subprovider 1 | Line 28 | Col 1,NUMERIC,E01D18B,"E, Part B: Settlement - Subprovider 1",02800,00100,Amount,CALCULATION OF REIMBURSEMENT SETTLEMENT,nan
E_B_SUB1_C1_29,Subprovider 1 | Line 29 | Col 1,NUMERIC,E01D18B,"E, Part B: Settlement - Subprovider 1",02900,00100,Amount,CALCULATION OF REIMBURSEMENT SETTLEMENT,nan
E_B_SUB1_C1_3,Subprovider 1 | Line 3 | Col 1,NUMERIC,E01D18B,"E, Part B: Settlement - Subprovider 1",00300,00100,Amount,CALCULATION OF REIMBURSEMENT SETTLEMENT,nan
E_B_SUB1_C1_30,Subprovider 1 | Line 30 | Col 1,NUMERIC,E01D18B,"E, Part B: Settlement - Subprovider 1",03000,00100,Amount,CALCULATION OF REIMBURSEMENT SETTLEMENT,nan
E_B_SUB1_C1_31,Subprovider 1 | Line 31 | Col 1,NUMERIC,E01D18B,"E, Part B: Settlement - Subprovider 1",03100,00100,Amount,CALCULATION OF REIMBURSEMENT SETTLEMENT,nan
E_B_SUB1_C1_32,Subprovider 1 | Line 32 | Col 1,NUMERIC,E01D18B,"E, Part B: Settlement - Subprovider 1",03200,00100,Amount,CALCULATION OF REIMBURSEMENT SETTLEMENT,nan
E_B_SUB1_C1_33,Subprovider 1 | Line 33 | Col 1,NUMERIC,E01D18B,"E, Part B: Settlement - Subprovider 1",03300,00100,Amount,CALCULATION OF REIMBURSEMENT SETTLEMENT,nan
E_B_SUB1_C1_34,Subprovider 1 | Line 34 | Col 1,NUMERIC,E01D18B,"E, Part B: Settlement - Subprovider 1",03400,00100,Amount,CALCULATION OF REIMBURSEMENT SETTLEMENT,nan
E_B_SUB1_C1_35,Subprovider 1 | Line 35 | Col 1,NUMERIC,E01D18B,"E, Part B: Settlement - Subprovider 1",03500,00100,Amount,CALCULATION OF REIMBURSEMENT SETTLEMENT,nan
E_B_SUB1_C1_36,Subprovider 1 | Line 36 | Col 1,NUMERIC,E01D18B,"E, Part B: Settlement - Subprovider 1",03600,00100,Amount,CALCULATION OF REIMBURSEMENT SETTLEMENT,nan
E_B_SUB1_C1_37,Subprovider 1 | Line 37 | Col 1,NUMERIC,E01D18B,"E, Part B: Settlement - Subprovider 1",03700,00100,Amount,CALCULATION OF REIMBURSEMENT SETTLEMENT,nan
E_B_SUB1_C1_38,Subprovider 1 | Line 38 | Col 1,NUMERIC,E01D18B,"E, Part B: Settlement - Subprovider 1",03800,00100,Amount,CALCULATION OF REIMBURSEMENT SETTLEMENT,nan
E_B_SUB1_C1_4,Subprovider 1 | Line 4 | Col 1,NUMERIC,E01D18B,"E, Part B: Settlement - Subprovider 1",00400,00100,Amount,CALCULATION OF REIMBURSEMENT SETTLEMENT,nan
E_B_SUB1_C1_40,Subprovider 1 | Line 40 | Col 1,NUMERIC,E01D18B,"E, Part B: Settlement - Subprovider 1",04000,00100,Amount,CALCULATION OF REIMBURSEMENT SETTLEMENT,nan
E_B_SUB1_C1_41,Subprovider 1 | Line 41 | Col 1,NUMERIC,E01D18B,"E, Part B: Settlement - Subprovider 1",04100,00100,Amount,CALCULATION OF REIMBURSEMENT SETTLEMENT,nan
E_B_SUB1_C1_42,Subprovider 1 | Line 42 | Col 1,NUMERIC,E01D18B,"E, Part B: Settlement - Subprovider 1",04200,00100,Amount,CALCULATION OF REIMBURSEMENT SETTLEMENT,nan
E_B_SUB1_C1_43,Subprovider 1 | Line 43 | Col 1,NUMERIC,E01D18B,"E, Part B: Settlement - Subprovider 1",04300,00100,Amount,CALCULATION OF REIMBURSEMENT SETTLEMENT,nan
E_B_SUB1_C1_44,Subprovider 1 | Line 44 | Col 1,NUMERIC,E01D18B,"E, Part B: Settlement - Subprovider 1",04400,00100,Amount,CALCULATION OF REIMBURSEMENT SETTLEMENT,nan
E_B_SUB1_C1_5,Subprovider 1 | Line 5 | Col 1,NUMERIC,E01D18B,"E, Part B: Settlement - Subprovider 1",00500,00100,Amount,CALCULATION OF REIMBURSEMENT SETTLEMENT,nan
E_B_SUB1_C1_6,Subprovider 1 | Line 6 | Col 1,NUMERIC,E01D18B,"E, Part B: Settlement - Subprovider 1",00600,00100,Amount,CALCULATION OF REIMBURSEMENT SETTLEMENT,nan
E_B_SUB1_C1_7,Subprovider 1 | Line 7 | Col 1,NUMERIC,E01D18B,"E, Part B: Settlement - Subprovider 1",00700,00100,Amount,CALCULATION OF REIMBURSEMENT SETTLEMENT,nan
E_B_SUB1_C1_8,Subprovider 1 | Line 8 | Col 1,NUMERIC,E01D18B,"E, Part B: Settlement - Subprovider 1",00800,00100,Amount,CALCULATION OF REIMBURSEMENT SETTLEMENT,nan
E_B_SUB1_C1_9,Subprovider 1 | Line 9 | Col 1,NUMERIC,E01D18B,"E, Part B: Settlement - Subprovider 1",00900,00100,Amount,CALCULATION OF REIMBURSEMENT SETTLEMENT,nan
E_B_SUB2_C1_1,Subprovider 2 | Line 1 | Col 1,NUMERIC,E02D18B,"E, Part B: Settlement - Subprovider 2",00100,00100,Amount,CALCULATION OF REIMBURSEMENT SETTLEMENT,nan
E_B_SUB2_C1_10,Subprovider 2 | Line 10 | Col 1,NUMERIC,E02D18B,"E, Part B: Settlement - Subprovider 2",01000,00100,Amount,CALCULATION OF REIMBURSEMENT SETTLEMENT,nan
E_B_SUB2_C1_11,Subprovider 2 | Line 11 | Col 1,NUMERIC,E02D18B,"E, Part B: Settlement - Subprovider 2",01100,00100,Amount,CALCULATION OF REIMBURSEMENT SETTLEMENT,nan
E_B_SUB2_C1_12,Subprovider 2 | Line 12 | Col 1,NUMERIC,E02D18B,"E, Part B: Settlement - Subprovider 2",01200,00100,Amount,CALCULATION OF REIMBURSEMENT SETTLEMENT,nan
E_B_SUB2_C1_13,Subprovider 2 | Line 13 | Col 1,NUMERIC,E02D18B,"E, Part B: Settlement - Subprovider 2",01300,00100,Amount,CALCULATION OF REIMBURSEMENT SETTLEMENT,nan
E_B_SUB2_C1_14,Subprovider 2 | Line 14 | Col 1,NUMERIC,E02D18B,"E, Part B: Settlement - Subprovider 2",01400,00100,Amount,CALCULATION OF REIMBURSEMENT SETTLEMENT,nan
E_B_SUB2_C1_15,Subprovider 2 | Line 15 | Col 1,NUMERIC,E02D18B,"E, Part B: Settlement - Subprovider 2",01500,00100,Amount,CALCULATION OF REIMBURSEMENT SETTLEMENT,nan
E_B_SUB2_C1_16,Subprovider 2 | Line 16 | Col 1,NUMERIC,E02D18B,"E, Part B: Settlement - Subprovider 2",01600,00100,Amount,CALCULATION OF REIMBURSEMENT SETTLEMENT,nan
E_B_SUB2_C1_17,Subprovider 2 | Line 17 | Col 1,NUMERIC,E02D18B,"E, Part B: Settlement - Subprovider 2",01700,00100,Amount,CALCULATION OF REIMBURSEMENT SETTLEMENT,nan
E_B_SUB2_C1_18,Subprovider 2 | Line 18 | Col 1,NUMERIC,E02D18B,"E, Part B: Settlement - Subprovider 2",01800,00100,Amount,CALCULATION OF REIMBURSEMENT SETTLEMENT,nan
E_B_SUB2_C1_19,Subprovider 2 | Line 19 | Col 1,NUMERIC,E02D18B,"E, Part B: Settlement - Subprovider 2",01900,00100,Amount,CALCULATION OF REIMBURSEMENT SETTLEMENT,nan
E_B_SUB2_C1_2,Subprovider 2 | Line 2 | Col 1,NUMERIC,E02D18B,"E, Part B: Settlement - Subprovider 2",00200,00100,Amount,CALCULATION OF REIMBURSEMENT SETTLEMENT,nan
E_B_SUB2_C1_20,Subprovider 2 | Line 20 | Col 1,NUMERIC,E02D18B,"E, Part B: Settlement - Subprovider 2",02000,00100,Amount,CALCULATION OF REIMBURSEMENT SETTLEMENT,nan
E_B_SUB2_C1_21,Subprovider 2 | Line 21 | Col 1,NUMERIC,E02D18B,"E, Part B: Settlement - Subprovider 2",02100,00100,Amount,CALCULATION OF REIMBURSEMENT SETTLEMENT,nan
E_B_SUB2_C1_22,Subprovider 2 | Line 22 | Col 1,NUMERIC,E02D18B,"E, Part B: Settlement - Subprovider 2",02200,00100,Amount,CALCULATION OF REIMBURSEMENT SETTLEMENT,nan
E_B_SUB2_C1_23,Subprovider 2 | Line 23 | Col 1,NUMERIC,E02D18B,"E, Part B: Settlement - Subprovider 2",02300,00100,Amount,CALCULATION OF REIMBURSEMENT SETTLEMENT,nan
E_B_SUB2_C1_24,Subprovider 2 | Line 24 | Col 1,NUMERIC,E02D18B,"E, Part B: Settlement - Subprovider 2",02400,00100,Amount,CALCULATION OF REIMBURSEMENT SETTLEMENT,nan
E_B_SUB2_C1_25,Subprovider 2 | Line 25 | Col 1,NUMERIC,E02D18B,"E, Part B: Settlement - Subprovider 2",02500,00100,Amount,CALCULATION OF REIMBURSEMENT SETTLEMENT,nan
E_B_SUB2_C1_26,Subprovider 2 | Line 26 | Col 1,NUMERIC,E02D18B,"E, Part B: Settlement - Subprovider 2",02600,00100,Amount,CALCULATION OF REIMBURSEMENT SETTLEMENT,nan
E_B_SUB2_C1_27,Subprovider 2 | Line 27 | Col 1,NUMERIC,E02D18B,"E, Part B: Settlement - Subprovider 2",02700,00100,Amount,CALCULATION OF REIMBURSEMENT SETTLEMENT,nan
E_B_SUB2_C1_28,Subprovider 2 | Line 28 | Col 1,NUMERIC,E02D18B,"E, Part B: Settlement - Subprovider 2",02800,00100,Amount,CALCULATION OF REIMBURSEMENT SETTLEMENT,nan
E_B_SUB2_C1_29,Subprovider 2 | Line 29 | Col 1,NUMERIC,E02D18B,"E, Part B: Settlement - Subprovider 2",02900,00100,Amount,CALCULATION OF REIMBURSEMENT SETTLEMENT,nan
E_B_SUB2_C1_3,Subprovider 2 | Line 3 | Col 1,NUMERIC,E02D18B,"E, Part B: Settlement - Subprovider 2",00300,00100,Amount,CALCULATION OF REIMBURSEMENT SETTLEMENT,nan
E_B_SUB2_C1_30,Subprovider 2 | Line 30 | Col 1,NUMERIC,E02D18B,"E, Part B: Settlement - Subprovider 2",03000,00100,Amount,CALCULATION OF REIMBURSEMENT SETTLEMENT,nan
E_B_SUB2_C1_31,Subprovider 2 | Line 31 | Col 1,NUMERIC,E02D18B,"E, Part B: Settlement - Subprovider 2",03100,00100,Amount,CALCULATION OF REIMBURSEMENT SETTLEMENT,nan
E_B_SUB2_C1_32,Subprovider 2 | Line 32 | Col 1,NUMERIC,E02D18B,"E, Part B: Settlement - Subprovider 2",03200,00100,Amount,CALCULATION OF REIMBURSEMENT SETTLEMENT,nan
E_B_SUB2_C1_33,Subprovider 2 | Line 33 | Col 1,NUMERIC,E02D18B,"E, Part B: Settlement - Subprovider 2",03300,00100,Amount,CALCULATION OF REIMBURSEMENT SETTLEMENT,nan
E_B_SUB2_C1_34,Subprovider 2 | Line 34 | Col 1,NUMERIC,E02D18B,"E, Part B: Settlement - Subprovider 2",03400,00100,Amount,CALCULATION OF REIMBURSEMENT SETTLEMENT,nan
E_B_SUB2_C1_35,Subprovider 2 | Line 35 | Col 1,NUMERIC,E02D18B,"E, Part B: Settlement - Subprovider 2",03500,00100,Amount,CALCULATION OF REIMBURSEMENT SETTLEMENT,nan
E_B_SUB2_C1_36,Subprovider 2 | Line 36 | Col 1,NUMERIC,E02D18B,"E, Part B: Settlement - Subprovider 2",03600,00100,Amount,CALCULATION OF REIMBURSEMENT SETTLEMENT,nan
E_B_SUB2_C1_37,Subprovider 2 | Line 37 | Col 1,NUMERIC,E02D18B,"E, Part B: Settlement - Subprovider 2",03700,00100,Amount,CALCULATION OF REIMBURSEMENT SETTLEMENT,nan
E_B_SUB2_C1_38,Subprovider 2 | Line 38 | Col 1,NUMERIC,E02D18B,"E, Part B: Settlement - Subprovider 2",03800,00100,Amount,CALCULATION OF REIMBURSEMENT SETTLEMENT,nan
E_B_SUB2_C1_4,Subprovider 2 | Line 4 | Col 1,NUMERIC,E02D18B,"E, Part B: Settlement - Subprovider 2",00400,00100,Amount,CALCULATION OF REIMBURSEMENT SETTLEMENT,nan
E_B_SUB2_C1_40,Subprovider 2 | Line 40 | Col 1,NUMERIC,E02D18B,"E, Part B: Settlement - Subprovider 2",04000,00100,Amount,CALCULATION OF REIMBURSEMENT SETTLEMENT,nan
E_B_SUB2_C1_41,Subprovider 2 | Line 41 | Col 1,NUMERIC,E02D18B,"E, Part B: Settlement - Subprovider 2",04100,00100,Amount,CALCULATION OF REIMBURSEMENT SETTLEMENT,nan
E_B_SUB2_C1_42,Subprovider 2 | Line 42 | Col 1,NUMERIC,E02D18B,"E, Part B: Settlement - Subprovider 2",04200,00100,Amount,CALCULATION OF REIMBURSEMENT SETTLEMENT,nan
E_B_SUB2_C1_43,Subprovider 2 | Line 43 | Col 1,NUMERIC,E02D18B,"E, Part B: Settlement - Subprovider 2",04300,00100,Amount,CALCULATION OF REIMBURSEMENT SETTLEMENT,nan
E_B_SUB2_C1_44,Subprovider 2 | Line 44 | Col 1,NUMERIC,E02D18B,"E, Part B: Settlement - Subprovider 2",04400,00100,Amount,CALCULATION OF REIMBURSEMENT SETTLEMENT,nan
E_B_SUB2_C1_5,Subprovider 2 | Line 5 | Col 1,NUMERIC,E02D18B,"E, Part B: Settlement - Subprovider 2",00500,00100,Amount,CALCULATION OF REIMBURSEMENT SETTLEMENT,nan
E_B_SUB2_C1_6,Subprovider 2 | Line 6 | Col 1,NUMERIC,E02D18B,"E, Part B: Settlement - Subprovider 2",00600,00100,Amount,CALCULATION OF REIMBURSEMENT SETTLEMENT,nan
E_B_SUB2_C1_7,Subprovider 2 | Line 7 | Col 1,NUMERIC,E02D18B,"E, Part B: Settlement - Subprovider 2",00700,00100,Amount,CALCULATION OF REIMBURSEMENT SETTLEMENT,nan
E_B_SUB2_C1_8,Subprovider 2 | Line 8 | Col 1,NUMERIC,E02D18B,"E, Part B: Settlement - Subprovider 2",00800,00100,Amount,CALCULATION OF REIMBURSEMENT SETTLEMENT,nan
E_B_SUB2_C1_9,Subprovider 2 | Line 9 | Col 1,NUMERIC,E02D18B,"E, Part B: Settlement - Subprovider 2",00900,00100,Amount,CALCULATION OF REIMBURSEMENT SETTLEMENT,nan
G2_C1_25,Line 25 | Col 1,NUMERIC,G200000,G-2: Statement of Changes in Fund Balance,02500,00100,General Fund,nan,nan
G2_C1_29,Line 29 | Col 1,NUMERIC,G200000,G-2: Statement of Changes in Fund Balance,02900,00100,General Fund,nan,nan
G2_C1_31,Line 31 | Col 1,NUMERIC,G200000,G-2: Statement of Changes in Fund Balance,03100,00100,General Fund,nan,nan
G2_C1_32,Line 32 | Col 1,NUMERIC,G200000,G-2: Statement of Changes in Fund Balance,03200,00100,General Fund,nan,nan
G2_C1_33,Line 33 | Col 1,NUMERIC,G200000,G-2: Statement of Changes in Fund Balance,03300,00100,General Fund,nan,nan
G2_C1_34,Line 34 | Col 1,NUMERIC,G200000,G-2: Statement of Changes in Fund Balance,03400,00100,General Fund,nan,nan
G2_C1_35,Line 35 | Col 1,NUMERIC,G200000,G-2: Statement of Changes in Fund Balance,03500,00100,General Fund,nan,nan
G2_C1_36,Line 36 | Col 1,NUMERIC,G200000,G-2: Statement of Changes in Fund Balance,03600,00100,General Fund,nan,nan
G2_C1_39,Line 39 | Col 1,NUMERIC,G200000,G-2: Statement of Changes in Fund Balance,03900,00100,General Fund,nan,nan
G2_C1_4,Line 4 | Col 1,NUMERIC,G200000,G-2: Statement of Changes in Fund Balance,00400,00100,General Fund,nan,nan
G2_C1_40,Line 40 | Col 1,NUMERIC,G200000,G-2: Statement of Changes in Fund Balance,04000,00100,General Fund,nan,nan
G2_C1_401,Line 4.01 | Col 1,NUMERIC,G200000,G-2: Statement of Changes in Fund Balance,00401,00100,General Fund,nan,nan
G2_C1_41,Line 41 | Col 1,NUMERIC,G200000,G-2: Statement of Changes in Fund Balance,04100,00100,General Fund,nan,nan
G2_C1_6,Line 6 | Col 1,NUMERIC,G200000,G-2: Statement of Changes in Fund Balance,00600,00100,General Fund,nan,nan
G2_C1_9,Line 9 | Col 1,NUMERIC,G200000,G-2: Statement of Changes in Fund Balance,00900,00100,General Fund,nan,nan
G2_C2_25,Line 25 | Col 2,NUMERIC,G200000,G-2: Statement of Changes in Fund Balance,02500,00200,Specific Purpose Fund,nan,nan
G3_C1_12,Line 12 | Col 1,NUMERIC,G300000,G-3: Statement of Revenue & Expenses,01200,00100,Amount,nan,nan
G3_C1_13,Line 13 | Col 1,NUMERIC,G300000,G-3: Statement of Revenue & Expenses,01300,00100,Amount,nan,nan
G3_C1_2450,Line 24.50 | Col 1,NUMERIC,G300000,G-3: Statement of Revenue & Expenses,02450,00100,Amount,nan,nan
G3_C1_8,Line 8 | Col 1,NUMERIC,G300000,G-3: Statement of Revenue & Expenses,00800,00100,Amount,nan,nan
G3_C1_9,Line 9 | Col 1,NUMERIC,G300000,G-3: Statement of Revenue & Expenses,00900,00100,Amount,nan,nan
H3_1_HHA1_C10_16,Home Health Agency 1 | Line 16 | Col 10,NUMERIC,H310181,"H-3, Part I: HHA 1",01600,01000,STATEMENT OF REVENUES AND EXPENSES,STATEMENT OF REVENUES AND EXPENSES,nan
H3_1_HHA1_C11_15,Home Health Agency 1 | Line 15 | Col 11,NUMERIC,H310181,"H-3, Part I: HHA 1",01500,01100,STATEMENT OF REVENUES AND EXPENSES,STATEMENT OF REVENUES AND EXPENSES,nan
H3_1_HHA1_C11_16,Home Health Agency 1 | Line 16 | Col 11,UNKNOWN,,,16,11,,nan,nan
H3_1_HHA1_C5_7,Home Health Agency 1 | Line 7 | Col 5,NUMERIC,H310181,"H-3, Part I: HHA 1",00700,00500,STATEMENT OF REVENUES AND EXPENSES,STATEMENT OF REVENUES AND EXPENSES,nan
H3_1_HHA1_C6_1,Home Health Agency 1 | Line 1 | Col 6,NUMERIC,H310181,"H-3, Part I: HHA 1",00100,00600,STATEMENT OF REVENUES AND EXPENSES,STATEMENT OF REVENUES AND EXPENSES,nan
H3_1_HHA1_C6_2,Home Health Agency 1 | Line 2 | Col 6,NUMERIC,H310181,"H-3, Part I: HHA 1",00200,00600,STATEMENT OF REVENUES AND EXPENSES,STATEMENT OF REVENUES AND EXPENSES,nan
H3_1_HHA1_C6_3,Home Health Agency 1 | Line 3 | Col 6,NUMERIC,H310181,"H-3, Part I: HHA 1",00300,00600,STATEMENT OF REVENUES AND EXPENSES,STATEMENT OF REVENUES AND EXPENSES,nan
H3_1_HHA1_C6_4,Home Health Agency 1 | Line 4 | Col 6,NUMERIC,H310181,"H-3, Part I: HHA 1",00400,00600,STATEMENT OF REVENUES AND EXPENSES,STATEMENT OF REVENUES AND EXPENSES,nan
H3_1_HHA1_C6_5,Home Health Agency 1 | Line 5 | Col 6,NUMERIC,H310181,"H-3, Part I: HHA 1",00500,00600,STATEMENT OF REVENUES AND EXPENSES,STATEMENT OF REVENUES AND EXPENSES,nan
H3_1_HHA1_C6_6,Home Health Agency 1 | Line 6 | Col 6,NUMERIC,H310181,"H-3, Part I: HHA 1",00600,00600,STATEMENT OF REVENUES AND EXPENSES,STATEMENT OF REVENUES AND EXPENSES,nan
H3_1_HHA1_C6_7,Home Health Agency 1 | Line 7 | Col 6,NUMERIC,H310181,"H-3, Part I: HHA 1",00700,00600,STATEMENT OF REVENUES AND EXPENSES,STATEMENT OF REVENUES AND EXPENSES,nan
H3_1_HHA1_C9_15,Home Health Agency 1 | Line 15 | Col 9,NUMERIC,H310181,"H-3, Part I: HHA 1",01500,00900,STATEMENT OF REVENUES AND EXPENSES,STATEMENT OF REVENUES AND EXPENSES,nan
H3_1_HHA2_C10_15,Home Health Agency 2 | Line 15 | Col 10,NUMERIC,H320181,"H-3, Part I: HHA 2",01500,01000,STATEMENT OF REVENUES AND EXPENSES,STATEMENT OF REVENUES AND EXPENSES,nan
H3_1_HHA2_C10_16,Home Health Agency 2 | Line 16 | Col 10,NUMERIC,H320181,"H-3, Part I: HHA 2",01600,01000,STATEMENT OF REVENUES AND EXPENSES,STATEMENT OF REVENUES AND EXPENSES,nan
H3_1_HHA2_C11_15,Home Health Agency 2 | Line 15 | Col 11,NUMERIC,H320181,"H-3, Part I: HHA 2",01500,01100,STATEMENT OF REVENUES AND EXPENSES,STATEMENT OF REVENUES AND EXPENSES,nan
H3_1_HHA2_C11_16,Home Health Agency 2 | Line 16 | Col 11,UNKNOWN,,,16,11,,nan,nan
H3_1_HHA2_C5_1,Home Health Agency 2 | Line 1 | Col 5,NUMERIC,H320181,"H-3, Part I: HHA 2",00100,00500,STATEMENT OF REVENUES AND EXPENSES,STATEMENT OF REVENUES AND EXPENSES,nan
H3_1_HHA2_C5_2,Home Health Agency 2 | Line 2 | Col 5,NUMERIC,H320181,"H-3, Part I: HHA 2",00200,00500,STATEMENT OF REVENUES AND EXPENSES,STATEMENT OF REVENUES AND EXPENSES,nan
H3_1_HHA2_C5_3,Home Health Agency 2 | Line 3 | Col 5,NUMERIC,H320181,"H-3, Part I: HHA 2",00300,00500,STATEMENT OF REVENUES AND EXPENSES,STATEMENT OF REVENUES AND EXPENSES,nan
H3_1_HHA2_C5_4,Home Health Agency 2 | Line 4 | Col 5,NUMERIC,H320181,"H-3, Part I: HHA 2",00400,00500,STATEMENT OF REVENUES AND EXPENSES,STATEMENT OF REVENUES AND EXPENSES,nan
H3_1_HHA2_C5_5,Home Health Agency 2 | Line 5 | Col 5,NUMERIC,H320181,"H-3, Part I: HHA 2",00500,00500,STATEMENT OF REVENUES AND EXPENSES,STATEMENT OF REVENUES AND EXPENSES,nan
H3_1_HHA2_C5_6,Home Health Agency 2 | Line 6 | Col 5,NUMERIC,H320181,"H-3, Part I: HHA 2",00600,00500,STATEMENT OF REVENUES AND EXPENSES,STATEMENT OF REVENUES AND EXPENSES,nan
H3_1_HHA2_C5_7,Home Health Agency 2 | Line 7 | Col 5,NUMERIC,H320181,"H-3, Part I: HHA 2",00700,00500,STATEMENT OF REVENUES AND EXPENSES,STATEMENT OF REVENUES AND EXPENSES,nan
H3_1_HHA2_C6_1,Home Health Agency 2 | Line 1 | Col 6,NUMERIC,H320181,"H-3, Part I: HHA 2",00100,00600,STATEMENT OF REVENUES AND EXPENSES,STATEMENT OF REVENUES AND EXPENSES,nan
H3_1_HHA2_C6_2,Home Health Agency 2 | Line 2 | Col 6,NUMERIC,H320181,"H-3, Part I: HHA 2",00200,00600,STATEMENT OF REVENUES AND EXPENSES,STATEMENT OF REVENUES AND EXPENSES,nan
H3_1_HHA2_C6_3,Home Health Agency 2 | Line 3 | Col 6,NUMERIC,H320181,"H-3, Part I: HHA 2",00300,00600,STATEMENT OF REVENUES AND EXPENSES,STATEMENT OF REVENUES AND EXPENSES,nan
H3_1_HHA2_C6_4,Home Health Agency 2 | Line 4 | Col 6,NUMERIC,H320181,"H-3, Part I: HHA 2",00400,00600,STATEMENT OF REVENUES AND EXPENSES,STATEMENT OF REVENUES AND EXPENSES,nan
H3_1_HHA2_C6_5,Home Health Agency 2 | Line 5 | Col 6,NUMERIC,H320181,"H-3, Part I: HHA 2",00500,00600,STATEMENT OF REVENUES AND EXPENSES,STATEMENT OF REVENUES AND EXPENSES,nan
H3_1_HHA2_C6_6,Home Health Agency 2 | Line 6 | Col 6,NUMERIC,H320181,"H-3, Part I: HHA 2",00600,00600,STATEMENT OF REVENUES AND EXPENSES,STATEMENT OF REVENUES AND EXPENSES,nan
H3_1_HHA2_C6_7,Home Health Agency 2 | Line 7 | Col 6,NUMERIC,H320181,"H-3, Part I: HHA 2",00700,00600,STATEMENT OF REVENUES AND EXPENSES,STATEMENT OF REVENUES AND EXPENSES,nan
H3_1_HHA2_C7_1,Home Health Agency 2 | Line 1 | Col 7,NUMERIC,H320181,"H-3, Part I: HHA 2",00100,00700,STATEMENT OF REVENUES AND EXPENSES,STATEMENT OF REVENUES AND EXPENSES,nan
H3_1_HHA2_C7_2,Home Health Agency 2 | Line 2 | Col 7,NUMERIC,H320181,"H-3, Part I: HHA 2",00200,00700,STATEMENT OF REVENUES AND EXPENSES,STATEMENT OF REVENUES AND EXPENSES,nan
H3_1_HHA2_C7_3,Home Health Agency 2 | Line 3 | Col 7,NUMERIC,H320181,"H-3, Part I: HHA 2",00300,00700,STATEMENT OF REVENUES AND EXPENSES,STATEMENT OF REVENUES AND EXPENSES,nan
H3_1_HHA2_C7_4,Home Health Agency 2 | Line 4 | Col 7,NUMERIC,H320181,"H-3, Part I: HHA 2",00400,00700,STATEMENT OF REVENUES AND EXPENSES,STATEMENT OF REVENUES AND EXPENSES,nan
H3_1_HHA2_C7_5,Home Health Agency 2 | Line 5 | Col 7,NUMERIC,H320181,"H-3, Part I: HHA 2",00500,00700,STATEMENT OF REVENUES AND EXPENSES,STATEMENT OF REVENUES AND EXPENSES,nan
H3_1_HHA2_C7_6,Home Health Agency 2 | Line 6 | Col 7,NUMERIC,H320181,"H-3, Part I: HHA 2",00600,00700,STATEMENT OF REVENUES AND EXPENSES,STATEMENT OF REVENUES AND EXPENSES,nan
H3_1_HHA2_C7_7,Home Health Agency 2 | Line 7 | Col 7,NUMERIC,H320181,"H-3, Part I: HHA 2",00700,00700,STATEMENT OF REVENUES AND EXPENSES,STATEMENT OF REVENUES AND EXPENSES,nan
H3_1_HHA2_C9_15,Home Health Agency 2 | Line 15 | Col 9,NUMERIC,H320181,"H-3, Part I: HHA 2",01500,00900,STATEMENT OF REVENUES AND EXPENSES,STATEMENT OF REVENUES AND EXPENSES,nan
H3_1_HHA3_C10_15,Home Health Agency 3 | Line 15 | Col 10,NUMERIC,H330181,"H-3, Part I: HHA 3",01500,01000,STATEMENT OF REVENUES AND EXPENSES,STATEMENT OF REVENUES AND EXPENSES,nan
H3_1_HHA3_C10_16,Home Health Agency 3 | Line 16 | Col 10,NUMERIC,H330181,"H-3, Part I: HHA 3",01600,01000,STATEMENT OF REVENUES AND EXPENSES,STATEMENT OF REVENUES AND EXPENSES,nan
H3_1_HHA3_C11_15,Home Health Agency 3 | Line 15 | Col 11,NUMERIC,H330181,"H-3, Part I: HHA 3",01500,01100,STATEMENT OF REVENUES AND EXPENSES,STATEMENT OF REVENUES AND EXPENSES,nan
H3_1_HHA3_C5_1,Home Health Agency 3 | Line 1 | Col 5,NUMERIC,H330181,"H-3, Part I: HHA 3",00100,00500,STATEMENT OF REVENUES AND EXPENSES,STATEMENT OF REVENUES AND EXPENSES,nan
H3_1_HHA3_C5_2,Home Health Agency 3 | Line 2 | Col 5,NUMERIC,H330181,"H-3, Part I: HHA 3",00200,00500,STATEMENT OF REVENUES AND EXPENSES,STATEMENT OF REVENUES AND EXPENSES,nan
H3_1_HHA3_C5_3,Home Health Agency 3 | Line 3 | Col 5,NUMERIC,H330181,"H-3, Part I: HHA 3",00300,00500,STATEMENT OF REVENUES AND EXPENSES,STATEMENT OF REVENUES AND EXPENSES,nan
H3_1_HHA3_C5_4,Home Health Agency 3 | Line 4 | Col 5,NUMERIC,H330181,"H-3, Part I: HHA 3",00400,00500,STATEMENT OF REVENUES AND EXPENSES,STATEMENT OF REVENUES AND EXPENSES,nan
H3_1_HHA3_C5_5,Home Health Agency 3 | Line 5 | Col 5,NUMERIC,H330181,"H-3, Part I: HHA 3",00500,00500,STATEMENT OF REVENUES AND EXPENSES,STATEMENT OF REVENUES AND EXPENSES,nan
H3_1_HHA3_C5_6,Home Health Agency 3 | Line 6 | Col 5,NUMERIC,H330181,"H-3, Part I: HHA 3",00600,00500,STATEMENT OF REVENUES AND EXPENSES,STATEMENT OF REVENUES AND EXPENSES,nan
H3_1_HHA3_C5_7,Home Health Agency 3 | Line 7 | Col 5,NUMERIC,H330181,"H-3, Part I: HHA 3",00700,00500,STATEMENT OF REVENUES AND EXPENSES,STATEMENT OF REVENUES AND EXPENSES,nan
H3_1_HHA3_C6_1,Home Health Agency 3 | Line 1 | Col 6,NUMERIC,H330181,"H-3, Part I: HHA 3",00100,00600,STATEMENT OF REVENUES AND EXPENSES,STATEMENT OF REVENUES AND EXPENSES,nan
H3_1_HHA3_C6_2,Home Health Agency 3 | Line 2 | Col 6,NUMERIC,H330181,"H-3, Part I: HHA 3",00200,00600,STATEMENT OF REVENUES AND EXPENSES,STATEMENT OF REVENUES AND EXPENSES,nan
H3_1_HHA3_C6_3,Home Health Agency 3 | Line 3 | Col 6,NUMERIC,H330181,"H-3, Part I: HHA 3",00300,00600,STATEMENT OF REVENUES AND EXPENSES,STATEMENT OF REVENUES AND EXPENSES,nan
H3_1_HHA3_C6_4,Home Health Agency 3 | Line 4 | Col 6,NUMERIC,H330181,"H-3, Part I: HHA 3",00400,00600,STATEMENT OF REVENUES AND EXPENSES,STATEMENT OF REVENUES AND EXPENSES,nan
H3_1_HHA3_C6_5,Home Health Agency 3 | Line 5 | Col 6,NUMERIC,H330181,"H-3, Part I: HHA 3",00500,00600,STATEMENT OF REVENUES AND EXPENSES,STATEMENT OF REVENUES AND EXPENSES,nan
H3_1_HHA3_C6_6,Home Health Agency 3 | Line 6 | Col 6,NUMERIC,H330181,"H-3, Part I: HHA 3",00600,00600,STATEMENT OF REVENUES AND EXPENSES,STATEMENT OF REVENUES AND EXPENSES,nan
H3_1_HHA3_C6_7,Home Health Agency 3 | Line 7 | Col 6,NUMERIC,H330181,"H-3, Part I: HHA 3",00700,00600,STATEMENT OF REVENUES AND EXPENSES,STATEMENT OF REVENUES AND EXPENSES,nan
H3_1_HHA3_C7_1,Home Health Agency 3 | Line 1 | Col 7,NUMERIC,H330181,"H-3, Part I: HHA 3",00100,00700,STATEMENT OF REVENUES AND EXPENSES,STATEMENT OF REVENUES AND EXPENSES,nan
H3_1_HHA3_C7_2,Home Health Agency 3 | Line 2 | Col 7,NUMERIC,H330181,"H-3, Part I: HHA 3",00200,00700,STATEMENT OF REVENUES AND EXPENSES,STATEMENT OF REVENUES AND EXPENSES,nan
H3_1_HHA3_C7_3,Home Health Agency 3 | Line 3 | Col 7,NUMERIC,H330181,"H-3, Part I: HHA 3",00300,00700,STATEMENT OF REVENUES AND EXPENSES,STATEMENT OF REVENUES AND EXPENSES,nan
H3_1_HHA3_C7_4,Home Health Agency 3 | Line 4 | Col 7,NUMERIC,H330181,"H-3, Part I: HHA 3",00400,00700,STATEMENT OF REVENUES AND EXPENSES,STATEMENT OF REVENUES AND EXPENSES,nan
H3_1_HHA3_C7_5,Home Health Agency 3 | Line 5 | Col 7,NUMERIC,H330181,"H-3, Part I: HHA 3",00500,00700,STATEMENT OF REVENUES AND EXPENSES,STATEMENT OF REVENUES AND EXPENSES,nan
H3_1_HHA3_C7_6,Home Health Agency 3 | Line 6 | Col 7,NUMERIC,H330181,"H-3, Part I: HHA 3",00600,00700,STATEMENT OF REVENUES AND EXPENSES,STATEMENT OF REVENUES AND EXPENSES,nan
H3_1_HHA3_C7_7,Home Health Agency 3 | Line 7 | Col 7,NUMERIC,H330181,"H-3, Part I: HHA 3",00700,00700,STATEMENT OF REVENUES AND EXPENSES,STATEMENT OF REVENUES AND EXPENSES,nan
H3_1_HHA3_C9_15,Home Health Agency 3 | Line 15 | Col 9,NUMERIC,H330181,"H-3, Part I: HHA 3",01500,00900,STATEMENT OF REVENUES AND EXPENSES,STATEMENT OF REVENUES AND EXPENSES,nan
H3_1_HHA4_C10_15,Home Health Agency 4 | Line 15 | Col 10,NUMERIC,H340181,"H-3, Part I: HHA 4",01500,01000,STATEMENT OF REVENUES AND EXPENSES,STATEMENT OF REVENUES AND EXPENSES,nan
H3_1_HHA4_C10_16,Home Health Agency 4 | Line 16 | Col 10,NUMERIC,H340181,"H-3, Part I: HHA 4",01600,01000,STATEMENT OF REVENUES AND EXPENSES,STATEMENT OF REVENUES AND EXPENSES,nan
H3_1_HHA4_C11_15,Home Health Agency 4 | Line 15 | Col 11,NUMERIC,H340181,"H-3, Part I: HHA 4",01500,01100,STATEMENT OF REVENUES AND EXPENSES,STATEMENT OF REVENUES AND EXPENSES,nan
H3_1_HHA4_C5_1,Home Health Agency 4 | Line 1 | Col 5,NUMERIC,H340181,"H-3, Part I: HHA 4",00100,00500,STATEMENT OF REVENUES AND EXPENSES,STATEMENT OF REVENUES AND EXPENSES,nan
H3_1_HHA4_C5_2,Home Health Agency 4 | Line 2 | Col 5,NUMERIC,H340181,"H-3, Part I: HHA 4",00200,00500,STATEMENT OF REVENUES AND EXPENSES,STATEMENT OF REVENUES AND EXPENSES,nan
H3_1_HHA4_C5_3,Home Health Agency 4 | Line 3 | Col 5,NUMERIC,H340181,"H-3, Part I: HHA 4",00300,00500,STATEMENT OF REVENUES AND EXPENSES,STATEMENT OF REVENUES AND EXPENSES,nan
H3_1_HHA4_C5_4,Home Health Agency 4 | Line 4 | Col 5,NUMERIC,H340181,"H-3, Part I: HHA 4",00400,00500,STATEMENT OF REVENUES AND EXPENSES,STATEMENT OF REVENUES AND EXPENSES,nan
H3_1_HHA4_C5_5,Home Health Agency 4 | Line 5 | Col 5,NUMERIC,H340181,"H-3, Part I: HHA 4",00500,00500,STATEMENT OF REVENUES AND EXPENSES,STATEMENT OF REVENUES AND EXPENSES,nan
H3_1_HHA4_C5_6,Home Health Agency 4 | Line 6 | Col 5,NUMERIC,H340181,"H-3, Part I: HHA 4",00600,00500,STATEMENT OF REVENUES AND EXPENSES,STATEMENT OF REVENUES AND EXPENSES,nan
H3_1_HHA4_C5_7,Home Health Agency 4 | Line 7 | Col 5,NUMERIC,H340181,"H-3, Part I: HHA 4",00700,00500,STATEMENT OF REVENUES AND EXPENSES,STATEMENT OF REVENUES AND EXPENSES,nan
H3_1_HHA4_C6_1,Home Health Agency 4 | Line 1 | Col 6,NUMERIC,H340181,"H-3, Part I: HHA 4",00100,00600,STATEMENT OF REVENUES AND EXPENSES,STATEMENT OF REVENUES AND EXPENSES,nan
H3_1_HHA4_C6_2,Home Health Agency 4 | Line 2 | Col 6,NUMERIC,H340181,"H-3, Part I: HHA 4",00200,00600,STATEMENT OF REVENUES AND EXPENSES,STATEMENT OF REVENUES AND EXPENSES,nan
H3_1_HHA4_C6_3,Home Health Agency 4 | Line 3 | Col 6,NUMERIC,H340181,"H-3, Part I: HHA 4",00300,00600,STATEMENT OF REVENUES AND EXPENSES,STATEMENT OF REVENUES AND EXPENSES,nan
H3_1_HHA4_C6_4,Home Health Agency 4 | Line 4 | Col 6,NUMERIC,H340181,"H-3, Part I: HHA 4",00400,00600,STATEMENT OF REVENUES AND EXPENSES,STATEMENT OF REVENUES AND EXPENSES,nan
H3_1_HHA4_C6_5,Home Health Agency 4 | Line 5 | Col 6,NUMERIC,H340181,"H-3, Part I: HHA 4",00500,00600,STATEMENT OF REVENUES AND EXPENSES,STATEMENT OF REVENUES AND EXPENSES,nan
H3_1_HHA4_C6_6,Home Health Agency 4 | Line 6 | Col 6,NUMERIC,H340181,"H-3, Part I: HHA 4",00600,00600,STATEMENT OF REVENUES AND EXPENSES,STATEMENT OF REVENUES AND EXPENSES,nan
H3_1_HHA4_C6_7,Home Health Agency 4 | Line 7 | Col 6,NUMERIC,H340181,"H-3, Part I: HHA 4",00700,00600,STATEMENT OF REVENUES AND EXPENSES,STATEMENT OF REVENUES AND EXPENSES,nan
H3_1_HHA4_C7_1,Home Health Agency 4 | Line 1 | Col 7,NUMERIC,H340181,"H-3, Part I: HHA 4",00100,00700,STATEMENT OF REVENUES AND EXPENSES,STATEMENT OF REVENUES AND EXPENSES,nan
H3_1_HHA4_C7_2,Home Health Agency 4 | Line 2 | Col 7,NUMERIC,H340181,"H-3, Part I: HHA 4",00200,00700,STATEMENT OF REVENUES AND EXPENSES,STATEMENT OF REVENUES AND EXPENSES,nan
H3_1_HHA4_C7_3,Home Health Agency 4 | Line 3 | Col 7,NUMERIC,H340181,"H-3, Part I: HHA 4",00300,00700,STATEMENT OF REVENUES AND EXPENSES,STATEMENT OF REVENUES AND EXPENSES,nan
H3_1_HHA4_C7_4,Home Health Agency 4 | Line 4 | Col 7,NUMERIC,H340181,"H-3, Part I: HHA 4",00400,00700,STATEMENT OF REVENUES AND EXPENSES,STATEMENT OF REVENUES AND EXPENSES,nan
H3_1_HHA4_C7_5,Home Health Agency 4 | Line 5 | Col 7,NUMERIC,H340181,"H-3, Part I: HHA 4",00500,00700,STATEMENT OF REVENUES AND EXPENSES,STATEMENT OF REVENUES AND EXPENSES,nan
H3_1_HHA4_C7_6,Home Health Agency 4 | Line 6 | Col 7,NUMERIC,H340181,"H-3, Part I: HHA 4",00600,00700,STATEMENT OF REVENUES AND EXPENSES,STATEMENT OF REVENUES AND EXPENSES,nan
H3_1_HHA4_C7_7,Home Health Agency 4 | Line 7 | Col 7,NUMERIC,H340181,"H-3, Part I: HHA 4",00700,00700,STATEMENT OF REVENUES AND EXPENSES,STATEMENT OF REVENUES AND EXPENSES,nan
H3_1_HHA4_C9_15,Home Health Agency 4 | Line 15 | Col 9,NUMERIC,H340181,"H-3, Part I: HHA 4",01500,00900,STATEMENT OF REVENUES AND EXPENSES,STATEMENT OF REVENUES AND EXPENSES,nan
H3_1_HHA5_C10_15,Home Health Agency 5 | Line 15 | Col 10,NUMERIC,H350181,"H-3, Part I: HHA 5",01500,01000,STATEMENT OF REVENUES AND EXPENSES,STATEMENT OF REVENUES AND EXPENSES,nan
H3_1_HHA5_C10_16,Home Health Agency 5 | Line 16 | Col 10,NUMERIC,H350181,"H-3, Part I: HHA 5",01600,01000,STATEMENT OF REVENUES AND EXPENSES,STATEMENT OF REVENUES AND EXPENSES,nan
H3_1_HHA5_C11_15,Home Health Agency 5 | Line 15 | Col 11,NUMERIC,H350181,"H-3, Part I: HHA 5",01500,01100,STATEMENT OF REVENUES AND EXPENSES,STATEMENT OF REVENUES AND EXPENSES,nan
H3_1_HHA5_C5_1,Home Health Agency 5 | Line 1 | Col 5,NUMERIC,H350181,"H-3, Part I: HHA 5",00100,00500,STATEMENT OF REVENUES AND EXPENSES,STATEMENT OF REVENUES AND EXPENSES,nan
H3_1_HHA5_C5_2,Home Health Agency 5 | Line 2 | Col 5,NUMERIC,H350181,"H-3, Part I: HHA 5",00200,00500,STATEMENT OF REVENUES AND EXPENSES,STATEMENT OF REVENUES AND EXPENSES,nan
H3_1_HHA5_C5_3,Home Health Agency 5 | Line 3 | Col 5,NUMERIC,H350181,"H-3, Part I: HHA 5",00300,00500,STATEMENT OF REVENUES AND EXPENSES,STATEMENT OF REVENUES AND EXPENSES,nan
H3_1_HHA5_C5_4,Home Health Agency 5 | Line 4 | Col 5,NUMERIC,H350181,"H-3, Part I: HHA 5",00400,00500,STATEMENT OF REVENUES AND EXPENSES,STATEMENT OF REVENUES AND EXPENSES,nan
H3_1_HHA5_C5_5,Home Health Agency 5 | Line 5 | Col 5,NUMERIC,H350181,"H-3, Part I: HHA 5",00500,00500,STATEMENT OF REVENUES AND EXPENSES,STATEMENT OF REVENUES AND EXPENSES,nan
H3_1_HHA5_C5_6,Home Health Agency 5 | Line 6 | Col 5,NUMERIC,H350181,"H-3, Part I: HHA 5",00600,00500,STATEMENT OF REVENUES AND EXPENSES,STATEMENT OF REVENUES AND EXPENSES,nan
H3_1_HHA5_C5_7,Home Health Agency 5 | Line 7 | Col 5,NUMERIC,H350181,"H-3, Part I: HHA 5",00700,00500,STATEMENT OF REVENUES AND EXPENSES,STATEMENT OF REVENUES AND EXPENSES,nan
H3_1_HHA5_C6_1,Home Health Agency 5 | Line 1 | Col 6,NUMERIC,H350181,"H-3, Part I: HHA 5",00100,00600,STATEMENT OF REVENUES AND EXPENSES,STATEMENT OF REVENUES AND EXPENSES,nan
H3_1_HHA5_C6_2,Home Health Agency 5 | Line 2 | Col 6,NUMERIC,H350181,"H-3, Part I: HHA 5",00200,00600,STATEMENT OF REVENUES AND EXPENSES,STATEMENT OF REVENUES AND EXPENSES,nan
H3_1_HHA5_C6_3,Home Health Agency 5 | Line 3 | Col 6,NUMERIC,H350181,"H-3, Part I: HHA 5",00300,00600,STATEMENT OF REVENUES AND EXPENSES,STATEMENT OF REVENUES AND EXPENSES,nan
H3_1_HHA5_C6_4,Home Health Agency 5 | Line 4 | Col 6,NUMERIC,H350181,"H-3, Part I: HHA 5",00400,00600,STATEMENT OF REVENUES AND EXPENSES,STATEMENT OF REVENUES AND EXPENSES,nan
H3_1_HHA5_C6_5,Home Health Agency 5 | Line 5 | Col 6,NUMERIC,H350181,"H-3, Part I: HHA 5",00500,00600,STATEMENT OF REVENUES AND EXPENSES,STATEMENT OF REVENUES AND EXPENSES,nan
H3_1_HHA5_C6_6,Home Health Agency 5 | Line 6 | Col 6,NUMERIC,H350181,"H-3, Part I: HHA 5",00600,00600,STATEMENT OF REVENUES AND EXPENSES,STATEMENT OF REVENUES AND EXPENSES,nan
H3_1_HHA5_C6_7,Home Health Agency 5 | Line 7 | Col 6,NUMERIC,H350181,"H-3, Part I: HHA 5",00700,00600,STATEMENT OF REVENUES AND EXPENSES,STATEMENT OF REVENUES AND EXPENSES,nan
H3_1_HHA5_C7_1,Home Health Agency 5 | Line 1 | Col 7,NUMERIC,H350181,"H-3, Part I: HHA 5",00100,00700,STATEMENT OF REVENUES AND EXPENSES,STATEMENT OF REVENUES AND EXPENSES,nan
H3_1_HHA5_C7_2,Home Health Agency 5 | Line 2 | Col 7,NUMERIC,H350181,"H-3, Part I: HHA 5",00200,00700,STATEMENT OF REVENUES AND EXPENSES,STATEMENT OF REVENUES AND EXPENSES,nan
H3_1_HHA5_C7_3,Home Health Agency 5 | Line 3 | Col 7,NUMERIC,H350181,"H-3, Part I: HHA 5",00300,00700,STATEMENT OF REVENUES AND EXPENSES,STATEMENT OF REVENUES AND EXPENSES,nan
H3_1_HHA5_C7_4,Home Health Agency 5 | Line 4 | Col 7,NUMERIC,H350181,"H-3, Part I: HHA 5",00400,00700,STATEMENT OF REVENUES AND EXPENSES,STATEMENT OF REVENUES AND EXPENSES,nan
H3_1_HHA5_C7_5,Home Health Agency 5 | Line 5 | Col 7,NUMERIC,H350181,"H-3, Part I: HHA 5",00500,00700,STATEMENT OF REVENUES AND EXPENSES,STATEMENT OF REVENUES AND EXPENSES,nan
H3_1_HHA5_C7_6,Home Health Agency 5 | Line 6 | Col 7,NUMERIC,H350181,"H-3, Part I: HHA 5",00600,00700,STATEMENT OF REVENUES AND EXPENSES,STATEMENT OF REVENUES AND EXPENSES,nan
H3_1_HHA5_C7_7,Home Health Agency 5 | Line 7 | Col 7,NUMERIC,H350181,"H-3, Part I: HHA 5",00700,00700,STATEMENT OF REVENUES AND EXPENSES,STATEMENT OF REVENUES AND EXPENSES,nan
H3_1_HHA5_C9_15,Home Health Agency 5 | Line 15 | Col 9,NUMERIC,H350181,"H-3, Part I: HHA 5",01500,00900,STATEMENT OF REVENUES AND EXPENSES,STATEMENT OF REVENUES AND EXPENSES,nan
H4_1_HHA1_C1_9,Home Health Agency 1 | Line 9 | Col 1,UNKNOWN,,,9,1,,nan,nan
H4_1_HHA1_C2_9,Home Health Agency 1 | Line 9 | Col 2,UNKNOWN,,,9,2,,nan,nan
H4_1_HHA1_C3_9,Home Health Agency 1 | Line 9 | Col 3,UNKNOWN,,,9,3,,nan,nan
H4_1_HHA2_C1_9,Home Health Agency 2 | Line 9 | Col 1,UNKNOWN,,,9,1,,nan,nan
H4_1_HHA2_C2_9,Home Health Agency 2 | Line 9 | Col 2,UNKNOWN,,,9,2,,nan,nan
H4_1_HHA2_C3_9,Home Health Agency 2 | Line 9 | Col 3,UNKNOWN,,,9,3,,nan,nan
H4_2_HHA1_C1_10,Home Health Agency 1 | Line 10 | Col 1,NUMERIC,H410182,"H-4, Part II: HHA 1",01000,00100,STATEMENT OF REVENUES AND EXPENSES,STATEMENT OF REVENUES AND EXPENSES,nan
H4_2_HHA1_C1_11,Home Health Agency 1 | Line 11 | Col 1,NUMERIC,H410182,"H-4, Part II: HHA 1",01100,00100,STATEMENT OF REVENUES AND EXPENSES,STATEMENT OF REVENUES AND EXPENSES,nan
H4_2_HHA1_C1_12,Home Health Agency 1 | Line 12 | Col 1,NUMERIC,H410182,"H-4, Part II: HHA 1",01200,00100,STATEMENT OF REVENUES AND EXPENSES,STATEMENT OF REVENUES AND EXPENSES,nan
H4_2_HHA1_C1_13,Home Health Agency 1 | Line 13 | Col 1,NUMERIC,H410182,"H-4, Part II: HHA 1",01300,00100,STATEMENT OF REVENUES AND EXPENSES,STATEMENT OF REVENUES AND EXPENSES,nan
H4_2_HHA1_C1_14,Home Health Agency 1 | Line 14 | Col 1,NUMERIC,H410182,"H-4, Part II: HHA 1",01400,00100,STATEMENT OF REVENUES AND EXPENSES,STATEMENT OF REVENUES AND EXPENSES,nan
H4_2_HHA1_C1_15,Home Health Agency 1 | Line 15 | Col 1,NUMERIC,H410182,"H-4, Part II: HHA 1",01500,00100,STATEMENT OF REVENUES AND EXPENSES,STATEMENT OF REVENUES AND EXPENSES,nan
H4_2_HHA1_C1_16,Home Health Agency 1 | Line 16 | Col 1,NUMERIC,H410182,"H-4, Part II: HHA 1",01600,00100,STATEMENT OF REVENUES AND EXPENSES,STATEMENT OF REVENUES AND EXPENSES,nan
H4_2_HHA1_C1_17,Home Health Agency 1 | Line 17 | Col 1,NUMERIC,H410182,"H-4, Part II: HHA 1",01700,00100,STATEMENT OF REVENUES AND EXPENSES,STATEMENT OF REVENUES AND EXPENSES,nan
H4_2_HHA1_C1_18,Home Health Agency 1 | Line 18 | Col 1,NUMERIC,H410182,"H-4, Part II: HHA 1",01800,00100,STATEMENT OF REVENUES AND EXPENSES,STATEMENT OF REVENUES AND EXPENSES,nan
H4_2_HHA1_C1_19,Home Health Agency 1 | Line 19 | Col 1,NUMERIC,H410182,"H-4, Part II: HHA 1",01900,00100,STATEMENT OF REVENUES AND EXPENSES,STATEMENT OF REVENUES AND EXPENSES,nan
H4_2_HHA1_C1_20,Home Health Agency 1 | Line 20 | Col 1,NUMERIC,H410182,"H-4, Part II: HHA 1",02000,00100,STATEMENT OF REVENUES AND EXPENSES,STATEMENT OF REVENUES AND EXPENSES,nan
H4_2_HHA1_C1_21,Home Health Agency 1 | Line 21 | Col 1,NUMERIC,H410182,"H-4, Part II: HHA 1",02100,00100,STATEMENT OF REVENUES AND EXPENSES,STATEMENT OF REVENUES AND EXPENSES,nan
H4_2_HHA1_C1_22,Home Health Agency 1 | Line 22 | Col 1,NUMERIC,H410182,"H-4, Part II: HHA 1",02200,00100,STATEMENT OF REVENUES AND EXPENSES,STATEMENT OF REVENUES AND EXPENSES,nan
H4_2_HHA1_C1_23,Home Health Agency 1 | Line 23 | Col 1,NUMERIC,H410182,"H-4, Part II: HHA 1",02300,00100,STATEMENT OF REVENUES AND EXPENSES,STATEMENT OF REVENUES AND EXPENSES,nan
H4_2_HHA1_C1_24,Home Health Agency 1 | Line 24 | Col 1,NUMERIC,H410182,"H-4, Part II: HHA 1",02400,00100,STATEMENT OF REVENUES AND EXPENSES,STATEMENT OF REVENUES AND EXPENSES,nan
H4_2_HHA1_C1_25,Home Health Agency 1 | Line 25 | Col 1,NUMERIC,H410182,"H-4, Part II: HHA 1",02500,00100,STATEMENT OF REVENUES AND EXPENSES,STATEMENT OF REVENUES AND EXPENSES,nan
H4_2_HHA1_C1_26,Home Health Agency 1 | Line 26 | Col 1,NUMERIC,H410182,"H-4, Part II: HHA 1",02600,00100,STATEMENT OF REVENUES AND EXPENSES,STATEMENT OF REVENUES AND EXPENSES,nan
H4_2_HHA1_C1_27,Home Health Agency 1 | Line 27 | Col 1,NUMERIC,H410182,"H-4, Part II: HHA 1",02700,00100,STATEMENT OF REVENUES AND EXPENSES,STATEMENT OF REVENUES AND EXPENSES,nan
H4_2_HHA1_C1_28,Home Health Agency 1 | Line 28 | Col 1,NUMERIC,H410182,"H-4, Part II: HHA 1",02800,00100,STATEMENT OF REVENUES AND EXPENSES,STATEMENT OF REVENUES AND EXPENSES,nan
H4_2_HHA1_C1_29,Home Health Agency 1 | Line 29 | Col 1,NUMERIC,H410182,"H-4, Part II: HHA 1",02900,00100,STATEMENT OF REVENUES AND EXPENSES,STATEMENT OF REVENUES AND EXPENSES,nan
H4_2_HHA1_C1_30,Home Health Agency 1 | Line 30 | Col 1,NUMERIC,H410182,"H-4, Part II: HHA 1",03000,00100,STATEMENT OF REVENUES AND EXPENSES,STATEMENT OF REVENUES AND EXPENSES,nan
H4_2_HHA1_C1_31,Home Health Agency 1 | Line 31 | Col 1,NUMERIC,H410182,"H-4, Part II: HHA 1",03100,00100,STATEMENT OF REVENUES AND EXPENSES,STATEMENT OF REVENUES AND EXPENSES,nan
H4_2_HHA1_C1_3101,Home Health Agency 1 | Line 31.01 | Col 1,NUMERIC,H410182,"H-4, Part II: HHA 1",03101,00100,STATEMENT OF REVENUES AND EXPENSES,STATEMENT OF REVENUES AND EXPENSES,nan
H4_2_HHA1_C1_32,Home Health Agency 1 | Line 32 | Col 1,NUMERIC,H410182,"H-4, Part II: HHA 1",03200,00100,STATEMENT OF REVENUES AND EXPENSES,STATEMENT OF REVENUES AND EXPENSES,nan
H4_2_HHA1_C1_33,Home Health Agency 1 | Line 33 | Col 1,NUMERIC,H410182,"H-4, Part II: HHA 1",03300,00100,STATEMENT OF REVENUES AND EXPENSES,STATEMENT OF REVENUES AND EXPENSES,nan
H4_2_HHA1_C1_34,Home Health Agency 1 | Line 34 | Col 1,NUMERIC,H410182,"H-4, Part II: HHA 1",03400,00100,STATEMENT OF REVENUES AND EXPENSES,STATEMENT OF REVENUES AND EXPENSES,nan
H4_2_HHA1_C1_35,Home Health Agency 1 | Line 35 | Col 1,NUMERIC,H410182,"H-4, Part II: HHA 1",03500,00100,STATEMENT OF REVENUES AND EXPENSES,STATEMENT OF REVENUES AND EXPENSES,nan
H4_2_HHA1_C2_10,Home Health Agency 1 | Line 10 | Col 2,NUMERIC,H410182,"H-4, Part II: HHA 1",01000,00200,STATEMENT OF REVENUES AND EXPENSES,STATEMENT OF REVENUES AND EXPENSES,nan
H4_2_HHA1_C2_17,Home Health Agency 1 | Line 17 | Col 2,NUMERIC,H410182,"H-4, Part II: HHA 1",01700,00200,STATEMENT OF REVENUES AND EXPENSES,STATEMENT OF REVENUES AND EXPENSES,nan
H4_2_HHA1_C2_18,Home Health Agency 1 | Line 18 | Col 2,NUMERIC,H410182,"H-4, Part II: HHA 1",01800,00200,STATEMENT OF REVENUES AND EXPENSES,STATEMENT OF REVENUES AND EXPENSES,nan
H4_2_HHA1_C2_19,Home Health Agency 1 | Line 19 | Col 2,NUMERIC,H410182,"H-4, Part II: HHA 1",01900,00200,STATEMENT OF REVENUES AND EXPENSES,STATEMENT OF REVENUES AND EXPENSES,nan
H4_2_HHA1_C2_20,Home Health Agency 1 | Line 20 | Col 2,NUMERIC,H410182,"H-4, Part II: HHA 1",02000,00200,STATEMENT OF REVENUES AND EXPENSES,STATEMENT OF REVENUES AND EXPENSES,nan
H4_2_HHA1_C2_21,Home Health Agency 1 | Line 21 | Col 2,NUMERIC,H410182,"H-4, Part II: HHA 1",02100,00200,STATEMENT OF REVENUES AND EXPENSES,STATEMENT OF REVENUES AND EXPENSES,nan
H4_2_HHA1_C2_23,Home Health Agency 1 | Line 23 | Col 2,NUMERIC,H410182,"H-4, Part II: HHA 1",02300,00200,STATEMENT OF REVENUES AND EXPENSES,STATEMENT OF REVENUES AND EXPENSES,nan
H4_2_HHA1_C2_25,Home Health Agency 1 | Line 25 | Col 2,NUMERIC,H410182,"H-4, Part II: HHA 1",02500,00200,STATEMENT OF REVENUES AND EXPENSES,STATEMENT OF REVENUES AND EXPENSES,nan
H4_2_HHA1_C2_27,Home Health Agency 1 | Line 27 | Col 2,NUMERIC,H410182,"H-4, Part II: HHA 1",02700,00200,STATEMENT OF REVENUES AND EXPENSES,STATEMENT OF REVENUES AND EXPENSES,nan
H4_2_HHA1_C2_28,Home Health Agency 1 | Line 28 | Col 2,NUMERIC,H410182,"H-4, Part II: HHA 1",02800,00200,STATEMENT OF REVENUES AND EXPENSES,STATEMENT OF REVENUES AND EXPENSES,nan
H4_2_HHA1_C2_30,Home Health Agency 1 | Line 30 | Col 2,NUMERIC,H410182,"H-4, Part II: HHA 1",03000,00200,STATEMENT OF REVENUES AND EXPENSES,STATEMENT OF REVENUES AND EXPENSES,nan
H4_2_HHA1_C2_33,Home Health Agency 1 | Line 33 | Col 2,NUMERIC,H410182,"H-4, Part II: HHA 1",03300,00200,STATEMENT OF REVENUES AND EXPENSES,STATEMENT OF REVENUES AND EXPENSES,nan
H4_2_HHA1_C2_34,Home Health Agency 1 | Line 34 | Col 2,NUMERIC,H410182,"H-4, Part II: HHA 1",03400,00200,STATEMENT OF REVENUES AND EXPENSES,STATEMENT OF REVENUES AND EXPENSES,nan
H4_2_HHA1_C2_35,Home Health Agency 1 | Line 35 | Col 2,NUMERIC,H410182,"H-4, Part II: HHA 1",03500,00200,STATEMENT OF REVENUES AND EXPENSES,STATEMENT OF REVENUES AND EXPENSES,nan
H4_2_HHA2_C1_10,Home Health Agency 2 | Line 10 | Col 1,NUMERIC,H420182,"H-4, Part II: HHA 2",01000,00100,STATEMENT OF REVENUES AND EXPENSES,STATEMENT OF REVENUES AND EXPENSES,nan
H4_2_HHA2_C1_11,Home Health Agency 2 | Line 11 | Col 1,NUMERIC,H420182,"H-4, Part II: HHA 2",01100,00100,STATEMENT OF REVENUES AND EXPENSES,STATEMENT OF REVENUES AND EXPENSES,nan
H4_2_HHA2_C1_12,Home Health Agency 2 | Line 12 | Col 1,NUMERIC,H420182,"H-4, Part II: HHA 2",01200,00100,STATEMENT OF REVENUES AND EXPENSES,STATEMENT OF REVENUES AND EXPENSES,nan
H4_2_HHA2_C1_13,Home Health Agency 2 | Line 13 | Col 1,NUMERIC,H420182,"H-4, Part II: HHA 2",01300,00100,STATEMENT OF REVENUES AND EXPENSES,STATEMENT OF REVENUES AND EXPENSES,nan
H4_2_HHA2_C1_14,Home Health Agency 2 | Line 14 | Col 1,NUMERIC,H420182,"H-4, Part II: HHA 2",01400,00100,STATEMENT OF REVENUES AND EXPENSES,STATEMENT OF REVENUES AND EXPENSES,nan
H4_2_HHA2_C1_15,Home Health Agency 2 | Line 15 | Col 1,NUMERIC,H420182,"H-4, Part II: HHA 2",01500,00100,STATEMENT OF REVENUES AND EXPENSES,STATEMENT OF REVENUES AND EXPENSES,nan
H4_2_HHA2_C1_16,Home Health Agency 2 | Line 16 | Col 1,NUMERIC,H420182,"H-4, Part II: HHA 2",01600,00100,STATEMENT OF REVENUES AND EXPENSES,STATEMENT OF REVENUES AND EXPENSES,nan
H4_2_HHA2_C1_17,Home Health Agency 2 | Line 17 | Col 1,NUMERIC,H420182,"H-4, Part II: HHA 2",01700,00100,STATEMENT OF REVENUES AND EXPENSES,STATEMENT OF REVENUES AND EXPENSES,nan
H4_2_HHA2_C1_18,Home Health Agency 2 | Line 18 | Col 1,NUMERIC,H420182,"H-4, Part II: HHA 2",01800,00100,STATEMENT OF REVENUES AND EXPENSES,STATEMENT OF REVENUES AND EXPENSES,nan
H4_2_HHA2_C1_19,Home Health Agency 2 | Line 19 | Col 1,NUMERIC,H420182,"H-4, Part II: HHA 2",01900,00100,STATEMENT OF REVENUES AND EXPENSES,STATEMENT OF REVENUES AND EXPENSES,nan
H4_2_HHA2_C1_20,Home Health Agency 2 | Line 20 | Col 1,NUMERIC,H420182,"H-4, Part II: HHA 2",02000,00100,STATEMENT OF REVENUES AND EXPENSES,STATEMENT OF REVENUES AND EXPENSES,nan
H4_2_HHA2_C1_21,Home Health Agency 2 | Line 21 | Col 1,NUMERIC,H420182,"H-4, Part II: HHA 2",02100,00100,STATEMENT OF REVENUES AND EXPENSES,STATEMENT OF REVENUES AND EXPENSES,nan
H4_2_HHA2_C1_22,Home Health Agency 2 | Line 22 | Col 1,NUMERIC,H420182,"H-4, Part II: HHA 2",02200,00100,STATEMENT OF REVENUES AND EXPENSES,STATEMENT OF REVENUES AND EXPENSES,nan
H4_2_HHA2_C1_23,Home Health Agency 2 | Line 23 | Col 1,NUMERIC,H420182,"H-4, Part II: HHA 2",02300,00100,STATEMENT OF REVENUES AND EXPENSES,STATEMENT OF REVENUES AND EXPENSES,nan
H4_2_HHA2_C1_24,Home Health Agency 2 | Line 24 | Col 1,NUMERIC,H420182,"H-4, Part II: HHA 2",02400,00100,STATEMENT OF REVENUES AND EXPENSES,STATEMENT OF REVENUES AND EXPENSES,nan
H4_2_HHA2_C1_25,Home Health Agency 2 | Line 25 | Col 1,NUMERIC,H420182,"H-4, Part II: HHA 2",02500,00100,STATEMENT OF REVENUES AND EXPENSES,STATEMENT OF REVENUES AND EXPENSES,nan
H4_2_HHA2_C1_26,Home Health Agency 2 | Line 26 | Col 1,NUMERIC,H420182,"H-4, Part II: HHA 2",02600,00100,STATEMENT OF REVENUES AND EXPENSES,STATEMENT OF REVENUES AND EXPENSES,nan
H4_2_HHA2_C1_27,Home Health Agency 2 | Line 27 | Col 1,NUMERIC,H420182,"H-4, Part II: HHA 2",02700,00100,STATEMENT OF REVENUES AND EXPENSES,STATEMENT OF REVENUES AND EXPENSES,nan
H4_2_HHA2_C1_28,Home Health Agency 2 | Line 28 | Col 1,NUMERIC,H420182,"H-4, Part II: HHA 2",02800,00100,STATEMENT OF REVENUES AND EXPENSES,STATEMENT OF REVENUES AND EXPENSES,nan
H4_2_HHA2_C1_29,Home Health Agency 2 | Line 29 | Col 1,NUMERIC,H420182,"H-4, Part II: HHA 2",02900,00100,STATEMENT OF REVENUES AND EXPENSES,STATEMENT OF REVENUES AND EXPENSES,nan
H4_2_HHA2_C1_30,Home Health Agency 2 | Line 30 | Col 1,NUMERIC,H420182,"H-4, Part II: HHA 2",03000,00100,STATEMENT OF REVENUES AND EXPENSES,STATEMENT OF REVENUES AND EXPENSES,nan
H4_2_HHA2_C1_31,Home Health Agency 2 | Line 31 | Col 1,NUMERIC,H420182,"H-4, Part II: HHA 2",03100,00100,STATEMENT OF REVENUES AND EXPENSES,STATEMENT OF REVENUES AND EXPENSES,nan
H4_2_HHA2_C1_32,Home Health Agency 2 | Line 32 | Col 1,NUMERIC,H420182,"H-4, Part II: HHA 2",03200,00100,STATEMENT OF REVENUES AND EXPENSES,STATEMENT OF REVENUES AND EXPENSES,nan
H4_2_HHA2_C1_33,Home Health Agency 2 | Line 33 | Col 1,NUMERIC,H420182,"H-4, Part II: HHA 2",03300,00100,STATEMENT OF REVENUES AND EXPENSES,STATEMENT OF REVENUES AND EXPENSES,nan
H4_2_HHA2_C1_34,Home Health Agency 2 | Line 34 | Col 1,NUMERIC,H420182,"H-4, Part II: HHA 2",03400,00100,STATEMENT OF REVENUES AND EXPENSES,STATEMENT OF REVENUES AND EXPENSES,nan
H4_2_HHA2_C1_35,Home Health Agency 2 | Line 35 | Col 1,NUMERIC,H420182,"H-4, Part II: HHA 2",03500,00100,STATEMENT OF REVENUES AND EXPENSES,STATEMENT OF REVENUES AND EXPENSES,nan
H4_2_HHA2_C2_10,Home Health Agency 2 | Line 10 | Col 2,NUMERIC,H420182,"H-4, Part II: HHA 2",01000,00200,STATEMENT OF REVENUES AND EXPENSES,STATEMENT OF REVENUES AND EXPENSES,nan
H4_2_HHA2_C2_11,Home Health Agency 2 | Line 11 | Col 2,NUMERIC,H420182,"H-4, Part II: HHA 2",01100,00200,STATEMENT OF REVENUES AND EXPENSES,STATEMENT OF REVENUES AND EXPENSES,nan
H4_2_HHA2_C2_12,Home Health Agency 2 | Line 12 | Col 2,NUMERIC,H420182,"H-4, Part II: HHA 2",01200,00200,STATEMENT OF REVENUES AND EXPENSES,STATEMENT OF REVENUES AND EXPENSES,nan
H4_2_HHA2_C2_13,Home Health Agency 2 | Line 13 | Col 2,NUMERIC,H420182,"H-4, Part II: HHA 2",01300,00200,STATEMENT OF REVENUES AND EXPENSES,STATEMENT OF REVENUES AND EXPENSES,nan
H4_2_HHA2_C2_14,Home Health Agency 2 | Line 14 | Col 2,NUMERIC,H420182,"H-4, Part II: HHA 2",01400,00200,STATEMENT OF REVENUES AND EXPENSES,STATEMENT OF REVENUES AND EXPENSES,nan
H4_2_HHA2_C2_15,Home Health Agency 2 | Line 15 | Col 2,NUMERIC,H420182,"H-4, Part II: HHA 2",01500,00200,STATEMENT OF REVENUES AND EXPENSES,STATEMENT OF REVENUES AND EXPENSES,nan
H4_2_HHA2_C2_16,Home Health Agency 2 | Line 16 | Col 2,NUMERIC,H420182,"H-4, Part II: HHA 2",01600,00200,STATEMENT OF REVENUES AND EXPENSES,STATEMENT OF REVENUES AND EXPENSES,nan
H4_2_HHA2_C2_17,Home Health Agency 2 | Line 17 | Col 2,NUMERIC,H420182,"H-4, Part II: HHA 2",01700,00200,STATEMENT OF REVENUES AND EXPENSES,STATEMENT OF REVENUES AND EXPENSES,nan
H4_2_HHA2_C2_18,Home Health Agency 2 | Line 18 | Col 2,NUMERIC,H420182,"H-4, Part II: HHA 2",01800,00200,STATEMENT OF REVENUES AND EXPENSES,STATEMENT OF REVENUES AND EXPENSES,nan
H4_2_HHA2_C2_19,Home Health Agency 2 | Line 19 | Col 2,NUMERIC,H420182,"H-4, Part II: HHA 2",01900,00200,STATEMENT OF REVENUES AND EXPENSES,STATEMENT OF REVENUES AND EXPENSES,nan
H4_2_HHA2_C2_20,Home Health Agency 2 | Line 20 | Col 2,NUMERIC,H420182,"H-4, Part II: HHA 2",02000,00200,STATEMENT OF REVENUES AND EXPENSES,STATEMENT OF REVENUES AND EXPENSES,nan
H4_2_HHA2_C2_21,Home Health Agency 2 | Line 21 | Col 2,NUMERIC,H420182,"H-4, Part II: HHA 2",02100,00200,STATEMENT OF REVENUES AND EXPENSES,STATEMENT OF REVENUES AND EXPENSES,nan
H4_2_HHA2_C2_22,Home Health Agency 2 | Line 22 | Col 2,NUMERIC,H420182,"H-4, Part II: HHA 2",02200,00200,STATEMENT OF REVENUES AND EXPENSES,STATEMENT OF REVENUES AND EXPENSES,nan
H4_2_HHA2_C2_23,Home Health Agency 2 | Line 23 | Col 2,NUMERIC,H420182,"H-4, Part II: HHA 2",02300,00200,STATEMENT OF REVENUES AND EXPENSES,STATEMENT OF REVENUES AND EXPENSES,nan
H4_2_HHA2_C2_24,Home Health Agency 2 | Line 24 | Col 2,NUMERIC,H420182,"H-4, Part II: HHA 2",02400,00200,STATEMENT OF REVENUES AND EXPENSES,STATEMENT OF REVENUES AND EXPENSES,nan
H4_2_HHA2_C2_25,Home Health Agency 2 | Line 25 | Col 2,NUMERIC,H420182,"H-4, Part II: HHA 2",02500,00200,STATEMENT OF REVENUES AND EXPENSES,STATEMENT OF REVENUES AND EXPENSES,nan
H4_2_HHA2_C2_26,Home Health Agency 2 | Line 26 | Col 2,NUMERIC,H420182,"H-4, Part II: HHA 2",02600,00200,STATEMENT OF REVENUES AND EXPENSES,STATEMENT OF REVENUES AND EXPENSES,nan
H4_2_HHA2_C2_27,Home Health Agency 2 | Line 27 | Col 2,NUMERIC,H420182,"H-4, Part II: HHA 2",02700,00200,STATEMENT OF REVENUES AND EXPENSES,STATEMENT OF REVENUES AND EXPENSES,nan
H4_2_HHA2_C2_28,Home Health Agency 2 | Line 28 | Col 2,NUMERIC,H420182,"H-4, Part II: HHA 2",02800,00200,STATEMENT OF REVENUES AND EXPENSES,STATEMENT OF REVENUES AND EXPENSES,nan
H4_2_HHA2_C2_29,Home Health Agency 2 | Line 29 | Col 2,NUMERIC,H420182,"H-4, Part II: HHA 2",02900,00200,STATEMENT OF REVENUES AND EXPENSES,STATEMENT OF REVENUES AND EXPENSES,nan
H4_2_HHA2_C2_30,Home Health Agency 2 | Line 30 | Col 2,NUMERIC,H420182,"H-4, Part II: HHA 2",03000,00200,STATEMENT OF REVENUES AND EXPENSES,STATEMENT OF REVENUES AND EXPENSES,nan
H4_2_HHA2_C2_31,Home Health Agency 2 | Line 31 | Col 2,NUMERIC,H420182,"H-4, Part II: HHA 2",03100,00200,STATEMENT OF REVENUES AND EXPENSES,STATEMENT OF REVENUES AND EXPENSES,nan
H4_2_HHA2_C2_3101,Home Health Agency 2 | Line 31.01 | Col 2,NUMERIC,H420182,"H-4, Part II: HHA 2",03101,00200,STATEMENT OF REVENUES AND EXPENSES,STATEMENT OF REVENUES AND EXPENSES,nan
H4_2_HHA2_C2_32,Home Health Agency 2 | Line 32 | Col 2,NUMERIC,H420182,"H-4, Part II: HHA 2",03200,00200,STATEMENT OF REVENUES AND EXPENSES,STATEMENT OF REVENUES AND EXPENSES,nan
H4_2_HHA2_C2_33,Home Health Agency 2 | Line 33 | Col 2,NUMERIC,H420182,"H-4, Part II: HHA 2",03300,00200,STATEMENT OF REVENUES AND EXPENSES,STATEMENT OF REVENUES AND EXPENSES,nan
H4_2_HHA2_C2_34,Home Health Agency 2 | Line 34 | Col 2,NUMERIC,H420182,"H-4, Part II: HHA 2",03400,00200,STATEMENT OF REVENUES AND EXPENSES,STATEMENT OF REVENUES AND EXPENSES,nan
H4_2_HHA2_C2_35,Home Health Agency 2 | Line 35 | Col 2,NUMERIC,H420182,"H-4, Part II: HHA 2",03500,00200,STATEMENT OF REVENUES AND EXPENSES,STATEMENT OF REVENUES AND EXPENSES,nan
H4_2_HHA3_C1_10,Home Health Agency 3 | Line 10 | Col 1,NUMERIC,H430182,"H-4, Part II: HHA 3",01000,00100,STATEMENT OF REVENUES AND EXPENSES,STATEMENT OF REVENUES AND EXPENSES,nan
H4_2_HHA3_C1_11,Home Health Agency 3 | Line 11 | Col 1,NUMERIC,H430182,"H-4, Part II: HHA 3",01100,00100,STATEMENT OF REVENUES AND EXPENSES,STATEMENT OF REVENUES AND EXPENSES,nan
H4_2_HHA3_C1_12,Home Health Agency 3 | Line 12 | Col 1,NUMERIC,H430182,"H-4, Part II: HHA 3",01200,00100,STATEMENT OF REVENUES AND EXPENSES,STATEMENT OF REVENUES AND EXPENSES,nan
H4_2_HHA3_C1_13,Home Health Agency 3 | Line 13 | Col 1,NUMERIC,H430182,"H-4, Part II: HHA 3",01300,00100,STATEMENT OF REVENUES AND EXPENSES,STATEMENT OF REVENUES AND EXPENSES,nan
H4_2_HHA3_C1_14,Home Health Agency 3 | Line 14 | Col 1,NUMERIC,H430182,"H-4, Part II: HHA 3",01400,00100,STATEMENT OF REVENUES AND EXPENSES,STATEMENT OF REVENUES AND EXPENSES,nan
H4_2_HHA3_C1_15,Home Health Agency 3 | Line 15 | Col 1,NUMERIC,H430182,"H-4, Part II: HHA 3",01500,00100,STATEMENT OF REVENUES AND EXPENSES,STATEMENT OF REVENUES AND EXPENSES,nan
H4_2_HHA3_C1_16,Home Health Agency 3 | Line 16 | Col 1,NUMERIC,H430182,"H-4, Part II: HHA 3",01600,00100,STATEMENT OF REVENUES AND EXPENSES,STATEMENT OF REVENUES AND EXPENSES,nan
H4_2_HHA3_C1_17,Home Health Agency 3 | Line 17 | Col 1,NUMERIC,H430182,"H-4, Part II: HHA 3",01700,00100,STATEMENT OF REVENUES AND EXPENSES,STATEMENT OF REVENUES AND EXPENSES,nan
H4_2_HHA3_C1_18,Home Health Agency 3 | Line 18 | Col 1,NUMERIC,H430182,"H-4, Part II: HHA 3",01800,00100,STATEMENT OF REVENUES AND EXPENSES,STATEMENT OF REVENUES AND EXPENSES,nan
H4_2_HHA3_C1_19,Home Health Agency 3 | Line 19 | Col 1,NUMERIC,H430182,"H-4, Part II: HHA 3",01900,00100,STATEMENT OF REVENUES AND EXPENSES,STATEMENT OF REVENUES AND EXPENSES,nan
H4_2_HHA3_C1_20,Home Health Agency 3 | Line 20 | Col 1,NUMERIC,H430182,"H-4, Part II: HHA 3",02000,00100,STATEMENT OF REVENUES AND EXPENSES,STATEMENT OF REVENUES AND EXPENSES,nan
H4_2_HHA3_C1_21,Home Health Agency 3 | Line 21 | Col 1,NUMERIC,H430182,"H-4, Part II: HHA 3",02100,00100,STATEMENT OF REVENUES AND EXPENSES,STATEMENT OF REVENUES AND EXPENSES,nan
H4_2_HHA3_C1_22,Home Health Agency 3 | Line 22 | Col 1,NUMERIC,H430182,"H-4, Part II: HHA 3",02200,00100,STATEMENT OF REVENUES AND EXPENSES,STATEMENT OF REVENUES AND EXPENSES,nan
H4_2_HHA3_C1_23,Home Health Agency 3 | Line 23 | Col 1,NUMERIC,H430182,"H-4, Part II: HHA 3",02300,00100,STATEMENT OF REVENUES AND EXPENSES,STATEMENT OF REVENUES AND EXPENSES,nan
H4_2_HHA3_C1_24,Home Health Agency 3 | Line 24 | Col 1,NUMERIC,H430182,"H-4, Part II: HHA 3",02400,00100,STATEMENT OF REVENUES AND EXPENSES,STATEMENT OF REVENUES AND EXPENSES,nan
H4_2_HHA3_C1_25,Home Health Agency 3 | Line 25 | Col 1,NUMERIC,H430182,"H-4, Part II: HHA 3",02500,00100,STATEMENT OF REVENUES AND EXPENSES,STATEMENT OF REVENUES AND EXPENSES,nan
H4_2_HHA3_C1_26,Home Health Agency 3 | Line 26 | Col 1,NUMERIC,H430182,"H-4, Part II: HHA 3",02600,00100,STATEMENT OF REVENUES AND EXPENSES,STATEMENT OF REVENUES AND EXPENSES,nan
H4_2_HHA3_C1_27,Home Health Agency 3 | Line 27 | Col 1,NUMERIC,H430182,"H-4, Part II: HHA 3",02700,00100,STATEMENT OF REVENUES AND EXPENSES,STATEMENT OF REVENUES AND EXPENSES,nan
H4_2_HHA3_C1_28,Home Health Agency 3 | Line 28 | Col 1,NUMERIC,H430182,"H-4, Part II: HHA 3",02800,00100,STATEMENT OF REVENUES AND EXPENSES,STATEMENT OF REVENUES AND EXPENSES,nan
H4_2_HHA3_C1_29,Home Health Agency 3 | Line 29 | Col 1,NUMERIC,H430182,"H-4, Part II: HHA 3",02900,00100,STATEMENT OF REVENUES AND EXPENSES,STATEMENT OF REVENUES AND EXPENSES,nan
H4_2_HHA3_C1_30,Home Health Agency 3 | Line 30 | Col 1,NUMERIC,H430182,"H-4, Part II: HHA 3",03000,00100,STATEMENT OF REVENUES AND EXPENSES,STATEMENT OF REVENUES AND EXPENSES,nan
H4_2_HHA3_C1_31,Home Health Agency 3 | Line 31 | Col 1,NUMERIC,H430182,"H-4, Part II: HHA 3",03100,00100,STATEMENT OF REVENUES AND EXPENSES,STATEMENT OF REVENUES AND EXPENSES,nan
H4_2_HHA3_C1_3101,Home Health Agency 3 | Line 31.01 | Col 1,NUMERIC,H430182,"H-4, Part II: HHA 3",03101,00100,STATEMENT OF REVENUES AND EXPENSES,nan,nan
H4_2_HHA3_C1_32,Home Health Agency 3 | Line 32 | Col 1,NUMERIC,H430182,"H-4, Part II: HHA 3",03200,00100,STATEMENT OF REVENUES AND EXPENSES,STATEMENT OF REVENUES AND EXPENSES,nan
H4_2_HHA3_C1_33,Home Health Agency 3 | Line 33 | Col 1,NUMERIC,H430182,"H-4, Part II: HHA 3",03300,00100,STATEMENT OF REVENUES AND EXPENSES,STATEMENT OF REVENUES AND EXPENSES,nan
H4_2_HHA3_C1_34,Home Health Agency 3 | Line 34 | Col 1,NUMERIC,H430182,"H-4, Part II: HHA 3",03400,00100,STATEMENT OF REVENUES AND EXPENSES,STATEMENT OF REVENUES AND EXPENSES,nan
H4_2_HHA3_C1_35,Home Health Agency 3 | Line 35 | Col 1,NUMERIC,H430182,"H-4, Part II: HHA 3",03500,00100,STATEMENT OF REVENUES AND EXPENSES,STATEMENT OF REVENUES AND EXPENSES,nan
H4_2_HHA3_C2_10,Home Health Agency 3 | Line 10 | Col 2,NUMERIC,H430182,"H-4, Part II: HHA 3",01000,00200,STATEMENT OF REVENUES AND EXPENSES,STATEMENT OF REVENUES AND EXPENSES,nan
H4_2_HHA3_C2_11,Home Health Agency 3 | Line 11 | Col 2,NUMERIC,H430182,"H-4, Part II: HHA 3",01100,00200,STATEMENT OF REVENUES AND EXPENSES,STATEMENT OF REVENUES AND EXPENSES,nan
H4_2_HHA3_C2_12,Home Health Agency 3 | Line 12 | Col 2,NUMERIC,H430182,"H-4, Part II: HHA 3",01200,00200,STATEMENT OF REVENUES AND EXPENSES,STATEMENT OF REVENUES AND EXPENSES,nan
H4_2_HHA3_C2_13,Home Health Agency 3 | Line 13 | Col 2,NUMERIC,H430182,"H-4, Part II: HHA 3",01300,00200,STATEMENT OF REVENUES AND EXPENSES,STATEMENT OF REVENUES AND EXPENSES,nan
H4_2_HHA3_C2_14,Home Health Agency 3 | Line 14 | Col 2,NUMERIC,H430182,"H-4, Part II: HHA 3",01400,00200,STATEMENT OF REVENUES AND EXPENSES,STATEMENT OF REVENUES AND EXPENSES,nan
H4_2_HHA3_C2_15,Home Health Agency 3 | Line 15 | Col 2,NUMERIC,H430182,"H-4, Part II: HHA 3",01500,00200,STATEMENT OF REVENUES AND EXPENSES,STATEMENT OF REVENUES AND EXPENSES,nan
H4_2_HHA3_C2_16,Home Health Agency 3 | Line 16 | Col 2,NUMERIC,H430182,"H-4, Part II: HHA 3",01600,00200,STATEMENT OF REVENUES AND EXPENSES,STATEMENT OF REVENUES AND EXPENSES,nan
H4_2_HHA3_C2_17,Home Health Agency 3 | Line 17 | Col 2,NUMERIC,H430182,"H-4, Part II: HHA 3",01700,00200,STATEMENT OF REVENUES AND EXPENSES,STATEMENT OF REVENUES AND EXPENSES,nan
H4_2_HHA3_C2_18,Home Health Agency 3 | Line 18 | Col 2,NUMERIC,H430182,"H-4, Part II: HHA 3",01800,00200,STATEMENT OF REVENUES AND EXPENSES,STATEMENT OF REVENUES AND EXPENSES,nan
H4_2_HHA3_C2_19,Home Health Agency 3 | Line 19 | Col 2,NUMERIC,H430182,"H-4, Part II: HHA 3",01900,00200,STATEMENT OF REVENUES AND EXPENSES,STATEMENT OF REVENUES AND EXPENSES,nan
H4_2_HHA3_C2_20,Home Health Agency 3 | Line 20 | Col 2,NUMERIC,H430182,"H-4, Part II: HHA 3",02000,00200,STATEMENT OF REVENUES AND EXPENSES,STATEMENT OF REVENUES AND EXPENSES,nan
H4_2_HHA3_C2_21,Home Health Agency 3 | Line 21 | Col 2,NUMERIC,H430182,"H-4, Part II: HHA 3",02100,00200,STATEMENT OF REVENUES AND EXPENSES,STATEMENT OF REVENUES AND EXPENSES,nan
H4_2_HHA3_C2_22,Home Health Agency 3 | Line 22 | Col 2,NUMERIC,H430182,"H-4, Part II: HHA 3",02200,00200,STATEMENT OF REVENUES AND EXPENSES,STATEMENT OF REVENUES AND EXPENSES,nan
H4_2_HHA3_C2_23,Home Health Agency 3 | Line 23 | Col 2,NUMERIC,H430182,"H-4, Part II: HHA 3",02300,00200,STATEMENT OF REVENUES AND EXPENSES,STATEMENT OF REVENUES AND EXPENSES,nan
H4_2_HHA3_C2_24,Home Health Agency 3 | Line 24 | Col 2,NUMERIC,H430182,"H-4, Part II: HHA 3",02400,00200,STATEMENT OF REVENUES AND EXPENSES,STATEMENT OF REVENUES AND EXPENSES,nan
H4_2_HHA3_C2_25,Home Health Agency 3 | Line 25 | Col 2,NUMERIC,H430182,"H-4, Part II: HHA 3",02500,00200,STATEMENT OF REVENUES AND EXPENSES,STATEMENT OF REVENUES AND EXPENSES,nan
H4_2_HHA3_C2_26,Home Health Agency 3 | Line 26 | Col 2,NUMERIC,H430182,"H-4, Part II: HHA 3",02600,00200,STATEMENT OF REVENUES AND EXPENSES,STATEMENT OF REVENUES AND EXPENSES,nan
H4_2_HHA3_C2_27,Home Health Agency 3 | Line 27 | Col 2,NUMERIC,H430182,"H-4, Part II: HHA 3",02700,00200,STATEMENT OF REVENUES AND EXPENSES,STATEMENT OF REVENUES AND EXPENSES,nan
H4_2_HHA3_C2_28,Home Health Agency 3 | Line 28 | Col 2,NUMERIC,H430182,"H-4, Part II: HHA 3",02800,00200,STATEMENT OF REVENUES AND EXPENSES,STATEMENT OF REVENUES AND EXPENSES,nan
H4_2_HHA3_C2_29,Home Health Agency 3 | Line 29 | Col 2,NUMERIC,H430182,"H-4, Part II: HHA 3",02900,00200,STATEMENT OF REVENUES AND EXPENSES,STATEMENT OF REVENUES AND EXPENSES,nan
H4_2_HHA3_C2_30,Home Health Agency 3 | Line 30 | Col 2,NUMERIC,H430182,"H-4, Part II: HHA 3",03000,00200,STATEMENT OF REVENUES AND EXPENSES,STATEMENT OF REVENUES AND EXPENSES,nan
H4_2_HHA3_C2_31,Home Health Agency 3 | Line 31 | Col 2,NUMERIC,H430182,"H-4, Part II: HHA 3",03100,00200,STATEMENT OF REVENUES AND EXPENSES,STATEMENT OF REVENUES AND EXPENSES,nan
H4_2_HHA3_C2_3101,Home Health Agency 3 | Line 31.01 | Col 2,NUMERIC,H430182,"H-4, Part II: HHA 3",03101,00200,STATEMENT OF REVENUES AND EXPENSES,STATEMENT OF REVENUES AND EXPENSES,nan
H4_2_HHA3_C2_32,Home Health Agency 3 | Line 32 | Col 2,NUMERIC,H430182,"H-4, Part II: HHA 3",03200,00200,STATEMENT OF REVENUES AND EXPENSES,STATEMENT OF REVENUES AND EXPENSES,nan
H4_2_HHA3_C2_33,Home Health Agency 3 | Line 33 | Col 2,NUMERIC,H430182,"H-4, Part II: HHA 3",03300,00200,STATEMENT OF REVENUES AND EXPENSES,STATEMENT OF REVENUES AND EXPENSES,nan
H4_2_HHA3_C2_34,Home Health Agency 3 | Line 34 | Col 2,NUMERIC,H430182,"H-4, Part II: HHA 3",03400,00200,STATEMENT OF REVENUES AND EXPENSES,STATEMENT OF REVENUES AND EXPENSES,nan
H4_2_HHA3_C2_35,Home Health Agency 3 | Line 35 | Col 2,NUMERIC,H430182,"H-4, Part II: HHA 3",03500,00200,STATEMENT OF REVENUES AND EXPENSES,STATEMENT OF REVENUES AND EXPENSES,nan
H4_2_HHA4_C1_10,Home Health Agency 4 | Line 10 | Col 1,NUMERIC,H440182,"H-4, Part II: HHA 4",01000,00100,STATEMENT OF REVENUES AND EXPENSES,STATEMENT OF REVENUES AND EXPENSES,nan
H4_2_HHA4_C1_11,Home Health Agency 4 | Line 11 | Col 1,NUMERIC,H440182,"H-4, Part II: HHA 4",01100,00100,STATEMENT OF REVENUES AND EXPENSES,STATEMENT OF REVENUES AND EXPENSES,nan
H4_2_HHA4_C1_12,Home Health Agency 4 | Line 12 | Col 1,NUMERIC,H440182,"H-4, Part II: HHA 4",01200,00100,STATEMENT OF REVENUES AND EXPENSES,STATEMENT OF REVENUES AND EXPENSES,nan
H4_2_HHA4_C1_13,Home Health Agency 4 | Line 13 | Col 1,NUMERIC,H440182,"H-4, Part II: HHA 4",01300,00100,STATEMENT OF REVENUES AND EXPENSES,STATEMENT OF REVENUES AND EXPENSES,nan
H4_2_HHA4_C1_14,Home Health Agency 4 | Line 14 | Col 1,NUMERIC,H440182,"H-4, Part II: HHA 4",01400,00100,STATEMENT OF REVENUES AND EXPENSES,STATEMENT OF REVENUES AND EXPENSES,nan
H4_2_HHA4_C1_15,Home Health Agency 4 | Line 15 | Col 1,NUMERIC,H440182,"H-4, Part II: HHA 4",01500,00100,STATEMENT OF REVENUES AND EXPENSES,STATEMENT OF REVENUES AND EXPENSES,nan
H4_2_HHA4_C1_16,Home Health Agency 4 | Line 16 | Col 1,NUMERIC,H440182,"H-4, Part II: HHA 4",01600,00100,STATEMENT OF REVENUES AND EXPENSES,STATEMENT OF REVENUES AND EXPENSES,nan
H4_2_HHA4_C1_17,Home Health Agency 4 | Line 17 | Col 1,NUMERIC,H440182,"H-4, Part II: HHA 4",01700,00100,STATEMENT OF REVENUES AND EXPENSES,STATEMENT OF REVENUES AND EXPENSES,nan
H4_2_HHA4_C1_18,Home Health Agency 4 | Line 18 | Col 1,NUMERIC,H440182,"H-4, Part II: HHA 4",01800,00100,STATEMENT OF REVENUES AND EXPENSES,STATEMENT OF REVENUES AND EXPENSES,nan
H4_2_HHA4_C1_19,Home Health Agency 4 | Line 19 | Col 1,NUMERIC,H440182,"H-4, Part II: HHA 4",01900,00100,STATEMENT OF REVENUES AND EXPENSES,STATEMENT OF REVENUES AND EXPENSES,nan
H4_2_HHA4_C1_20,Home Health Agency 4 | Line 20 | Col 1,NUMERIC,H440182,"H-4, Part II: HHA 4",02000,00100,STATEMENT OF REVENUES AND EXPENSES,STATEMENT OF REVENUES AND EXPENSES,nan
H4_2_HHA4_C1_21,Home Health Agency 4 | Line 21 | Col 1,NUMERIC,H440182,"H-4, Part II: HHA 4",02100,00100,STATEMENT OF REVENUES AND EXPENSES,STATEMENT OF REVENUES AND EXPENSES,nan
H4_2_HHA4_C1_22,Home Health Agency 4 | Line 22 | Col 1,NUMERIC,H440182,"H-4, Part II: HHA 4",02200,00100,STATEMENT OF REVENUES AND EXPENSES,STATEMENT OF REVENUES AND EXPENSES,nan
H4_2_HHA4_C1_23,Home Health Agency 4 | Line 23 | Col 1,NUMERIC,H440182,"H-4, Part II: HHA 4",02300,00100,STATEMENT OF REVENUES AND EXPENSES,STATEMENT OF REVENUES AND EXPENSES,nan
H4_2_HHA4_C1_24,Home Health Agency 4 | Line 24 | Col 1,NUMERIC,H440182,"H-4, Part II: HHA 4",02400,00100,STATEMENT OF REVENUES AND EXPENSES,STATEMENT OF REVENUES AND EXPENSES,nan
H4_2_HHA4_C1_25,Home Health Agency 4 | Line 25 | Col 1,NUMERIC,H440182,"H-4, Part II: HHA 4",02500,00100,STATEMENT OF REVENUES AND EXPENSES,STATEMENT OF REVENUES AND EXPENSES,nan
H4_2_HHA4_C1_26,Home Health Agency 4 | Line 26 | Col 1,NUMERIC,H440182,"H-4, Part II: HHA 4",02600,00100,STATEMENT OF REVENUES AND EXPENSES,STATEMENT OF REVENUES AND EXPENSES,nan
H4_2_HHA4_C1_27,Home Health Agency 4 | Line 27 | Col 1,NUMERIC,H440182,"H-4, Part II: HHA 4",02700,00100,STATEMENT OF REVENUES AND EXPENSES,STATEMENT OF REVENUES AND EXPENSES,nan
H4_2_HHA4_C1_28,Home Health Agency 4 | Line 28 | Col 1,NUMERIC,H440182,"H-4, Part II: HHA 4",02800,00100,STATEMENT OF REVENUES AND EXPENSES,STATEMENT OF REVENUES AND EXPENSES,nan
H4_2_HHA4_C1_29,Home Health Agency 4 | Line 29 | Col 1,NUMERIC,H440182,"H-4, Part II: HHA 4",02900,00100,STATEMENT OF REVENUES AND EXPENSES,STATEMENT OF REVENUES AND EXPENSES,nan
H4_2_HHA4_C1_30,Home Health Agency 4 | Line 30 | Col 1,NUMERIC,H440182,"H-4, Part II: HHA 4",03000,00100,STATEMENT OF REVENUES AND EXPENSES,STATEMENT OF REVENUES AND EXPENSES,nan
H4_2_HHA4_C1_31,Home Health Agency 4 | Line 31 | Col 1,NUMERIC,H440182,"H-4, Part II: HHA 4",03100,00100,STATEMENT OF REVENUES AND EXPENSES,STATEMENT OF REVENUES AND EXPENSES,nan
H4_2_HHA4_C1_3101,Home Health Agency 4 | Line 31.01 | Col 1,NUMERIC,H440182,"H-4, Part II: HHA 4",03101,00100,STATEMENT OF REVENUES AND EXPENSES,STATEMENT OF REVENUES AND EXPENSES,nan
H4_2_HHA4_C1_32,Home Health Agency 4 | Line 32 | Col 1,NUMERIC,H440182,"H-4, Part II: HHA 4",03200,00100,STATEMENT OF REVENUES AND EXPENSES,STATEMENT OF REVENUES AND EXPENSES,nan
H4_2_HHA4_C1_33,Home Health Agency 4 | Line 33 | Col 1,NUMERIC,H440182,"H-4, Part II: HHA 4",03300,00100,STATEMENT OF REVENUES AND EXPENSES,STATEMENT OF REVENUES AND EXPENSES,nan
H4_2_HHA4_C1_34,Home Health Agency 4 | Line 34 | Col 1,NUMERIC,H440182,"H-4, Part II: HHA 4",03400,00100,STATEMENT OF REVENUES AND EXPENSES,STATEMENT OF REVENUES AND EXPENSES,nan
H4_2_HHA4_C1_35,Home Health Agency 4 | Line 35 | Col 1,NUMERIC,H440182,"H-4, Part II: HHA 4",03500,00100,STATEMENT OF REVENUES AND EXPENSES,STATEMENT OF REVENUES AND EXPENSES,nan
H4_2_HHA4_C2_10,Home Health Agency 4 | Line 10 | Col 2,NUMERIC,H440182,"H-4, Part II: HHA 4",01000,00200,STATEMENT OF REVENUES AND EXPENSES,STATEMENT OF REVENUES AND EXPENSES,nan
H4_2_HHA4_C2_11,Home Health Agency 4 | Line 11 | Col 2,NUMERIC,H440182,"H-4, Part II: HHA 4",01100,00200,STATEMENT OF REVENUES AND EXPENSES,STATEMENT OF REVENUES AND EXPENSES,nan
H4_2_HHA4_C2_12,Home Health Agency 4 | Line 12 | Col 2,NUMERIC,H440182,"H-4, Part II: HHA 4",01200,00200,STATEMENT OF REVENUES AND EXPENSES,STATEMENT OF REVENUES AND EXPENSES,nan
H4_2_HHA4_C2_13,Home Health Agency 4 | Line 13 | Col 2,NUMERIC,H440182,"H-4, Part II: HHA 4",01300,00200,STATEMENT OF REVENUES AND EXPENSES,STATEMENT OF REVENUES AND EXPENSES,nan
H4_2_HHA4_C2_14,Home Health Agency 4 | Line 14 | Col 2,NUMERIC,H440182,"H-4, Part II: HHA 4",01400,00200,STATEMENT OF REVENUES AND EXPENSES,STATEMENT OF REVENUES AND EXPENSES,nan
H4_2_HHA4_C2_15,Home Health Agency 4 | Line 15 | Col 2,NUMERIC,H440182,"H-4, Part II: HHA 4",01500,00200,STATEMENT OF REVENUES AND EXPENSES,STATEMENT OF REVENUES AND EXPENSES,nan
H4_2_HHA4_C2_16,Home Health Agency 4 | Line 16 | Col 2,NUMERIC,H440182,"H-4, Part II: HHA 4",01600,00200,STATEMENT OF REVENUES AND EXPENSES,STATEMENT OF REVENUES AND EXPENSES,nan
H4_2_HHA4_C2_17,Home Health Agency 4 | Line 17 | Col 2,NUMERIC,H440182,"H-4, Part II: HHA 4",01700,00200,STATEMENT OF REVENUES AND EXPENSES,STATEMENT OF REVENUES AND EXPENSES,nan
H4_2_HHA4_C2_18,Home Health Agency 4 | Line 18 | Col 2,NUMERIC,H440182,"H-4, Part II: HHA 4",01800,00200,STATEMENT OF REVENUES AND EXPENSES,STATEMENT OF REVENUES AND EXPENSES,nan
H4_2_HHA4_C2_19,Home Health Agency 4 | Line 19 | Col 2,NUMERIC,H440182,"H-4, Part II: HHA 4",01900,00200,STATEMENT OF REVENUES AND EXPENSES,STATEMENT OF REVENUES AND EXPENSES,nan
H4_2_HHA4_C2_20,Home Health Agency 4 | Line 20 | Col 2,NUMERIC,H440182,"H-4, Part II: HHA 4",02000,00200,STATEMENT OF REVENUES AND EXPENSES,STATEMENT OF REVENUES AND EXPENSES,nan
H4_2_HHA4_C2_21,Home Health Agency 4 | Line 21 | Col 2,NUMERIC,H440182,"H-4, Part II: HHA 4",02100,00200,STATEMENT OF REVENUES AND EXPENSES,STATEMENT OF REVENUES AND EXPENSES,nan
H4_2_HHA4_C2_22,Home Health Agency 4 | Line 22 | Col 2,NUMERIC,H440182,"H-4, Part II: HHA 4",02200,00200,STATEMENT OF REVENUES AND EXPENSES,STATEMENT OF REVENUES AND EXPENSES,nan
H4_2_HHA4_C2_23,Home Health Agency 4 | Line 23 | Col 2,NUMERIC,H440182,"H-4, Part II: HHA 4",02300,00200,STATEMENT OF REVENUES AND EXPENSES,STATEMENT OF REVENUES AND EXPENSES,nan
H4_2_HHA4_C2_24,Home Health Agency 4 | Line 24 | Col 2,NUMERIC,H440182,"H-4, Part II: HHA 4",02400,00200,STATEMENT OF REVENUES AND EXPENSES,STATEMENT OF REVENUES AND EXPENSES,nan
H4_2_HHA4_C2_25,Home Health Agency 4 | Line 25 | Col 2,NUMERIC,H440182,"H-4, Part II: HHA 4",02500,00200,STATEMENT OF REVENUES AND EXPENSES,STATEMENT OF REVENUES AND EXPENSES,nan
H4_2_HHA4_C2_26,Home Health Agency 4 | Line 26 | Col 2,NUMERIC,H440182,"H-4, Part II: HHA 4",02600,00200,STATEMENT OF REVENUES AND EXPENSES,STATEMENT OF REVENUES AND EXPENSES,nan
H4_2_HHA4_C2_27,Home Health Agency 4 | Line 27 | Col 2,NUMERIC,H440182,"H-4, Part II: HHA 4",02700,00200,STATEMENT OF REVENUES AND EXPENSES,STATEMENT OF REVENUES AND EXPENSES,nan
H4_2_HHA4_C2_28,Home Health Agency 4 | Line 28 | Col 2,NUMERIC,H440182,"H-4, Part II: HHA 4",02800,00200,STATEMENT OF REVENUES AND EXPENSES,STATEMENT OF REVENUES AND EXPENSES,nan
H4_2_HHA4_C2_29,Home Health Agency 4 | Line 29 | Col 2,NUMERIC,H440182,"H-4, Part II: HHA 4",02900,00200,STATEMENT OF REVENUES AND EXPENSES,STATEMENT OF REVENUES AND EXPENSES,nan
H4_2_HHA4_C2_30,Home Health Agency 4 | Line 30 | Col 2,NUMERIC,H440182,"H-4, Part II: HHA 4",03000,00200,STATEMENT OF REVENUES AND EXPENSES,STATEMENT OF REVENUES AND EXPENSES,nan
H4_2_HHA4_C2_31,Home Health Agency 4 | Line 31 | Col 2,NUMERIC,H440182,"H-4, Part II: HHA 4",03100,00200,STATEMENT OF REVENUES AND EXPENSES,STATEMENT OF REVENUES AND EXPENSES,nan
H4_2_HHA4_C2_3101,Home Health Agency 4 | Line 31.01 | Col 2,NUMERIC,H440182,"H-4, Part II: HHA 4",03101,00200,STATEMENT OF REVENUES AND EXPENSES,STATEMENT OF REVENUES AND EXPENSES,nan
H4_2_HHA4_C2_32,Home Health Agency 4 | Line 32 | Col 2,NUMERIC,H440182,"H-4, Part II: HHA 4",03200,00200,STATEMENT OF REVENUES AND EXPENSES,STATEMENT OF REVENUES AND EXPENSES,nan
H4_2_HHA4_C2_33,Home Health Agency 4 | Line 33 | Col 2,NUMERIC,H440182,"H-4, Part II: HHA 4",03300,00200,STATEMENT OF REVENUES AND EXPENSES,STATEMENT OF REVENUES AND EXPENSES,nan
H4_2_HHA4_C2_34,Home Health Agency 4 | Line 34 | Col 2,NUMERIC,H440182,"H-4, Part II: HHA 4",03400,00200,STATEMENT OF REVENUES AND EXPENSES,STATEMENT OF REVENUES AND EXPENSES,nan
H4_2_HHA4_C2_35,Home Health Agency 4 | Line 35 | Col 2,NUMERIC,H440182,"H-4, Part II: HHA 4",03500,00200,STATEMENT OF REVENUES AND EXPENSES,STATEMENT OF REVENUES AND EXPENSES,nan
H4_2_HHA5_C1_10,Home Health Agency 5 | Line 10 | Col 1,NUMERIC,H450182,"H-4, Part II: HHA 5",01000,00100,STATEMENT OF REVENUES AND EXPENSES,STATEMENT OF REVENUES AND EXPENSES,nan
H4_2_HHA5_C1_11,Home Health Agency 5 | Line 11 | Col 1,NUMERIC,H450182,"H-4, Part II: HHA 5",01100,00100,STATEMENT OF REVENUES AND EXPENSES,STATEMENT OF REVENUES AND EXPENSES,nan
H4_2_HHA5_C1_12,Home Health Agency 5 | Line 12 | Col 1,NUMERIC,H450182,"H-4, Part II: HHA 5",01200,00100,STATEMENT OF REVENUES AND EXPENSES,STATEMENT OF REVENUES AND EXPENSES,nan
H4_2_HHA5_C1_13,Home Health Agency 5 | Line 13 | Col 1,NUMERIC,H450182,"H-4, Part II: HHA 5",01300,00100,STATEMENT OF REVENUES AND EXPENSES,STATEMENT OF REVENUES AND EXPENSES,nan
H4_2_HHA5_C1_14,Home Health Agency 5 | Line 14 | Col 1,NUMERIC,H450182,"H-4, Part II: HHA 5",01400,00100,STATEMENT OF REVENUES AND EXPENSES,STATEMENT OF REVENUES AND EXPENSES,nan
H4_2_HHA5_C1_15,Home Health Agency 5 | Line 15 | Col 1,NUMERIC,H450182,"H-4, Part II: HHA 5",01500,00100,STATEMENT OF REVENUES AND EXPENSES,STATEMENT OF REVENUES AND EXPENSES,nan
H4_2_HHA5_C1_16,Home Health Agency 5 | Line 16 | Col 1,NUMERIC,H450182,"H-4, Part II: HHA 5",01600,00100,STATEMENT OF REVENUES AND EXPENSES,STATEMENT OF REVENUES AND EXPENSES,nan
H4_2_HHA5_C1_17,Home Health Agency 5 | Line 17 | Col 1,NUMERIC,H450182,"H-4, Part II: HHA 5",01700,00100,STATEMENT OF REVENUES AND EXPENSES,STATEMENT OF REVENUES AND EXPENSES,nan
H4_2_HHA5_C1_18,Home Health Agency 5 | Line 18 | Col 1,NUMERIC,H450182,"H-4, Part II: HHA 5",01800,00100,STATEMENT OF REVENUES AND EXPENSES,STATEMENT OF REVENUES AND EXPENSES,nan
H4_2_HHA5_C1_19,Home Health Agency 5 | Line 19 | Col 1,NUMERIC,H450182,"H-4, Part II: HHA 5",01900,00100,STATEMENT OF REVENUES AND EXPENSES,STATEMENT OF REVENUES AND EXPENSES,nan
H4_2_HHA5_C1_20,Home Health Agency 5 | Line 20 | Col 1,NUMERIC,H450182,"H-4, Part II: HHA 5",02000,00100,STATEMENT OF REVENUES AND EXPENSES,STATEMENT OF REVENUES AND EXPENSES,nan
H4_2_HHA5_C1_21,Home Health Agency 5 | Line 21 | Col 1,NUMERIC,H450182,"H-4, Part II: HHA 5",02100,00100,STATEMENT OF REVENUES AND EXPENSES,STATEMENT OF REVENUES AND EXPENSES,nan
H4_2_HHA5_C1_22,Home Health Agency 5 | Line 22 | Col 1,NUMERIC,H450182,"H-4, Part II: HHA 5",02200,00100,STATEMENT OF REVENUES AND EXPENSES,STATEMENT OF REVENUES AND EXPENSES,nan
H4_2_HHA5_C1_23,Home Health Agency 5 | Line 23 | Col 1,NUMERIC,H450182,"H-4, Part II: HHA 5",02300,00100,STATEMENT OF REVENUES AND EXPENSES,STATEMENT OF REVENUES AND EXPENSES,nan
H4_2_HHA5_C1_24,Home Health Agency 5 | Line 24 | Col 1,NUMERIC,H450182,"H-4, Part II: HHA 5",02400,00100,STATEMENT OF REVENUES AND EXPENSES,STATEMENT OF REVENUES AND EXPENSES,nan
H4_2_HHA5_C1_25,Home Health Agency 5 | Line 25 | Col 1,NUMERIC,H450182,"H-4, Part II: HHA 5",02500,00100,STATEMENT OF REVENUES AND EXPENSES,STATEMENT OF REVENUES AND EXPENSES,nan
H4_2_HHA5_C1_26,Home Health Agency 5 | Line 26 | Col 1,NUMERIC,H450182,"H-4, Part II: HHA 5",02600,00100,STATEMENT OF REVENUES AND EXPENSES,STATEMENT OF REVENUES AND EXPENSES,nan
H4_2_HHA5_C1_27,Home Health Agency 5 | Line 27 | Col 1,NUMERIC,H450182,"H-4, Part II: HHA 5",02700,00100,STATEMENT OF REVENUES AND EXPENSES,STATEMENT OF REVENUES AND EXPENSES,nan
H4_2_HHA5_C1_28,Home Health Agency 5 | Line 28 | Col 1,NUMERIC,H450182,"H-4, Part II: HHA 5",02800,00100,STATEMENT OF REVENUES AND EXPENSES,STATEMENT OF REVENUES AND EXPENSES,nan
H4_2_HHA5_C1_29,Home Health Agency 5 | Line 29 | Col 1,NUMERIC,H450182,"H-4, Part II: HHA 5",02900,00100,STATEMENT OF REVENUES AND EXPENSES,STATEMENT OF REVENUES AND EXPENSES,nan
H4_2_HHA5_C1_30,Home Health Agency 5 | Line 30 | Col 1,NUMERIC,H450182,"H-4, Part II: HHA 5",03000,00100,STATEMENT OF REVENUES AND EXPENSES,STATEMENT OF REVENUES AND EXPENSES,nan
H4_2_HHA5_C1_31,Home Health Agency 5 | Line 31 | Col 1,NUMERIC,H450182,"H-4, Part II: HHA 5",03100,00100,STATEMENT OF REVENUES AND EXPENSES,STATEMENT OF REVENUES AND EXPENSES,nan
H4_2_HHA5_C1_3101,Home Health Agency 5 | Line 31.01 | Col 1,NUMERIC,H450182,"H-4, Part II: HHA 5",03101,00100,STATEMENT OF REVENUES AND EXPENSES,STATEMENT OF REVENUES AND EXPENSES,nan
H4_2_HHA5_C1_32,Home Health Agency 5 | Line 32 | Col 1,NUMERIC,H450182,"H-4, Part II: HHA 5",03200,00100,STATEMENT OF REVENUES AND EXPENSES,STATEMENT OF REVENUES AND EXPENSES,nan
H4_2_HHA5_C1_33,Home Health Agency 5 | Line 33 | Col 1,NUMERIC,H450182,"H-4, Part II: HHA 5",03300,00100,STATEMENT OF REVENUES AND EXPENSES,STATEMENT OF REVENUES AND EXPENSES,nan
H4_2_HHA5_C1_34,Home Health Agency 5 | Line 34 | Col 1,NUMERIC,H450182,"H-4, Part II: HHA 5",03400,00100,STATEMENT OF REVENUES AND EXPENSES,STATEMENT OF REVENUES AND EXPENSES,nan
H4_2_HHA5_C1_35,Home Health Agency 5 | Line 35 | Col 1,NUMERIC,H450182,"H-4, Part II: HHA 5",03500,00100,STATEMENT OF REVENUES AND EXPENSES,STATEMENT OF REVENUES AND EXPENSES,nan
H4_2_HHA5_C2_10,Home Health Agency 5 | Line 10 | Col 2,NUMERIC,H450182,"H-4, Part II: HHA 5",01000,00200,STATEMENT OF REVENUES AND EXPENSES,STATEMENT OF REVENUES AND EXPENSES,nan
H4_2_HHA5_C2_11,Home Health Agency 5 | Line 11 | Col 2,NUMERIC,H450182,"H-4, Part II: HHA 5",01100,00200,STATEMENT OF REVENUES AND EXPENSES,STATEMENT OF REVENUES AND EXPENSES,nan
H4_2_HHA5_C2_12,Home Health Agency 5 | Line 12 | Col 2,NUMERIC,H450182,"H-4, Part II: HHA 5",01200,00200,STATEMENT OF REVENUES AND EXPENSES,STATEMENT OF REVENUES AND EXPENSES,nan
H4_2_HHA5_C2_13,Home Health Agency 5 | Line 13 | Col 2,NUMERIC,H450182,"H-4, Part II: HHA 5",01300,00200,STATEMENT OF REVENUES AND EXPENSES,STATEMENT OF REVENUES AND EXPENSES,nan
H4_2_HHA5_C2_14,Home Health Agency 5 | Line 14 | Col 2,NUMERIC,H450182,"H-4, Part II: HHA 5",01400,00200,STATEMENT OF REVENUES AND EXPENSES,STATEMENT OF REVENUES AND EXPENSES,nan
H4_2_HHA5_C2_15,Home Health Agency 5 | Line 15 | Col 2,NUMERIC,H450182,"H-4, Part II: HHA 5",01500,00200,STATEMENT OF REVENUES AND EXPENSES,STATEMENT OF REVENUES AND EXPENSES,nan
H4_2_HHA5_C2_16,Home Health Agency 5 | Line 16 | Col 2,NUMERIC,H450182,"H-4, Part II: HHA 5",01600,00200,STATEMENT OF REVENUES AND EXPENSES,STATEMENT OF REVENUES AND EXPENSES,nan
H4_2_HHA5_C2_17,Home Health Agency 5 | Line 17 | Col 2,NUMERIC,H450182,"H-4, Part II: HHA 5",01700,00200,STATEMENT OF REVENUES AND EXPENSES,STATEMENT OF REVENUES AND EXPENSES,nan
H4_2_HHA5_C2_18,Home Health Agency 5 | Line 18 | Col 2,NUMERIC,H450182,"H-4, Part II: HHA 5",01800,00200,STATEMENT OF REVENUES AND EXPENSES,STATEMENT OF REVENUES AND EXPENSES,nan
H4_2_HHA5_C2_19,Home Health Agency 5 | Line 19 | Col 2,NUMERIC,H450182,"H-4, Part II: HHA 5",01900,00200,STATEMENT OF REVENUES AND EXPENSES,STATEMENT OF REVENUES AND EXPENSES,nan
H4_2_HHA5_C2_20,Home Health Agency 5 | Line 20 | Col 2,NUMERIC,H450182,"H-4, Part II: HHA 5",02000,00200,STATEMENT OF REVENUES AND EXPENSES,STATEMENT OF REVENUES AND EXPENSES,nan
H4_2_HHA5_C2_21,Home Health Agency 5 | Line 21 | Col 2,NUMERIC,H450182,"H-4, Part II: HHA 5",02100,00200,STATEMENT OF REVENUES AND EXPENSES,STATEMENT OF REVENUES AND EXPENSES,nan
H4_2_HHA5_C2_22,Home Health Agency 5 | Line 22 | Col 2,NUMERIC,H450182,"H-4, Part II: HHA 5",02200,00200,STATEMENT OF REVENUES AND EXPENSES,STATEMENT OF REVENUES AND EXPENSES,nan
H4_2_HHA5_C2_23,Home Health Agency 5 | Line 23 | Col 2,NUMERIC,H450182,"H-4, Part II: HHA 5",02300,00200,STATEMENT OF REVENUES AND EXPENSES,STATEMENT OF REVENUES AND EXPENSES,nan
H4_2_HHA5_C2_24,Home Health Agency 5 | Line 24 | Col 2,NUMERIC,H450182,"H-4, Part II: HHA 5",02400,00200,STATEMENT OF REVENUES AND EXPENSES,STATEMENT OF REVENUES AND EXPENSES,nan
H4_2_HHA5_C2_25,Home Health Agency 5 | Line 25 | Col 2,NUMERIC,H450182,"H-4, Part II: HHA 5",02500,00200,STATEMENT OF REVENUES AND EXPENSES,STATEMENT OF REVENUES AND EXPENSES,nan
H4_2_HHA5_C2_26,Home Health Agency 5 | Line 26 | Col 2,NUMERIC,H450182,"H-4, Part II: HHA 5",02600,00200,STATEMENT OF REVENUES AND EXPENSES,STATEMENT OF REVENUES AND EXPENSES,nan
H4_2_HHA5_C2_27,Home Health Agency 5 | Line 27 | Col 2,NUMERIC,H450182,"H-4, Part II: HHA 5",02700,00200,STATEMENT OF REVENUES AND EXPENSES,STATEMENT OF REVENUES AND EXPENSES,nan
H4_2_HHA5_C2_28,Home Health Agency 5 | Line 28 | Col 2,NUMERIC,H450182,"H-4, Part II: HHA 5",02800,00200,STATEMENT OF REVENUES AND EXPENSES,STATEMENT OF REVENUES AND EXPENSES,nan
H4_2_HHA5_C2_29,Home Health Agency 5 | Line 29 | Col 2,NUMERIC,H450182,"H-4, Part II: HHA 5",02900,00200,STATEMENT OF REVENUES AND EXPENSES,STATEMENT OF REVENUES AND EXPENSES,nan
H4_2_HHA5_C2_30,Home Health Agency 5 | Line 30 | Col 2,NUMERIC,H450182,"H-4, Part II: HHA 5",03000,00200,STATEMENT OF REVENUES AND EXPENSES,STATEMENT OF REVENUES AND EXPENSES,nan
H4_2_HHA5_C2_31,Home Health Agency 5 | Line 31 | Col 2,NUMERIC,H450182,"H-4, Part II: HHA 5",03100,00200,STATEMENT OF REVENUES AND EXPENSES,STATEMENT OF REVENUES AND EXPENSES,nan
H4_2_HHA5_C2_3101,Home Health Agency 5 | Line 31.01 | Col 2,NUMERIC,H450182,"H-4, Part II: HHA 5",03101,00200,STATEMENT OF REVENUES AND EXPENSES,STATEMENT OF REVENUES AND EXPENSES,nan
H4_2_HHA5_C2_32,Home Health Agency 5 | Line 32 | Col 2,NUMERIC,H450182,"H-4, Part II: HHA 5",03200,00200,STATEMENT OF REVENUES AND EXPENSES,STATEMENT OF REVENUES AND EXPENSES,nan
H4_2_HHA5_C2_33,Home Health Agency 5 | Line 33 | Col 2,NUMERIC,H450182,"H-4, Part II: HHA 5",03300,00200,STATEMENT OF REVENUES AND EXPENSES,STATEMENT OF REVENUES AND EXPENSES,nan
H4_2_HHA5_C2_34,Home Health Agency 5 | Line 34 | Col 2,NUMERIC,H450182,"H-4, Part II: HHA 5",03400,00200,STATEMENT OF REVENUES AND EXPENSES,STATEMENT OF REVENUES AND EXPENSES,nan
H4_2_HHA5_C2_35,Home Health Agency 5 | Line 35 | Col 2,NUMERIC,H450182,"H-4, Part II: HHA 5",03500,00200,STATEMENT OF REVENUES AND EXPENSES,STATEMENT OF REVENUES AND EXPENSES,nan
L_1_HOS_C101_1,Hospital | Line 1 | Col 101,NUMERIC,L00A181,"L, Part I: Hospital",00100,00101,STATEMENT OF REVENUES AND EXPENSES,nan,nan
L_1_HOS_C101_101,Hospital | Line 1.01 | Col 101,UNKNOWN,,,101,101,,nan,nan
L_1_HOS_C1_101,Hospital | Line 1.01 | Col 1,NUMERIC,L00A181,"L, Part I: Hospital",00101,00100,Amount,nan,nan
L_1_HOS_C1_201,Hospital | Line 2.01 | Col 1,NUMERIC,L00A181,"L, Part I: Hospital",00201,00100,Amount,nan,nan
L_3_HOS_C1_1,Hospital | Line 1 | Col 1,NUMERIC,L00A183,"L, Part III: Hospital",00100,00100,STATEMENT OF REVENUES AND EXPENSES,nan,nan
L_3_HOS_C1_10,Hospital | Line 10 | Col 1,NUMERIC,L00A183,"L, Part III: Hospital",01000,00100,STATEMENT OF REVENUES AND EXPENSES,nan,nan
L_3_HOS_C1_11,Hospital | Line 11 | Col 1,NUMERIC,L00A183,"L, Part III: Hospital",01100,00100,STATEMENT OF REVENUES AND EXPENSES,nan,nan
L_3_HOS_C1_12,Hospital | Line 12 | Col 1,NUMERIC,L00A183,"L, Part III: Hospital",01200,00100,STATEMENT OF REVENUES AND EXPENSES,nan,nan
L_3_HOS_C1_13,Hospital | Line 13 | Col 1,NUMERIC,L00A183,"L, Part III: Hospital",01300,00100,STATEMENT OF REVENUES AND EXPENSES,nan,nan
L_3_HOS_C1_14,Hospital | Line 14 | Col 1,NUMERIC,L00A183,"L, Part III: Hospital",01400,00100,STATEMENT OF REVENUES AND EXPENSES,nan,nan
L_3_HOS_C1_15,Hospital | Line 15 | Col 1,NUMERIC,L00A183,"L, Part III: Hospital",01500,00100,STATEMENT OF REVENUES AND EXPENSES,nan,nan
L_3_HOS_C1_16,Hospital | Line 16 | Col 1,NUMERIC,L00A183,"L, Part III: Hospital",01600,00100,STATEMENT OF REVENUES AND EXPENSES,nan,nan
L_3_HOS_C1_17,Hospital | Line 17 | Col 1,NUMERIC,L00A183,"L, Part III: Hospital",01700,00100,STATEMENT OF REVENUES AND EXPENSES,nan,nan
L_3_HOS_C1_2,Hospital | Line 2 | Col 1,NUMERIC,L00A183,"L, Part III: Hospital",00200,00100,STATEMENT OF REVENUES AND EXPENSES,nan,nan
L_3_HOS_C1_3,Hospital | Line 3 | Col 1,NUMERIC,L00A183,"L, Part III: Hospital",00300,00100,STATEMENT OF REVENUES AND EXPENSES,nan,nan
L_3_HOS_C1_4,Hospital | Line 4 | Col 1,NUMERIC,L00A183,"L, Part III: Hospital",00400,00100,STATEMENT OF REVENUES AND EXPENSES,nan,nan
L_3_HOS_C1_5,Hospital | Line 5 | Col 1,NUMERIC,L00A183,"L, Part III: Hospital",00500,00100,STATEMENT OF REVENUES AND EXPENSES,nan,nan
L_3_HOS_C1_6,Hospital | Line 6 | Col 1,NUMERIC,L00A183,"L, Part III: Hospital",00600,00100,STATEMENT OF REVENUES AND EXPENSES,nan,nan
L_3_HOS_C1_7,Hospital | Line 7 | Col 1,NUMERIC,L00A183,"L, Part III: Hospital",00700,00100,STATEMENT OF REVENUES AND EXPENSES,nan,nan
L_3_HOS_C1_8,Hospital | Line 8 | Col 1,NUMERIC,L00A183,"L, Part III: Hospital",00800,00100,STATEMENT OF REVENUES AND EXPENSES,nan,nan
L_3_HOS_C1_9,Hospital | Line 9 | Col 1,NUMERIC,L00A183,"L, Part III: Hospital",00900,00100,STATEMENT OF REVENUES AND EXPENSES,nan,nan
S10_1_C1_25,Line 25 | Col 1,UNKNOWN,,,25,1,,nan,nan
S10_2_C1_25,Line 25 | Col 1,UNKNOWN,,,25,1,,nan,nan
S10_C1_1,Cost To Charge Ratio,NUMERIC,S100000,S-10: Uncompensated/Indigent Care,00100,00100,Amount,S-10 DATA,
S10_C1_10,Stand-alone CHIP Charges (Gross Revenue),NUMERIC,S100000,S-10: Uncompensated/Indigent Care,01000,00100,Amount,S-10 DATA,
S10_C1_11,Stand-alone CHIP Cost,NUMERIC,S100000,S-10: Uncompensated/Indigent Care,01100,00100,Amount,S-10 DATA,
S10_C1_12,Stand-alone CHIP Shortfall -- Costs minus net revenue (0 min),NUMERIC,S100000,S-10: Uncompensated/Indigent Care,01200,00100,Amount,S-10 DATA,
S10_C1_13,Net revenue from state/local govt indigent care (not Medicaid or CHIP),NUMERIC,S100000,S-10: Uncompensated/Indigent Care,01300,00100,Amount,S-10 DATA,
S10_C1_14,Total charges to state or local government programs for indigent care (not Medicaid or CHIP),NUMERIC,S100000,S-10: Uncompensated/Indigent Care,01400,00100,Amount,S-10 DATA,
S10_C1_15,Total costs for patients covered by a state or local government program,NUMERIC,S100000,S-10: Uncompensated/Indigent Care,01500,00100,Amount,S-10 DATA,
S10_C1_16,State or local govt (not Medicaid or CHIP) Shortfall -- Costs minus net revenue (0 min),NUMERIC,S100000,S-10: Uncompensated/Indigent Care,01600,00100,Amount,S-10 DATA,
S10_C1_17,Private grants or donations or endowment income restricted to funding charity care,NUMERIC,S100000,S-10: Uncompensated/Indigent Care,01700,00100,Amount,S-10 DATA,
S10_C1_18,Government grants or appropriations or transfers for support of hospital operations,NUMERIC,S100000,S-10: Uncompensated/Indigent Care,01800,00100,Amount,S-10 DATA,
S10_C1_19,Total unreimbursed cost for Medicaid and CHIP and state and local indigent care programs,NUMERIC,S100000,S-10: Uncompensated/Indigent Care,01900,00100,Amount,S-10 DATA,
S10_C1_2,Net Revenue from Medicaid,NUMERIC,S100000,S-10: Uncompensated/Indigent Care,00200,00100,Amount,S-10 DATA,
S10_C1_20,Charity care charges and uninsured discounts for the entire facility,NUMERIC,S100000,S-10: Uncompensated/Indigent Care,02000,00100,Amount,S-10 DATA,
S10_C1_21,Cost of patients approved for charity care and uninsured discounts,NUMERIC,S100000,S-10: Uncompensated/Indigent Care,02100,00100,Amount,S-10 DATA,
S10_C1_22,Payments received from patients for amounts previously written off as charity care,NUMERIC,S100000,S-10: Uncompensated/Indigent Care,02200,00100,Amount,S-10 DATA,
S10_C1_23,Cost of charity care (uninsured patients + patients w/ coverage not accepted by provider),NUMERIC,S100000,S-10: Uncompensated/Indigent Care,02300,00100,Amount,S-10 DATA,
S10_C1_25,Line 25 | Col 1,NUMERIC,S100000,S-10: Uncompensated/Indigent Care,02500,00100,Amount,nan,nan
S10_C1_26,Total Bad Debt expense,NUMERIC,S100000,S-10: Uncompensated/Indigent Care,02600,00100,Amount,S-10 DATA,
S10_C1_27,Medicare reimbursable bad debts for the entire hospital complex,NUMERIC,S100000,S-10: Uncompensated/Indigent Care,02700,00100,Amount,S-10 DATA,
S10_C1_2701,Medicare allowable bad debts for the entire hospital complex,NUMERIC,S100000,S-10: Uncompensated/Indigent Care,02701,00100,Amount,S-10 DATA,
S10_C1_28,Line 28 | Col 1,NUMERIC,S100000,S-10: Uncompensated/Indigent Care,02800,00100,Amount,nan,nan
S10_C1_29,Line 29 | Col 1,NUMERIC,S100000,S-10: Uncompensated/Indigent Care,02900,00100,Amount,nan,nan
S10_C1_30,Cost of Uncompensated Care,NUMERIC,S100000,S-10: Uncompensated/Indigent Care,03000,00100,Amount,S-10 DATA,
S10_C1_31,Total unreimbursed and uncompensated care,NUMERIC,S100000,S-10: Uncompensated/Indigent Care,03100,00100,Amount,S-10 DATA,
S10_C1_5,Line 5 | Col 1,NUMERIC,S100000,S-10: Uncompensated/Indigent Care,00500,00100,Amount,nan,nan
S10_C1_6,Medicaid charges,NUMERIC,S100000,S-10: Uncompensated/Indigent Care,00600,00100,Amount,S-10 DATA,
S10_C1_7,Line 7 | Col 1,NUMERIC,S100000,S-10: Uncompensated/Indigent Care,00700,00100,Amount,nan,nan
S10_C1_8,Medicaid Shortfall -- Costs minus net revenue (0 min),NUMERIC,S100000,S-10: Uncompensated/Indigent Care,00800,00100,Amount,S-10 DATA,
S10_C1_9,Net Revenue from stand-alone SCHIP,NUMERIC,S100000,S-10: Uncompensated/Indigent Care,00900,00100,Amount,S-10 DATA,
S10_C2_20,Charity care charges and uninsured discounts for the entire facility,NUMERIC,S100000,S-10: Uncompensated/Indigent Care,02000,00200,Amount (Secondary),S-10 DATA,
S10_C2_21,Cost of patients approved for charity care and uninsured discounts,NUMERIC,S100000,S-10: Uncompensated/Indigent Care,02100,00200,Amount (Secondary),S-10 DATA,
S10_C2_22,Payments received from patients for amounts previously written off as charity care,NUMERIC,S100000,S-10: Uncompensated/Indigent Care,02200,00200,Amount (Secondary),S-10 DATA,
S10_C2_23,Cost of charity care (patients covered by public program + patients w/ coverage accepted by provider),NUMERIC,S100000,S-10: Uncompensated/Indigent Care,02300,00200,Amount (Secondary),S-10 DATA,
S10_C3_20,Charity care charges and uninsured discounts for the entire facility,NUMERIC,S100000,S-10: Uncompensated/Indigent Care,02000,00300,S-10 DATA,S-10 DATA,
S10_C3_21,Cost of patients approved for charity care and uninsured discounts,NUMERIC,S100000,S-10: Uncompensated/Indigent Care,02100,00300,S-10 DATA,S-10 DATA,
S10_C3_22,Payments received from patients for amounts previously written off as charity care,NUMERIC,S100000,S-10: Uncompensated/Indigent Care,02200,00300,S-10 DATA,S-10 DATA,
S10_C3_23,Cost of charity care,NUMERIC,S100000,S-10: Uncompensated/Indigent Care,02300,00300,S-10 DATA,S-10 DATA,
S3_1_C10_18,Total Subprovider I Interns & Residents,NUMERIC,S300001,"S-3, Part I: Utilization Data",01800,01000,Discharges (Title XIX Medicaid),Total Inpatient Days/Outpatient Visits,nan
S3_1_C10_1801,Total Subprovider II Interns & Residents,NUMERIC,S300001,"S-3, Part I: Utilization Data",01801,01000,Discharges (Title XIX Medicaid),Total Inpatient Days/Outpatient Visits,nan
S3_1_C10_2001,ICF,NUMERIC,S300001,"S-3, Part I: Utilization Data",02001,01000,Discharges (Title XIX Medicaid),Total Inpatient Days/Outpatient Visits,nan
S3_1_C10_21,OLTC,NUMERIC,S300001,"S-3, Part I: Utilization Data",02100,01000,Discharges (Title XIX Medicaid),Total Inpatient Days/Outpatient Visits,nan
S3_1_C10_23,Line 23 | Col 10,NUMERIC,S300001,"S-3, Part I: Utilization Data",02300,01000,Discharges (Title XIX Medicaid),nan,nan
S3_1_C11_14,Total Hospital Interns & Residents,NUMERIC,S300001,"S-3, Part I: Utilization Data",01400,01100,Total Days (All Patients),Total Inpatient Days/Outpatient Visits,nan
S3_1_C11_16,IPF,NUMERIC,S300001,"S-3, Part I: Utilization Data",01600,01100,Total Days (All Patients),Total Inpatient Days/Outpatient Visits,nan
S3_1_C11_17,IRF,NUMERIC,S300001,"S-3, Part I: Utilization Data",01700,01100,Total Days (All Patients),Total Inpatient Days/Outpatient Visits,nan
S3_1_C11_18,Total Subprovider I Interns & Residents,NUMERIC,S300001,"S-3, Part I: Utilization Data",01800,01100,Total Days (All Patients),Total Inpatient Days/Outpatient Visits,nan
S3_1_C11_1801,Total Subprovider II Interns & Residents,NUMERIC,S300001,"S-3, Part I: Utilization Data",01801,01100,Total Days (All Patients),Total Inpatient Days/Outpatient Visits,nan
S3_1_C11_19,SNF,NUMERIC,S300001,"S-3, Part I: Utilization Data",01900,01100,Total Days (All Patients),Total Inpatient Days/Outpatient Visits,nan
S3_1_C11_20,NF,NUMERIC,S300001,"S-3, Part I: Utilization Data",02000,01100,Total Days (All Patients),Total Inpatient Days/Outpatient Visits,nan
S3_1_C11_2001,ICF,NUMERIC,S300001,"S-3, Part I: Utilization Data",02001,01100,Total Days (All Patients),Total Inpatient Days/Outpatient Visits,nan
S3_1_C11_21,OLTC,NUMERIC,S300001,"S-3, Part I: Utilization Data",02100,01100,Total Days (All Patients),Total Inpatient Days/Outpatient Visits,nan
S3_1_C11_23,Line 23 | Col 11,NUMERIC,S300001,"S-3, Part I: Utilization Data",02300,01100,Total Days (All Patients),nan,nan
S3_1_C11_27,Total Facility FTEs,NUMERIC,S300001,"S-3, Part I: Utilization Data",02700,01100,Total Days (All Patients),Total Inpatient Days/Outpatient Visits,nan
S3_1_C12_1,Hospital Adults & Pediatrics,NUMERIC,S300001,"S-3, Part I: Utilization Data",00100,01200,Total Patient Days,Total Inpatient Days/Outpatient Visits,nan
S3_1_C12_14,Total Hospital,NUMERIC,S300001,"S-3, Part I: Utilization Data",01400,01200,Total Patient Days,Total Inpatient Days/Outpatient Visits,nan
S3_1_C12_18,Subprovider 1,NUMERIC,S300001,"S-3, Part I: Utilization Data",01800,01200,Total Patient Days,Total Inpatient Days/Outpatient Visits,nan
S3_1_C12_1801,Subprovider 2,NUMERIC,S300001,"S-3, Part I: Utilization Data",01801,01200,Total Patient Days,Total Inpatient Days/Outpatient Visits,nan
S3_1_C13_18,Subprovider 1,NUMERIC,S300001,"S-3, Part I: Utilization Data",01800,01300,Average Length of Stay,Total Inpatient Days/Outpatient Visits,nan
S3_1_C13_1801,Subprovider 2,NUMERIC,S300001,"S-3, Part I: Utilization Data",01801,01300,Average Length of Stay,Total Inpatient Days/Outpatient Visits,nan
S3_1_C14_18,Subprovider 1,NUMERIC,S300001,"S-3, Part I: Utilization Data",01800,01400,Beds Available,Total Inpatient Days/Outpatient Visits,nan
S3_1_C14_1801,Subprovider 2,NUMERIC,S300001,"S-3, Part I: Utilization Data",01801,01400,Beds Available,Total Inpatient Days/Outpatient Visits,nan
S3_1_C15_18,Subprovider 1,NUMERIC,S300001,"S-3, Part I: Utilization Data",01800,01500,Bed Days Available,Total Inpatient Days/Outpatient Visits,nan
S3_1_C15_1801,Subprovider 2,NUMERIC,S300001,"S-3, Part I: Utilization Data",01801,01500,Bed Days Available,Total Inpatient Days/Outpatient Visits,nan
S3_1_C15_21,OLTC,NUMERIC,S300001,"S-3, Part I: Utilization Data",02100,01500,Bed Days Available,Total Inpatient Days/Outpatient Visits,nan
S3_1_C2_13,Nursery,NUMERIC,S300001,"S-3, Part I: Utilization Data",01300,00200,Inpatient Days (Title V & XVIII),NUMBER OF BEDS,nan
S3_1_C2_18,Subprovider 1,NUMERIC,S300001,"S-3, Part I: Utilization Data",01800,00200,Inpatient Days (Title V & XVIII),NUMBER OF BEDS,nan
S3_1_C2_1801,Subprovider 2,NUMERIC,S300001,"S-3, Part I: Utilization Data",01801,00200,Inpatient Days (Title V & XVIII),NUMBER OF BEDS,nan
S3_1_C2_2001,ICF,NUMERIC,S300001,"S-3, Part I: Utilization Data",02001,00200,Inpatient Days (Title V & XVIII),NUMBER OF BEDS,nan
S3_1_C2_21,OLTC,NUMERIC,S300001,"S-3, Part I: Utilization Data",02100,00200,Inpatient Days (Title V & XVIII),NUMBER OF BEDS,nan
S3_1_C3_13,Nursery,NUMERIC,S300001,"S-3, Part I: Utilization Data",01300,00300,Inpatient Days (Title XVIII Medicare),BED DAYS AVAILABLE,nan
S3_1_C3_18,Subprovider 1,NUMERIC,S300001,"S-3, Part I: Utilization Data",01800,00300,Inpatient Days (Title XVIII Medicare),BED DAYS AVAILABLE,nan
S3_1_C3_1801,Subprovider 2,NUMERIC,S300001,"S-3, Part I: Utilization Data",01801,00300,Inpatient Days (Title XVIII Medicare),BED DAYS AVAILABLE,nan
S3_1_C3_2001,ICF,NUMERIC,S300001,"S-3, Part I: Utilization Data",02001,00300,Inpatient Days (Title XVIII Medicare),BED DAYS AVAILABLE,nan
S3_1_C3_21,OLTC,NUMERIC,S300001,"S-3, Part I: Utilization Data",02100,00300,Inpatient Days (Title XVIII Medicare),BED DAYS AVAILABLE,nan
S3_1_C5_1,Hospital Adults & Pediatrics,NUMERIC,S300001,"S-3, Part I: Utilization Data",00100,00500,Inpatient Days (Title XIX Medicaid),BED DAYS AVAILABLE,nan
S3_1_C5_13,Nursery,NUMERIC,S300001,"S-3, Part I: Utilization Data",01300,00500,Inpatient Days (Title XIX Medicaid),BED DAYS AVAILABLE,nan
S3_1_C5_14,Total Hospital,NUMERIC,S300001,"S-3, Part I: Utilization Data",01400,00500,Inpatient Days (Title XIX Medicaid),BED DAYS AVAILABLE,nan
S3_1_C5_15,RPCH/CAH Visits,NUMERIC,S300001,"S-3, Part I: Utilization Data",01500,00500,Inpatient Days (Title XIX Medicaid),BED DAYS AVAILABLE,nan
S3_1_C5_16,IPF,NUMERIC,S300001,"S-3, Part I: Utilization Data",01600,00500,Inpatient Days (Title XIX Medicaid),BED DAYS AVAILABLE,nan
S3_1_C5_17,IRF,NUMERIC,S300001,"S-3, Part I: Utilization Data",01700,00500,Inpatient Days (Title XIX Medicaid),BED DAYS AVAILABLE,nan
S3_1_C5_18,Subprovider 1,NUMERIC,S300001,"S-3, Part I: Utilization Data",01800,00500,Inpatient Days (Title XIX Medicaid),BED DAYS AVAILABLE,nan
S3_1_C5_1801,Subprovider 2,NUMERIC,S300001,"S-3, Part I: Utilization Data",01801,00500,Inpatient Days (Title XIX Medicaid),BED DAYS AVAILABLE,nan
S3_1_C5_19,SNF,NUMERIC,S300001,"S-3, Part I: Utilization Data",01900,00500,Inpatient Days (Title XIX Medicaid),BED DAYS AVAILABLE,nan
S3_1_C5_20,NF,NUMERIC,S300001,"S-3, Part I: Utilization Data",02000,00500,Inpatient Days (Title XIX Medicaid),BED DAYS AVAILABLE,nan
S3_1_C5_2001,ICF,NUMERIC,S300001,"S-3, Part I: Utilization Data",02001,00500,Inpatient Days (Title XIX Medicaid),BED DAYS AVAILABLE,nan
S3_1_C5_6,Hospital Adlts & Ped Swing Bed NF,NUMERIC,S300001,"S-3, Part I: Utilization Data",00600,00500,Inpatient Days (Title XIX Medicaid),BED DAYS AVAILABLE,nan
S3_1_C5_7,Total Hospital,NUMERIC,S300001,"S-3, Part I: Utilization Data",00700,00500,Inpatient Days (Title XIX Medicaid),BED DAYS AVAILABLE,nan
S3_1_C6_15,RPCH/CAH Visits,NUMERIC,S300001,"S-3, Part I: Utilization Data",01500,00600,Total Inpatient Days,Medicare Inpatient Days/Outpatient Visits,nan
S3_1_C6_18,Subprovider 1,NUMERIC,S300001,"S-3, Part I: Utilization Data",01800,00600,Total Inpatient Days,Medicare Inpatient Days/Outpatient Visits,nan
S3_1_C6_1801,Subprovider 2,NUMERIC,S300001,"S-3, Part I: Utilization Data",01801,00600,Total Inpatient Days,Medicare Inpatient Days/Outpatient Visits,nan
S3_1_C6_2901,Ambulance Trips,NUMERIC,S300001,"S-3, Part I: Utilization Data",02901,00600,Total Inpatient Days,Medicare Inpatient Days/Outpatient Visits,nan
S3_1_C7_15,RPCH/CAH Visits,NUMERIC,S300001,"S-3, Part I: Utilization Data",01500,00700,% Medicare Days / Total Days,Medicaid Inpatient Days/Outpatient Visits,nan
S3_1_C7_18,Subprovider 1,NUMERIC,S300001,"S-3, Part I: Utilization Data",01800,00700,% Medicare Days / Total Days,Medicaid Inpatient Days/Outpatient Visits,nan
S3_1_C7_1801,Subprovider 2,NUMERIC,S300001,"S-3, Part I: Utilization Data",01801,00700,% Medicare Days / Total Days,Medicaid Inpatient Days/Outpatient Visits,nan
S3_1_C7_20,NF,NUMERIC,S300001,"S-3, Part I: Utilization Data",02000,00700,% Medicare Days / Total Days,Medicaid Inpatient Days/Outpatient Visits,nan
S3_1_C7_2001,ICF,NUMERIC,S300001,"S-3, Part I: Utilization Data",02001,00700,% Medicare Days / Total Days,Medicaid Inpatient Days/Outpatient Visits,nan
S3_1_C7_5,Hospital Adlts & Ped Swing Bed SNF,NUMERIC,S300001,"S-3, Part I: Utilization Data",00500,00700,% Medicare Days / Total Days,Medicaid Inpatient Days/Outpatient Visits,nan
S3_1_C7_6,Hospital Adlts & Ped Swing Bed NF,NUMERIC,S300001,"S-3, Part I: Utilization Data",00600,00700,% Medicare Days / Total Days,Medicaid Inpatient Days/Outpatient Visits,nan
S3_1_C8_15,CAH Visits,NUMERIC,S300001,"S-3, Part I: Utilization Data",01500,00800,Total Discharges,Total Inpatient Days/Outpatient Visits,nan
S3_1_C8_18,Subprovider 1,NUMERIC,S300001,"S-3, Part I: Utilization Data",01800,00800,Total Discharges,Total Inpatient Days/Outpatient Visits,nan
S3_1_C8_1801,Subprovider 2,NUMERIC,S300001,"S-3, Part I: Utilization Data",01801,00800,Total Discharges,Total Inpatient Days/Outpatient Visits,nan
S3_1_C8_2001,ICF,NUMERIC,S300001,"S-3, Part I: Utilization Data",02001,00800,Total Discharges,Total Inpatient Days/Outpatient Visits,nan
S3_1_C8_21,OLTC,NUMERIC,S300001,"S-3, Part I: Utilization Data",02100,00800,Total Discharges,Total Inpatient Days/Outpatient Visits,nan
S3_1_C9_17,IRF,NUMERIC,S300001,"S-3, Part I: Utilization Data",01700,00900,Inpatient Days (Title XVIII + XIX),Total Inpatient Days/Outpatient Visits,nan
S3_1_C9_18,Total Subprovider I Interns & Residents,NUMERIC,S300001,"S-3, Part I: Utilization Data",01800,00900,Inpatient Days (Title XVIII + XIX),Total Inpatient Days/Outpatient Visits,nan
S3_1_C9_1801,Total Subprovider II Interns & Residents,NUMERIC,S300001,"S-3, Part I: Utilization Data",01801,00900,Inpatient Days (Title XVIII + XIX),Total Inpatient Days/Outpatient Visits,nan
S3_1_C9_19,SNF,NUMERIC,S300001,"S-3, Part I: Utilization Data",01900,00900,Inpatient Days (Title XVIII + XIX),Total Inpatient Days/Outpatient Visits,nan
S3_1_C9_20,NF,NUMERIC,S300001,"S-3, Part I: Utilization Data",02000,00900,Inpatient Days (Title XVIII + XIX),Total Inpatient Days/Outpatient Visits,nan
S3_1_C9_2001,ICF,NUMERIC,S300001,"S-3, Part I: Utilization Data",02001,00900,Inpatient Days (Title XVIII + XIX),Total Inpatient Days/Outpatient Visits,nan
S3_1_C9_21,OLTC,NUMERIC,S300001,"S-3, Part I: Utilization Data",02100,00900,Inpatient Days (Title XVIII + XIX),Total Inpatient Days/Outpatient Visits,nan
S3_1_C9_23,Line 23 | Col 9,NUMERIC,S300001,"S-3, Part I: Utilization Data",02300,00900,Inpatient Days (Title XVIII + XIX),nan,nan
S3_2_C2_14,Home Office Salaries & Wage Related Csts,NUMERIC,S300002,"S-3, Part II: Medicaid Ratio",01400,00200,Medicare Charges,HOSPITAL WAGE INDEX DATA,AMOUNT REPORTED
S3_2_C2_1402,Related  Salaries,NUMERIC,S300002,"S-3, Part II: Medicaid Ratio",01402,00200,Medicare Charges,HOSPITAL WAGE INDEX DATA,AMOUNT REPORTED
S3_2_C2_15,Home Office:  Physician Part A,NUMERIC,S300002,"S-3, Part II: Medicaid Ratio",01500,00200,Medicare Charges,HOSPITAL WAGE INDEX DATA,AMOUNT REPORTED
S3_2_C2_16,Teaching Physician Salaries,NUMERIC,S300002,"S-3, Part II: Medicaid Ratio",01600,00200,Medicare Charges,HOSPITAL WAGE INDEX DATA,AMOUNT REPORTED
S3_2_C2_18,Wage Related Costs Other,NUMERIC,S300002,"S-3, Part II: Medicaid Ratio",01800,00200,Medicare Charges,HOSPITAL WAGE INDEX DATA,AMOUNT REPORTED
S3_2_C2_2,Non-Physician Anesthetist Part A,NUMERIC,S300002,"S-3, Part II: Medicaid Ratio",00200,00200,Medicare Charges,HOSPITAL WAGE INDEX DATA,AMOUNT REPORTED
S3_2_C2_2551,Interns & Residents,NUMERIC,S300002,"S-3, Part II: Medicaid Ratio",02551,00200,Medicare Charges,HOSPITAL WAGE INDEX DATA,AMOUNT REPORTED
S3_2_C2_2553,Interns & Residents,NUMERIC,S300002,"S-3, Part II: Medicaid Ratio",02553,00200,Medicare Charges,HOSPITAL WAGE INDEX DATA,AMOUNT REPORTED
S3_2_C2_37,Maintenance of Personnel,NUMERIC,S300002,"S-3, Part II: Medicaid Ratio",03700,00200,Medicare Charges,HOSPITAL WAGE INDEX DATA,AMOUNT REPORTED
S3_2_C3_14,Home Office Salaries & Wage Related Csts,NUMERIC,S300002,"S-3, Part II: Medicaid Ratio",01400,00300,Total Charges,HOSPITAL WAGE INDEX DATA,AMOUNT REPORTED
S3_2_C3_1401,Home Office Salaries,NUMERIC,S300002,"S-3, Part II: Medicaid Ratio",01401,00300,Total Charges,HOSPITAL WAGE INDEX DATA,AMOUNT REPORTED
S3_2_C3_1402,Related Salaries,NUMERIC,S300002,"S-3, Part II: Medicaid Ratio",01402,00300,Total Charges,HOSPITAL WAGE INDEX DATA,AMOUNT REPORTED
S3_2_C3_2201,Physician Part A Teaching,NUMERIC,S300002,"S-3, Part II: Medicaid Ratio",02201,00300,Total Charges,HOSPITAL WAGE INDEX DATA,AMOUNT REPORTED
S3_2_C3_24,Wage Related Costs RHC/FQHC,NUMERIC,S300002,"S-3, Part II: Medicaid Ratio",02400,00300,Total Charges,HOSPITAL WAGE INDEX DATA,AMOUNT REPORTED
S3_2_C3_25,Interns & Residents,NUMERIC,S300002,"S-3, Part II: Medicaid Ratio",02500,00300,Total Charges,HOSPITAL WAGE INDEX DATA,AMOUNT REPORTED
S3_2_C3_2550,Interns & Residents,NUMERIC,S300002,"S-3, Part II: Medicaid Ratio",02550,00300,Total Charges,HOSPITAL WAGE INDEX DATA,AMOUNT REPORTED
S3_2_C3_2551,Interns & Residents,NUMERIC,S300002,"S-3, Part II: Medicaid Ratio",02551,00300,Total Charges,HOSPITAL WAGE INDEX DATA,AMOUNT REPORTED
S3_2_C3_2552,Interns & Residents,NUMERIC,S300002,"S-3, Part II: Medicaid Ratio",02552,00300,Total Charges,HOSPITAL WAGE INDEX DATA,AMOUNT REPORTED
S3_2_C3_2553,Interns & Residents,NUMERIC,S300002,"S-3, Part II: Medicaid Ratio",02553,00300,Total Charges,HOSPITAL WAGE INDEX DATA,AMOUNT REPORTED
S3_2_C4_14,Home Office Salaries & Wage Related Csts,NUMERIC,S300002,"S-3, Part II: Medicaid Ratio",01400,00400,Cost Center Code,HOSPITAL WAGE INDEX DATA,ADJUSTED SALARIES
S3_2_C4_1402,Related Salaries,NUMERIC,S300002,"S-3, Part II: Medicaid Ratio",01402,00400,Cost Center Code,HOSPITAL WAGE INDEX DATA,ADJUSTED SALARIES
S3_2_C4_15,Home Office:  Physician Part A,NUMERIC,S300002,"S-3, Part II: Medicaid Ratio",01500,00400,Cost Center Code,HOSPITAL WAGE INDEX DATA,ADJUSTED SALARIES
S3_2_C4_16,Teaching Physician Salaries,NUMERIC,S300002,"S-3, Part II: Medicaid Ratio",01600,00400,Cost Center Code,HOSPITAL WAGE INDEX DATA,ADJUSTED SALARIES
S3_2_C4_18,Wage Related Costs Other,NUMERIC,S300002,"S-3, Part II: Medicaid Ratio",01800,00400,Cost Center Code,HOSPITAL WAGE INDEX DATA,ADJUSTED SALARIES
S3_2_C4_2,Non-Physician Anesthetist Part A,NUMERIC,S300002,"S-3, Part II: Medicaid Ratio",00200,00400,Cost Center Code,HOSPITAL WAGE INDEX DATA,ADJUSTED SALARIES
S3_2_C4_2551,Interns & Residents,NUMERIC,S300002,"S-3, Part II: Medicaid Ratio",02551,00400,Cost Center Code,HOSPITAL WAGE INDEX DATA,ADJUSTED SALARIES
S3_2_C4_2553,Interns & Residents,NUMERIC,S300002,"S-3, Part II: Medicaid Ratio",02553,00400,Cost Center Code,HOSPITAL WAGE INDEX DATA,ADJUSTED SALARIES
S3_2_C4_37,Maintenance of Personnel,NUMERIC,S300002,"S-3, Part II: Medicaid Ratio",03700,00400,Cost Center Code,HOSPITAL WAGE INDEX DATA,ADJUSTED SALARIES
S3_2_C5_14,Home Office Salaries & Wage Related Csts,NUMERIC,S300002,"S-3, Part II: Medicaid Ratio",01400,00500,Medicare Visits,HOSPITAL WAGE INDEX DATA,PAID HOURS RELATED TO SALARIES
S3_2_C5_15,Home Office:  Physician Part A,NUMERIC,S300002,"S-3, Part II: Medicaid Ratio",01500,00500,Medicare Visits,HOSPITAL WAGE INDEX DATA,PAID HOURS RELATED TO SALARIES
S3_2_C5_16,Teaching Physician Salaries,NUMERIC,S300002,"S-3, Part II: Medicaid Ratio",01600,00500,Medicare Visits,HOSPITAL WAGE INDEX DATA,PAID HOURS RELATED TO SALARIES
S3_2_C5_2,Non-Physician Anesthetist Part A,NUMERIC,S300002,"S-3, Part II: Medicaid Ratio",00200,00500,Medicare Visits,HOSPITAL WAGE INDEX DATA,PAID HOURS RELATED TO SALARIES
S3_2_C5_37,Maintenance of Personnel,NUMERIC,S300002,"S-3, Part II: Medicaid Ratio",03700,00500,Medicare Visits,HOSPITAL WAGE INDEX DATA,PAID HOURS RELATED TO SALARIES
S3_2_C6_14,Home Office Salaries & Wage Related Csts,NUMERIC,S300002,"S-3, Part II: Medicaid Ratio",01400,00600,Total Visits,HOSPITAL WAGE INDEX DATA,AVERAGE HOURLY WAGE
S3_2_C6_1402,Related Salaries,NUMERIC,S300002,"S-3, Part II: Medicaid Ratio",01402,00600,Total Visits,HOSPITAL WAGE INDEX DATA,AVERAGE HOURLY WAGE
S3_2_C6_15,Home Office:  Physician Part A,NUMERIC,S300002,"S-3, Part II: Medicaid Ratio",01500,00600,Total Visits,HOSPITAL WAGE INDEX DATA,AVERAGE HOURLY WAGE
S3_2_C6_16,Teaching Physician Salaries,NUMERIC,S300002,"S-3, Part II: Medicaid Ratio",01600,00600,Total Visits,HOSPITAL WAGE INDEX DATA,AVERAGE HOURLY WAGE
S3_2_C6_2,Non-Physician Anesthetist Part A,NUMERIC,S300002,"S-3, Part II: Medicaid Ratio",00200,00600,Total Visits,HOSPITAL WAGE INDEX DATA,AVERAGE HOURLY WAGE
S3_2_C6_37,Maintenance of Personnel,NUMERIC,S300002,"S-3, Part II: Medicaid Ratio",03700,00600,Total Visits,HOSPITAL WAGE INDEX DATA,AVERAGE HOURLY WAGE
S3_3_C2_7,Total Overhead Costs,NUMERIC,S300003,S300003,00700,00100,HOSPITAL WAGE INDEX DATA - AMOUNT REPORTED,HOSPITAL WAGE INDEX DATA,AMOUNT REPORTED
S3_3_C5_5,Subtotal Wage Related Csts,NUMERIC,S300003,S300003,00500,00500,HOSPITAL WAGE INDEX DATA - PAID HOURS RELATED TO SALARIES,HOSPITAL WAGE INDEX DATA,PAID HOURS RELATED TO SALARIES
S3_5_C1_10,Line 10 | Col 1,NUMERIC,S300005,"S-3, Part V: Utilization Data",01000,00100,HOSPITAL CONTRACT LABOR AND BENEFIT COST,nan,nan
S3_5_C1_12,Line 12 | Col 1,NUMERIC,S300005,"S-3, Part V: Utilization Data",01200,00100,HOSPITAL CONTRACT LABOR AND BENEFIT COST,nan,nan
S3_5_C1_13,Line 13 | Col 1,NUMERIC,S300005,"S-3, Part V: Utilization Data",01300,00100,HOSPITAL CONTRACT LABOR AND BENEFIT COST,nan,nan
S3_5_C1_14,Line 14 | Col 1,NUMERIC,S300005,"S-3, Part V: Utilization Data",01400,00100,HOSPITAL CONTRACT LABOR AND BENEFIT COST,nan,nan
S3_5_C1_15,Line 15 | Col 1,NUMERIC,S300005,"S-3, Part V: Utilization Data",01500,00100,HOSPITAL CONTRACT LABOR AND BENEFIT COST,nan,nan
S3_5_C1_16,Line 16 | Col 1,NUMERIC,S300005,"S-3, Part V: Utilization Data",01600,00100,HOSPITAL CONTRACT LABOR AND BENEFIT COST,nan,nan
S3_5_C1_17,Line 17 | Col 1,NUMERIC,S300005,"S-3, Part V: Utilization Data",01700,00100,HOSPITAL CONTRACT LABOR AND BENEFIT COST,nan,nan
S3_5_C1_18,Line 18 | Col 1,NUMERIC,S300005,"S-3, Part V: Utilization Data",01800,00100,HOSPITAL CONTRACT LABOR AND BENEFIT COST,nan,nan
S3_5_C1_5,Line 5 | Col 1,NUMERIC,S300005,"S-3, Part V: Utilization Data",00500,00100,HOSPITAL CONTRACT LABOR AND BENEFIT COST,nan,nan
S3_5_C1_6,Line 6 | Col 1,NUMERIC,S300005,"S-3, Part V: Utilization Data",00600,00100,HOSPITAL CONTRACT LABOR AND BENEFIT COST,nan,nan
S3_5_C1_7,Line 7 | Col 1,NUMERIC,S300005,"S-3, Part V: Utilization Data",00700,00100,HOSPITAL CONTRACT LABOR AND BENEFIT COST,nan,nan
S3_5_C1_8,Line 8 | Col 1,NUMERIC,S300005,"S-3, Part V: Utilization Data",00800,00100,HOSPITAL CONTRACT LABOR AND BENEFIT COST,nan,nan
S3_5_C1_9,Line 9 | Col 1,NUMERIC,S300005,"S-3, Part V: Utilization Data",00900,00100,HOSPITAL CONTRACT LABOR AND BENEFIT COST,nan,nan
S3_5_C2_10,Line 10 | Col 2,NUMERIC,S300005,"S-3, Part V: Utilization Data",01000,00200,HOSPITAL CONTRACT LABOR AND BENEFIT COST,nan,nan
S3_5_C2_11,Line 11 | Col 2,NUMERIC,S300005,"S-3, Part V: Utilization Data",01100,00200,HOSPITAL CONTRACT LABOR AND BENEFIT COST,nan,nan
S3_5_C2_12,Line 12 | Col 2,NUMERIC,S300005,"S-3, Part V: Utilization Data",01200,00200,HOSPITAL CONTRACT LABOR AND BENEFIT COST,nan,nan
S3_5_C2_15,Line 15 | Col 2,NUMERIC,S300005,"S-3, Part V: Utilization Data",01500,00200,HOSPITAL CONTRACT LABOR AND BENEFIT COST,nan,nan
S3_5_C2_16,Line 16 | Col 2,NUMERIC,S300005,"S-3, Part V: Utilization Data",01600,00200,HOSPITAL CONTRACT LABOR AND BENEFIT COST,nan,nan
S3_5_C2_17,Line 17 | Col 2,NUMERIC,S300005,"S-3, Part V: Utilization Data",01700,00200,HOSPITAL CONTRACT LABOR AND BENEFIT COST,nan,nan
S3_5_C2_5,Line 5 | Col 2,NUMERIC,S300005,"S-3, Part V: Utilization Data",00500,00200,HOSPITAL CONTRACT LABOR AND BENEFIT COST,nan,nan
S3_5_C2_6,Line 6 | Col 2,NUMERIC,S300005,"S-3, Part V: Utilization Data",00600,00200,HOSPITAL CONTRACT LABOR AND BENEFIT COST,nan,nan
S3_5_C2_7,Line 7 | Col 2,NUMERIC,S300005,"S-3, Part V: Utilization Data",00700,00200,HOSPITAL CONTRACT LABOR AND BENEFIT COST,nan,nan
S4_HHA10_C1_33,Without Outliers:  Total Visits,NUMERIC,S400000,S400000,03300,00100,HHA STATISTICAL DATA - HHA X,HHA STATISTICAL DATA,HHA X
S4_HHA10_C1_34,Without Outliers:  Other Charges,NUMERIC,S400000,S400000,03400,00100,HHA STATISTICAL DATA - HHA X,HHA STATISTICAL DATA,HHA X
S4_HHA10_C1_35,Without Outliers:  Total Charges,NUMERIC,S400000,S400000,03500,00100,HHA STATISTICAL DATA - HHA X,HHA STATISTICAL DATA,HHA X
S4_HHA10_C1_36,W/Out Outliers:  Number of Episodes,NUMERIC,S400000,S400000,03600,00100,HHA STATISTICAL DATA - HHA X,HHA STATISTICAL DATA,HHA X
S4_HHA10_C1_38,Without Outliers:  Non Routine Med Sup Chgs,NUMERIC,S400000,S400000,03800,00100,HHA STATISTICAL DATA - HHA X,HHA STATISTICAL DATA,HHA X
S4_HHA10_C2_33,With Outliers:  Total Visits,NUMERIC,S400000,S400000,03300,00200,HHA STATISTICAL DATA - HHA X,HHA STATISTICAL DATA,HHA X
S4_HHA10_C2_34,With Outliers:  Other Charges,NUMERIC,S400000,S400000,03400,00200,HHA STATISTICAL DATA - HHA X,HHA STATISTICAL DATA,HHA X
S4_HHA10_C2_35,With Outliers:  Total Charges,NUMERIC,S400000,S400000,03500,00200,HHA STATISTICAL DATA - HHA X,HHA STATISTICAL DATA,HHA X
S4_HHA10_C2_37,With Outliers:  Number of Episodes,NUMERIC,S400000,S400000,03700,00200,HHA STATISTICAL DATA - HHA X,HHA STATISTICAL DATA,HHA X
S4_HHA10_C2_38,With Outliers:  Non Routine Med Sup Chgs,NUMERIC,S400000,S400000,03800,00200,HHA STATISTICAL DATA - HHA X,HHA STATISTICAL DATA,HHA X
S4_HHA10_C3_33,LUPA Episodes:  Total Visits,NUMERIC,S400000,S400000,03300,00300,HHA STATISTICAL DATA - HHA X,HHA STATISTICAL DATA,HHA X
S4_HHA10_C3_34,LUPA Episodes:  Other Charges,NUMERIC,S400000,S400000,03400,00300,HHA STATISTICAL DATA - HHA X,HHA STATISTICAL DATA,HHA X
S4_HHA10_C3_35,Total Charges:  LUPA Episodes,NUMERIC,S400000,S400000,03500,00300,HHA STATISTICAL DATA - HHA X,HHA STATISTICAL DATA,HHA X
S4_HHA10_C3_36,LUPA Episodes:  Total Number of Episodes,NUMERIC,S400000,S400000,03600,00300,HHA STATISTICAL DATA - HHA X,HHA STATISTICAL DATA,HHA X
S4_HHA10_C3_38,LUPA:  Total Non Routine Med Sup Chgs,NUMERIC,S400000,S400000,03800,00300,HHA STATISTICAL DATA - HHA X,HHA STATISTICAL DATA,HHA X
S4_HHA10_C4_33,PEP Episodes:  Total Visits,NUMERIC,S400000,S400000,03300,00400,HHA STATISTICAL DATA - HHA X,HHA STATISTICAL DATA,HHA X
S4_HHA10_C4_34,PEP Episodes:  Other Charges,NUMERIC,S400000,S400000,03400,00400,HHA STATISTICAL DATA - HHA X,HHA STATISTICAL DATA,HHA X
S4_HHA10_C4_35,PEP Episodes:  Total Charges:,NUMERIC,S400000,S400000,03500,00400,HHA STATISTICAL DATA - HHA X,HHA STATISTICAL DATA,HHA X
S4_HHA10_C4_36,PEP Episodes:  Total Number of Episodes,NUMERIC,S400000,S400000,03600,00400,HHA STATISTICAL DATA - HHA X,HHA STATISTICAL DATA,HHA X
S4_HHA10_C4_37,PEP:  Total Number of Outlier Episodes,NUMERIC,S400000,S400000,03700,00400,HHA STATISTICAL DATA - HHA X,HHA STATISTICAL DATA,HHA X
S4_HHA10_C4_38,PEP:  Total Non Routine Med Supply Chgs,NUMERIC,S400000,S400000,03800,00400,HHA STATISTICAL DATA - HHA X,HHA STATISTICAL DATA,HHA X
S4_HHA10_C5_33,Total Visits,NUMERIC,S400000,S400000,03300,00500,HHA STATISTICAL DATA - HHA X,HHA STATISTICAL DATA,HHA X
S4_HHA10_C5_34,Total Other Charges,NUMERIC,S400000,S400000,03400,00500,HHA STATISTICAL DATA - HHA X,HHA STATISTICAL DATA,HHA X
S4_HHA10_C5_35,Total Charges,NUMERIC,S400000,S400000,03500,00500,HHA STATISTICAL DATA - HHA X,HHA STATISTICAL DATA,HHA X
S4_HHA10_C5_36,Total Number of Episodes,NUMERIC,S400000,S400000,03600,00500,HHA STATISTICAL DATA - HHA X,HHA STATISTICAL DATA,HHA X
S4_HHA10_C5_37,Total Number of Outlier Episodes,NUMERIC,S400000,S400000,03700,00500,HHA STATISTICAL DATA - HHA X,HHA STATISTICAL DATA,HHA X
S4_HHA10_C5_38,Total Non Routine Medical  Supply Charges,NUMERIC,S400000,S400000,03800,00500,HHA STATISTICAL DATA - HHA X,HHA STATISTICAL DATA,HHA X
S4_HHA1_C1_34,Without Outliers:  Other Charges,NUMERIC,S410000,S410000,03400,00100,HHA STATISTICAL DATA - HHA I,HHA STATISTICAL DATA,HHA I
S4_HHA1_C2_34,With Outliers:  Other Charges,NUMERIC,S410000,S410000,03400,00200,HHA STATISTICAL DATA - HHA I,HHA STATISTICAL DATA,HHA I
S4_HHA1_C3_34,LUPA Episodes:  Other Charges,NUMERIC,S410000,S410000,03400,00300,HHA STATISTICAL DATA - HHA I,HHA STATISTICAL DATA,HHA I
S4_HHA1_C4_34,PEP Episodes:  Other Charges,NUMERIC,S410000,S410000,03400,00400,HHA STATISTICAL DATA - HHA I,HHA STATISTICAL DATA,HHA I
S4_HHA1_C5_34,Total Other Charges,NUMERIC,S410000,S410000,03400,00500,HHA STATISTICAL DATA - HHA I,HHA STATISTICAL DATA,HHA I
S4_HHA2_C1_33,Without Outliers:  Total Visits,NUMERIC,S420000,S420000,03300,00100,HHA STATISTICAL DATA - HHA II,HHA STATISTICAL DATA,HHA II
S4_HHA2_C1_34,Without Outliers:  Other Charges,NUMERIC,S420000,S420000,03400,00100,HHA STATISTICAL DATA - HHA II,HHA STATISTICAL DATA,HHA II
S4_HHA2_C1_35,Without Outliers:  Total Charges,NUMERIC,S420000,S420000,03500,00100,HHA STATISTICAL DATA - HHA II,HHA STATISTICAL DATA,HHA II
S4_HHA2_C1_36,W/Out Outliers:  Number of Episodes,NUMERIC,S420000,S420000,03600,00100,HHA STATISTICAL DATA - HHA II,HHA STATISTICAL DATA,HHA II
S4_HHA2_C1_38,Without Outliers:  Non Routine Med Sup Chgs,NUMERIC,S420000,S420000,03800,00100,HHA STATISTICAL DATA - HHA II,HHA STATISTICAL DATA,HHA II
S4_HHA2_C2_33,With Outliers:  Total Visits,NUMERIC,S420000,S420000,03300,00200,HHA STATISTICAL DATA - HHA II,HHA STATISTICAL DATA,HHA II
S4_HHA2_C2_34,With Outliers:  Other Charges,NUMERIC,S420000,S420000,03400,00200,HHA STATISTICAL DATA - HHA II,HHA STATISTICAL DATA,HHA II
S4_HHA2_C2_35,With Outliers:  Total Charges,NUMERIC,S420000,S420000,03500,00200,HHA STATISTICAL DATA - HHA II,HHA STATISTICAL DATA,HHA II
S4_HHA2_C2_37,With Outliers:  Number of Episodes,NUMERIC,S420000,S420000,03700,00200,HHA STATISTICAL DATA - HHA II,HHA STATISTICAL DATA,HHA II
S4_HHA2_C2_38,With Outliers:  Non Routine Med Sup Chgs,NUMERIC,S420000,S420000,03800,00200,HHA STATISTICAL DATA - HHA II,HHA STATISTICAL DATA,HHA II
S4_HHA2_C3_33,LUPA Episodes:  Total Visits,NUMERIC,S420000,S420000,03300,00300,HHA STATISTICAL DATA - HHA II,HHA STATISTICAL DATA,HHA II
S4_HHA2_C3_34,LUPA Episodes:  Other Charges,NUMERIC,S420000,S420000,03400,00300,HHA STATISTICAL DATA - HHA II,HHA STATISTICAL DATA,HHA II
S4_HHA2_C3_35,Total Charges:  LUPA Episodes,NUMERIC,S420000,S420000,03500,00300,HHA STATISTICAL DATA - HHA II,HHA STATISTICAL DATA,HHA II
S4_HHA2_C3_36,LUPA Episodes:  Total Number of Episodes,NUMERIC,S420000,S420000,03600,00300,HHA STATISTICAL DATA - HHA II,HHA STATISTICAL DATA,HHA II
S4_HHA2_C3_38,LUPA:  Total Non Routine Med Sup Chgs,NUMERIC,S420000,S420000,03800,00300,HHA STATISTICAL DATA - HHA II,HHA STATISTICAL DATA,HHA II
S4_HHA2_C4_33,PEP Episodes:  Total Visits,NUMERIC,S420000,S420000,03300,00400,HHA STATISTICAL DATA - HHA II,HHA STATISTICAL DATA,HHA II
S4_HHA2_C4_34,PEP Episodes:  Other Charges,NUMERIC,S420000,S420000,03400,00400,HHA STATISTICAL DATA - HHA II,HHA STATISTICAL DATA,HHA II
S4_HHA2_C4_35,PEP Episodes:  Total Charges:,NUMERIC,S420000,S420000,03500,00400,HHA STATISTICAL DATA - HHA II,HHA STATISTICAL DATA,HHA II
S4_HHA2_C4_36,PEP Episodes:  Total Number of Episodes,NUMERIC,S420000,S420000,03600,00400,HHA STATISTICAL DATA - HHA II,HHA STATISTICAL DATA,HHA II
S4_HHA2_C4_37,PEP:  Total Number of Outlier Episodes,NUMERIC,S420000,S420000,03700,00400,HHA STATISTICAL DATA - HHA II,HHA STATISTICAL DATA,HHA II
S4_HHA2_C4_38,PEP:  Total Non Routine Med Supply Chgs,NUMERIC,S420000,S420000,03800,00400,HHA STATISTICAL DATA - HHA II,HHA STATISTICAL DATA,HHA II
S4_HHA2_C5_33,Total Visits,NUMERIC,S420000,S420000,03300,00500,HHA STATISTICAL DATA - HHA II,HHA STATISTICAL DATA,HHA II
S4_HHA2_C5_34,Total Other Charges,NUMERIC,S420000,S420000,03400,00500,HHA STATISTICAL DATA - HHA II,HHA STATISTICAL DATA,HHA II
S4_HHA2_C5_35,Total Charges,NUMERIC,S420000,S420000,03500,00500,HHA STATISTICAL DATA - HHA II,HHA STATISTICAL DATA,HHA II
S4_HHA2_C5_36,Total Number of Episodes,NUMERIC,S420000,S420000,03600,00500,HHA STATISTICAL DATA - HHA II,HHA STATISTICAL DATA,HHA II
S4_HHA2_C5_37,Total Number of Outlier Episodes,NUMERIC,S420000,S420000,03700,00500,HHA STATISTICAL DATA - HHA II,HHA STATISTICAL DATA,HHA II
S4_HHA2_C5_38,Total Non Routine Medical  Supply Charges,NUMERIC,S420000,S420000,03800,00500,HHA STATISTICAL DATA - HHA II,HHA STATISTICAL DATA,HHA II
S4_HHA3_C1_33,Without Outliers:  Total Visits,NUMERIC,S430000,S430000,03300,00100,HHA STATISTICAL DATA - HHA III,HHA STATISTICAL DATA,HHA III
S4_HHA3_C1_34,Without Outliers:  Other Charges,NUMERIC,S430000,S430000,03400,00100,HHA STATISTICAL DATA - HHA III,HHA STATISTICAL DATA,HHA III
S4_HHA3_C1_35,Without Outliers:  Total Charges,NUMERIC,S430000,S430000,03500,00100,HHA STATISTICAL DATA - HHA III,HHA STATISTICAL DATA,HHA III
S4_HHA3_C1_36,W/Out Outliers:  Number of Episodes,NUMERIC,S430000,S430000,03600,00100,HHA STATISTICAL DATA - HHA III,HHA STATISTICAL DATA,HHA III
S4_HHA3_C1_38,Without Outliers:  Non Routine Med Sup Chgs,NUMERIC,S430000,S430000,03800,00100,HHA STATISTICAL DATA - HHA III,HHA STATISTICAL DATA,HHA III
S4_HHA3_C2_33,With Outliers:  Total Visits,NUMERIC,S430000,S430000,03300,00200,HHA STATISTICAL DATA - HHA III,HHA STATISTICAL DATA,HHA III
S4_HHA3_C2_34,With Outliers:  Other Charges,NUMERIC,S430000,S430000,03400,00200,HHA STATISTICAL DATA - HHA III,HHA STATISTICAL DATA,HHA III
S4_HHA3_C2_35,With Outliers:  Total Charges,NUMERIC,S430000,S430000,03500,00200,HHA STATISTICAL DATA - HHA III,HHA STATISTICAL DATA,HHA III
S4_HHA3_C2_37,With Outliers:  Number of Episodes,NUMERIC,S430000,S430000,03700,00200,HHA STATISTICAL DATA - HHA III,HHA STATISTICAL DATA,HHA III
S4_HHA3_C2_38,With Outliers:  Non Routine Med Sup Chgs,NUMERIC,S430000,S430000,03800,00200,HHA STATISTICAL DATA - HHA III,HHA STATISTICAL DATA,HHA III
S4_HHA3_C3_33,LUPA Episodes:  Total Visits,NUMERIC,S430000,S430000,03300,00300,HHA STATISTICAL DATA - HHA III,HHA STATISTICAL DATA,HHA III
S4_HHA3_C3_34,LUPA Episodes:  Other Charges,NUMERIC,S430000,S430000,03400,00300,HHA STATISTICAL DATA - HHA III,HHA STATISTICAL DATA,HHA III
S4_HHA3_C3_35,Total Charges:  LUPA Episodes,NUMERIC,S430000,S430000,03500,00300,HHA STATISTICAL DATA - HHA III,HHA STATISTICAL DATA,HHA III
S4_HHA3_C3_36,LUPA Episodes:  Total Number of Episodes,NUMERIC,S430000,S430000,03600,00300,HHA STATISTICAL DATA - HHA III,HHA STATISTICAL DATA,HHA III
S4_HHA3_C3_38,LUPA:  Total Non Routine Med Sup Chgs,NUMERIC,S430000,S430000,03800,00300,HHA STATISTICAL DATA - HHA III,HHA STATISTICAL DATA,HHA III
S4_HHA3_C4_33,PEP Episodes:  Total Visits,NUMERIC,S430000,S430000,03300,00400,HHA STATISTICAL DATA - HHA III,HHA STATISTICAL DATA,HHA III
S4_HHA3_C4_34,PEP Episodes:  Other Charges,NUMERIC,S430000,S430000,03400,00400,HHA STATISTICAL DATA - HHA III,HHA STATISTICAL DATA,HHA III
S4_HHA3_C4_35,PEP Episodes:  Total Charges:,NUMERIC,S430000,S430000,03500,00400,HHA STATISTICAL DATA - HHA III,HHA STATISTICAL DATA,HHA III
S4_HHA3_C4_36,PEP Episodes:  Total Number of Episodes,NUMERIC,S430000,S430000,03600,00400,HHA STATISTICAL DATA - HHA III,HHA STATISTICAL DATA,HHA III
S4_HHA3_C4_37,PEP:  Total Number of Outlier Episodes,NUMERIC,S430000,S430000,03700,00400,HHA STATISTICAL DATA - HHA III,HHA STATISTICAL DATA,HHA III
S4_HHA3_C4_38,PEP:  Total Non Routine Med Supply Chgs,NUMERIC,S430000,S430000,03800,00400,HHA STATISTICAL DATA - HHA III,HHA STATISTICAL DATA,HHA III
S4_HHA3_C5_33,Total Visits,NUMERIC,S430000,S430000,03300,00500,HHA STATISTICAL DATA - HHA III,HHA STATISTICAL DATA,HHA III
S4_HHA3_C5_34,Total Other Charges,NUMERIC,S430000,S430000,03400,00500,HHA STATISTICAL DATA - HHA III,HHA STATISTICAL DATA,HHA III
S4_HHA3_C5_35,Total Charges,NUMERIC,S430000,S430000,03500,00500,HHA STATISTICAL DATA - HHA III,HHA STATISTICAL DATA,HHA III
S4_HHA3_C5_36,Total Number of Episodes,NUMERIC,S430000,S430000,03600,00500,HHA STATISTICAL DATA - HHA III,HHA STATISTICAL DATA,HHA III
S4_HHA3_C5_37,Total Number of Outlier Episodes,NUMERIC,S430000,S430000,03700,00500,HHA STATISTICAL DATA - HHA III,HHA STATISTICAL DATA,HHA III
S4_HHA3_C5_38,Total Non Routine Medical  Supply Charges,NUMERIC,S430000,S430000,03800,00500,HHA STATISTICAL DATA - HHA III,HHA STATISTICAL DATA,HHA III
S4_HHA4_C1_33,Without Outliers:  Total Visits,NUMERIC,S440000,S440000,03300,00100,HHA STATISTICAL DATA - HHA IV,HHA STATISTICAL DATA,HHA IV
S4_HHA4_C1_34,Without Outliers:  Other Charges,NUMERIC,S440000,S440000,03400,00100,HHA STATISTICAL DATA - HHA IV,HHA STATISTICAL DATA,HHA IV
S4_HHA4_C1_35,Without Outliers:  Total Charges,NUMERIC,S440000,S440000,03500,00100,HHA STATISTICAL DATA - HHA IV,HHA STATISTICAL DATA,HHA IV
S4_HHA4_C1_36,W/Out Outliers:  Number of Episodes,NUMERIC,S440000,S440000,03600,00100,HHA STATISTICAL DATA - HHA IV,HHA STATISTICAL DATA,HHA IV
S4_HHA4_C1_38,Without Outliers:  Non Routine Med Sup Chgs,NUMERIC,S440000,S440000,03800,00100,HHA STATISTICAL DATA - HHA IV,HHA STATISTICAL DATA,HHA IV
S4_HHA4_C2_33,With Outliers:  Total Visits,NUMERIC,S440000,S440000,03300,00200,HHA STATISTICAL DATA - HHA IV,HHA STATISTICAL DATA,HHA IV
S4_HHA4_C2_34,With Outliers:  Other Charges,NUMERIC,S440000,S440000,03400,00200,HHA STATISTICAL DATA - HHA IV,HHA STATISTICAL DATA,HHA IV
S4_HHA4_C2_35,With Outliers:  Total Charges,NUMERIC,S440000,S440000,03500,00200,HHA STATISTICAL DATA - HHA IV,HHA STATISTICAL DATA,HHA IV
S4_HHA4_C2_37,With Outliers:  Number of Episodes,NUMERIC,S440000,S440000,03700,00200,HHA STATISTICAL DATA - HHA IV,HHA STATISTICAL DATA,HHA IV
S4_HHA4_C2_38,With Outliers:  Non Routine Med Sup Chgs,NUMERIC,S440000,S440000,03800,00200,HHA STATISTICAL DATA - HHA IV,HHA STATISTICAL DATA,HHA IV
S4_HHA4_C3_33,LUPA Episodes:  Total Visits,NUMERIC,S440000,S440000,03300,00300,HHA STATISTICAL DATA - HHA IV,HHA STATISTICAL DATA,HHA IV
S4_HHA4_C3_34,LUPA Episodes:  Other Charges,NUMERIC,S440000,S440000,03400,00300,HHA STATISTICAL DATA - HHA IV,HHA STATISTICAL DATA,HHA IV
S4_HHA4_C3_35,Total Charges:  LUPA Episodes,NUMERIC,S440000,S440000,03500,00300,HHA STATISTICAL DATA - HHA IV,HHA STATISTICAL DATA,HHA IV
S4_HHA4_C3_36,LUPA Episodes:  Total Number of Episodes,NUMERIC,S440000,S440000,03600,00300,HHA STATISTICAL DATA - HHA IV,HHA STATISTICAL DATA,HHA IV
S4_HHA4_C3_38,LUPA:  Total Non Routine Med Sup Chgs,NUMERIC,S440000,S440000,03800,00300,HHA STATISTICAL DATA - HHA IV,HHA STATISTICAL DATA,HHA IV
S4_HHA4_C4_33,PEP Episodes:  Total Visits,NUMERIC,S440000,S440000,03300,00400,HHA STATISTICAL DATA - HHA IV,HHA STATISTICAL DATA,HHA IV
S4_HHA4_C4_34,PEP Episodes:  Other Charges,NUMERIC,S440000,S440000,03400,00400,HHA STATISTICAL DATA - HHA IV,HHA STATISTICAL DATA,HHA IV
S4_HHA4_C4_35,PEP Episodes:  Total Charges:,NUMERIC,S440000,S440000,03500,00400,HHA STATISTICAL DATA - HHA IV,HHA STATISTICAL DATA,HHA IV
S4_HHA4_C4_36,PEP Episodes:  Total Number of Episodes,NUMERIC,S440000,S440000,03600,00400,HHA STATISTICAL DATA - HHA IV,HHA STATISTICAL DATA,HHA IV
S4_HHA4_C4_37,PEP:  Total Number of Outlier Episodes,NUMERIC,S440000,S440000,03700,00400,HHA STATISTICAL DATA - HHA IV,HHA STATISTICAL DATA,HHA IV
S4_HHA4_C4_38,PEP:  Total Non Routine Med Supply Chgs,NUMERIC,S440000,S440000,03800,00400,HHA STATISTICAL DATA - HHA IV,HHA STATISTICAL DATA,HHA IV
S4_HHA4_C5_33,Total Visits,NUMERIC,S440000,S440000,03300,00500,HHA STATISTICAL DATA - HHA IV,HHA STATISTICAL DATA,HHA IV
S4_HHA4_C5_34,Total Other Charges,NUMERIC,S440000,S440000,03400,00500,HHA STATISTICAL DATA - HHA IV,HHA STATISTICAL DATA,HHA IV
S4_HHA4_C5_35,Total Charges,NUMERIC,S440000,S440000,03500,00500,HHA STATISTICAL DATA - HHA IV,HHA STATISTICAL DATA,HHA IV
S4_HHA4_C5_36,Total Number of Episodes,NUMERIC,S440000,S440000,03600,00500,HHA STATISTICAL DATA - HHA IV,HHA STATISTICAL DATA,HHA IV
S4_HHA4_C5_37,Total Number of Outlier Episodes,NUMERIC,S440000,S440000,03700,00500,HHA STATISTICAL DATA - HHA IV,HHA STATISTICAL DATA,HHA IV
S4_HHA4_C5_38,Total Non Routine Medical  Supply Charges,NUMERIC,S440000,S440000,03800,00500,HHA STATISTICAL DATA - HHA IV,HHA STATISTICAL DATA,HHA IV
S4_HHA5_C1_33,Without Outliers:  Total Visits,NUMERIC,S450000,S450000,03300,00100,HHA STATISTICAL DATA - HHA V,HHA STATISTICAL DATA,HHA V
S4_HHA5_C1_34,Without Outliers:  Other Charges,NUMERIC,S450000,S450000,03400,00100,HHA STATISTICAL DATA - HHA V,HHA STATISTICAL DATA,HHA V
S4_HHA5_C1_35,Without Outliers:  Total Charges,NUMERIC,S450000,S450000,03500,00100,HHA STATISTICAL DATA - HHA V,HHA STATISTICAL DATA,HHA V
S4_HHA5_C1_36,W/Out Outliers:  Number of Episodes,NUMERIC,S450000,S450000,03600,00100,HHA STATISTICAL DATA - HHA V,HHA STATISTICAL DATA,HHA V
S4_HHA5_C1_38,Without Outliers:  Non Routine Med Sup Chgs,NUMERIC,S450000,S450000,03800,00100,HHA STATISTICAL DATA - HHA V,HHA STATISTICAL DATA,HHA V
S4_HHA5_C2_33,With Outliers:  Total Visits,NUMERIC,S450000,S450000,03300,00200,HHA STATISTICAL DATA - HHA V,HHA STATISTICAL DATA,HHA V
S4_HHA5_C2_34,With Outliers:  Other Charges,NUMERIC,S450000,S450000,03400,00200,HHA STATISTICAL DATA - HHA V,HHA STATISTICAL DATA,HHA V
S4_HHA5_C2_35,With Outliers:  Total Charges,NUMERIC,S450000,S450000,03500,00200,HHA STATISTICAL DATA - HHA V,HHA STATISTICAL DATA,HHA V
S4_HHA5_C2_37,With Outliers:  Number of Episodes,NUMERIC,S450000,S450000,03700,00200,HHA STATISTICAL DATA - HHA V,HHA STATISTICAL DATA,HHA V
S4_HHA5_C2_38,With Outliers:  Non Routine Med Sup Chgs,NUMERIC,S450000,S450000,03800,00200,HHA STATISTICAL DATA - HHA V,HHA STATISTICAL DATA,HHA V
S4_HHA5_C3_33,LUPA Episodes:  Total Visits,NUMERIC,S450000,S450000,03300,00300,HHA STATISTICAL DATA - HHA V,HHA STATISTICAL DATA,HHA V
S4_HHA5_C3_34,LUPA Episodes:  Other Charges,NUMERIC,S450000,S450000,03400,00300,HHA STATISTICAL DATA - HHA V,HHA STATISTICAL DATA,HHA V
S4_HHA5_C3_35,Total Charges:  LUPA Episodes,NUMERIC,S450000,S450000,03500,00300,HHA STATISTICAL DATA - HHA V,HHA STATISTICAL DATA,HHA V
S4_HHA5_C3_36,LUPA Episodes:  Total Number of Episodes,NUMERIC,S450000,S450000,03600,00300,HHA STATISTICAL DATA - HHA V,HHA STATISTICAL DATA,HHA V
S4_HHA5_C3_38,LUPA:  Total Non Routine Med Sup Chgs,NUMERIC,S450000,S450000,03800,00300,HHA STATISTICAL DATA - HHA V,HHA STATISTICAL DATA,HHA V
S4_HHA5_C4_33,PEP Episodes:  Total Visits,NUMERIC,S450000,S450000,03300,00400,HHA STATISTICAL DATA - HHA V,HHA STATISTICAL DATA,HHA V
S4_HHA5_C4_34,PEP Episodes:  Other Charges,NUMERIC,S450000,S450000,03400,00400,HHA STATISTICAL DATA - HHA V,HHA STATISTICAL DATA,HHA V
S4_HHA5_C4_35,PEP Episodes:  Total Charges:,NUMERIC,S450000,S450000,03500,00400,HHA STATISTICAL DATA - HHA V,HHA STATISTICAL DATA,HHA V
S4_HHA5_C4_36,PEP Episodes:  Total Number of Episodes,NUMERIC,S450000,S450000,03600,00400,HHA STATISTICAL DATA - HHA V,HHA STATISTICAL DATA,HHA V
S4_HHA5_C4_37,PEP:  Total Number of Outlier Episodes,NUMERIC,S450000,S450000,03700,00400,HHA STATISTICAL DATA - HHA V,HHA STATISTICAL DATA,HHA V
S4_HHA5_C4_38,PEP:  Total Non Routine Med Supply Chgs,NUMERIC,S450000,S450000,03800,00400,HHA STATISTICAL DATA - HHA V,HHA STATISTICAL DATA,HHA V
S4_HHA5_C5_33,Total Visits,NUMERIC,S450000,S450000,03300,00500,HHA STATISTICAL DATA - HHA V,HHA STATISTICAL DATA,HHA V
S4_HHA5_C5_34,Total Other Charges,NUMERIC,S450000,S450000,03400,00500,HHA STATISTICAL DATA - HHA V,HHA STATISTICAL DATA,HHA V
S4_HHA5_C5_35,Total Charges,NUMERIC,S450000,S450000,03500,00500,HHA STATISTICAL DATA - HHA V,HHA STATISTICAL DATA,HHA V
S4_HHA5_C5_36,Total Number of Episodes,NUMERIC,S450000,S450000,03600,00500,HHA STATISTICAL DATA - HHA V,HHA STATISTICAL DATA,HHA V
S4_HHA5_C5_37,Total Number of Outlier Episodes,NUMERIC,S450000,S450000,03700,00500,HHA STATISTICAL DATA - HHA V,HHA STATISTICAL DATA,HHA V
S4_HHA5_C5_38,Total Non Routine Medical  Supply Charges,NUMERIC,S450000,S450000,03800,00500,HHA STATISTICAL DATA - HHA V,HHA STATISTICAL DATA,HHA V
S4_HHA6_C1_33,Without Outliers:  Total Visits,NUMERIC,S460000,S460000,03300,00100,HHA STATISTICAL DATA - HHA VI,HHA STATISTICAL DATA,HHA VI
S4_HHA6_C1_34,Without Outliers:  Other Charges,NUMERIC,S460000,S460000,03400,00100,HHA STATISTICAL DATA - HHA VI,HHA STATISTICAL DATA,HHA VI
S4_HHA6_C1_35,Without Outliers:  Total Charges,NUMERIC,S460000,S460000,03500,00100,HHA STATISTICAL DATA - HHA VI,HHA STATISTICAL DATA,HHA VI
S4_HHA6_C1_36,W/Out Outliers:  Number of Episodes,NUMERIC,S460000,S460000,03600,00100,HHA STATISTICAL DATA - HHA VI,HHA STATISTICAL DATA,HHA VI
S4_HHA6_C1_38,Without Outliers:  Non Routine Med Sup Chgs,NUMERIC,S460000,S460000,03800,00100,HHA STATISTICAL DATA - HHA VI,HHA STATISTICAL DATA,HHA VI
S4_HHA6_C2_33,With Outliers:  Total Visits,NUMERIC,S460000,S460000,03300,00200,HHA STATISTICAL DATA - HHA VI,HHA STATISTICAL DATA,HHA VI
S4_HHA6_C2_34,With Outliers:  Other Charges,NUMERIC,S460000,S460000,03400,00200,HHA STATISTICAL DATA - HHA VI,HHA STATISTICAL DATA,HHA VI
S4_HHA6_C2_35,With Outliers:  Total Charges,NUMERIC,S460000,S460000,03500,00200,HHA STATISTICAL DATA - HHA VI,HHA STATISTICAL DATA,HHA VI
S4_HHA6_C2_37,With Outliers:  Number of Episodes,NUMERIC,S460000,S460000,03700,00200,HHA STATISTICAL DATA - HHA VI,HHA STATISTICAL DATA,HHA VI
S4_HHA6_C2_38,With Outliers:  Non Routine Med Sup Chgs,NUMERIC,S460000,S460000,03800,00200,HHA STATISTICAL DATA - HHA VI,HHA STATISTICAL DATA,HHA VI
S4_HHA6_C3_33,LUPA Episodes:  Total Visits,NUMERIC,S460000,S460000,03300,00300,HHA STATISTICAL DATA - HHA VI,HHA STATISTICAL DATA,HHA VI
S4_HHA6_C3_34,LUPA Episodes:  Other Charges,NUMERIC,S460000,S460000,03400,00300,HHA STATISTICAL DATA - HHA VI,HHA STATISTICAL DATA,HHA VI
S4_HHA6_C3_35,Total Charges:  LUPA Episodes,NUMERIC,S460000,S460000,03500,00300,HHA STATISTICAL DATA - HHA VI,HHA STATISTICAL DATA,HHA VI
S4_HHA6_C3_36,LUPA Episodes:  Total Number of Episodes,NUMERIC,S460000,S460000,03600,00300,HHA STATISTICAL DATA - HHA VI,HHA STATISTICAL DATA,HHA VI
S4_HHA6_C3_38,LUPA:  Total Non Routine Med Sup Chgs,NUMERIC,S460000,S460000,03800,00300,HHA STATISTICAL DATA - HHA VI,HHA STATISTICAL DATA,HHA VI
S4_HHA6_C4_33,PEP Episodes:  Total Visits,NUMERIC,S460000,S460000,03300,00400,HHA STATISTICAL DATA - HHA VI,HHA STATISTICAL DATA,HHA VI
S4_HHA6_C4_34,PEP Episodes:  Other Charges,NUMERIC,S460000,S460000,03400,00400,HHA STATISTICAL DATA - HHA VI,HHA STATISTICAL DATA,HHA VI
S4_HHA6_C4_35,PEP Episodes:  Total Charges:,NUMERIC,S460000,S460000,03500,00400,HHA STATISTICAL DATA - HHA VI,HHA STATISTICAL DATA,HHA VI
S4_HHA6_C4_36,PEP Episodes:  Total Number of Episodes,NUMERIC,S460000,S460000,03600,00400,HHA STATISTICAL DATA - HHA VI,HHA STATISTICAL DATA,HHA VI
S4_HHA6_C4_37,PEP:  Total Number of Outlier Episodes,NUMERIC,S460000,S460000,03700,00400,HHA STATISTICAL DATA - HHA VI,HHA STATISTICAL DATA,HHA VI
S4_HHA6_C4_38,PEP:  Total Non Routine Med Supply Chgs,NUMERIC,S460000,S460000,03800,00400,HHA STATISTICAL DATA - HHA VI,HHA STATISTICAL DATA,HHA VI
S4_HHA6_C5_33,Total Visits,NUMERIC,S460000,S460000,03300,00500,HHA STATISTICAL DATA - HHA VI,HHA STATISTICAL DATA,HHA VI
S4_HHA6_C5_34,Total Other Charges,NUMERIC,S460000,S460000,03400,00500,HHA STATISTICAL DATA - HHA VI,HHA STATISTICAL DATA,HHA VI
S4_HHA6_C5_35,Total Charges,NUMERIC,S460000,S460000,03500,00500,HHA STATISTICAL DATA - HHA VI,HHA STATISTICAL DATA,HHA VI
S4_HHA6_C5_36,Total Number of Episodes,NUMERIC,S460000,S460000,03600,00500,HHA STATISTICAL DATA - HHA VI,HHA STATISTICAL DATA,HHA VI
S4_HHA6_C5_37,Total Number of Outlier Episodes,NUMERIC,S460000,S460000,03700,00500,HHA STATISTICAL DATA - HHA VI,HHA STATISTICAL DATA,HHA VI
S4_HHA6_C5_38,Total Non Routine Medical  Supply Charges,NUMERIC,S460000,S460000,03800,00500,HHA STATISTICAL DATA - HHA VI,HHA STATISTICAL DATA,HHA VI
S4_HHA7_C1_33,Without Outliers:  Total Visits,NUMERIC,S470000,S470000,03300,00100,HHA STATISTICAL DATA - HHA VII,HHA STATISTICAL DATA,HHA VII
S4_HHA7_C1_34,Without Outliers:  Other Charges,NUMERIC,S470000,S470000,03400,00100,HHA STATISTICAL DATA - HHA VII,HHA STATISTICAL DATA,HHA VII
S4_HHA7_C1_35,Without Outliers:  Total Charges,NUMERIC,S470000,S470000,03500,00100,HHA STATISTICAL DATA - HHA VII,HHA STATISTICAL DATA,HHA VII
S4_HHA7_C1_36,W/Out Outliers:  Number of Episodes,NUMERIC,S470000,S470000,03600,00100,HHA STATISTICAL DATA - HHA VII,HHA STATISTICAL DATA,HHA VII
S4_HHA7_C1_38,Without Outliers:  Non Routine Med Sup Chgs,NUMERIC,S470000,S470000,03800,00100,HHA STATISTICAL DATA - HHA VII,HHA STATISTICAL DATA,HHA VII
S4_HHA7_C2_33,With Outliers:  Total Visits,NUMERIC,S470000,S470000,03300,00200,HHA STATISTICAL DATA - HHA VII,HHA STATISTICAL DATA,HHA VII
S4_HHA7_C2_34,With Outliers:  Other Charges,NUMERIC,S470000,S470000,03400,00200,HHA STATISTICAL DATA - HHA VII,HHA STATISTICAL DATA,HHA VII
S4_HHA7_C2_35,With Outliers:  Total Charges,NUMERIC,S470000,S470000,03500,00200,HHA STATISTICAL DATA - HHA VII,HHA STATISTICAL DATA,HHA VII
S4_HHA7_C2_37,With Outliers:  Number of Episodes,NUMERIC,S470000,S470000,03700,00200,HHA STATISTICAL DATA - HHA VII,HHA STATISTICAL DATA,HHA VII
S4_HHA7_C2_38,With Outliers:  Non Routine Med Sup Chgs,NUMERIC,S470000,S470000,03800,00200,HHA STATISTICAL DATA - HHA VII,HHA STATISTICAL DATA,HHA VII
S4_HHA7_C3_33,LUPA Episodes:  Total Visits,NUMERIC,S470000,S470000,03300,00300,HHA STATISTICAL DATA - HHA VII,HHA STATISTICAL DATA,HHA VII
S4_HHA7_C3_34,LUPA Episodes:  Other Charges,NUMERIC,S470000,S470000,03400,00300,HHA STATISTICAL DATA - HHA VII,HHA STATISTICAL DATA,HHA VII
S4_HHA7_C3_35,Total Charges:  LUPA Episodes,NUMERIC,S470000,S470000,03500,00300,HHA STATISTICAL DATA - HHA VII,HHA STATISTICAL DATA,HHA VII
S4_HHA7_C3_36,LUPA Episodes:  Total Number of Episodes,NUMERIC,S470000,S470000,03600,00300,HHA STATISTICAL DATA - HHA VII,HHA STATISTICAL DATA,HHA VII
S4_HHA7_C3_38,LUPA:  Total Non Routine Med Sup Chgs,NUMERIC,S470000,S470000,03800,00300,HHA STATISTICAL DATA - HHA VII,HHA STATISTICAL DATA,HHA VII
S4_HHA7_C4_33,PEP Episodes:  Total Visits,NUMERIC,S470000,S470000,03300,00400,HHA STATISTICAL DATA - HHA VII,HHA STATISTICAL DATA,HHA VII
S4_HHA7_C4_34,PEP Episodes:  Other Charges,NUMERIC,S470000,S470000,03400,00400,HHA STATISTICAL DATA - HHA VII,HHA STATISTICAL DATA,HHA VII
S4_HHA7_C4_35,PEP Episodes:  Total Charges:,NUMERIC,S470000,S470000,03500,00400,HHA STATISTICAL DATA - HHA VII,HHA STATISTICAL DATA,HHA VII
S4_HHA7_C4_36,PEP Episodes:  Total Number of Episodes,NUMERIC,S470000,S470000,03600,00400,HHA STATISTICAL DATA - HHA VII,HHA STATISTICAL DATA,HHA VII
S4_HHA7_C4_37,PEP:  Total Number of Outlier Episodes,NUMERIC,S470000,S470000,03700,00400,HHA STATISTICAL DATA - HHA VII,HHA STATISTICAL DATA,HHA VII
S4_HHA7_C4_38,PEP:  Total Non Routine Med Supply Chgs,NUMERIC,S470000,S470000,03800,00400,HHA STATISTICAL DATA - HHA VII,HHA STATISTICAL DATA,HHA VII
S4_HHA7_C5_33,Total Visits,NUMERIC,S470000,S470000,03300,00500,HHA STATISTICAL DATA - HHA VII,HHA STATISTICAL DATA,HHA VII
S4_HHA7_C5_34,Total Other Charges,NUMERIC,S470000,S470000,03400,00500,HHA STATISTICAL DATA - HHA VII,HHA STATISTICAL DATA,HHA VII
S4_HHA7_C5_35,Total Charges,NUMERIC,S470000,S470000,03500,00500,HHA STATISTICAL DATA - HHA VII,HHA STATISTICAL DATA,HHA VII
S4_HHA7_C5_36,Total Number of Episodes,NUMERIC,S470000,S470000,03600,00500,HHA STATISTICAL DATA - HHA VII,HHA STATISTICAL DATA,HHA VII
S4_HHA7_C5_37,Total Number of Outlier Episodes,NUMERIC,S470000,S470000,03700,00500,HHA STATISTICAL DATA - HHA VII,HHA STATISTICAL DATA,HHA VII
S4_HHA7_C5_38,Total Non Routine Medical  Supply Charges,NUMERIC,S470000,S470000,03800,00500,HHA STATISTICAL DATA - HHA VII,HHA STATISTICAL DATA,HHA VII
S4_HHA8_C1_33,Without Outliers:  Total Visits,NUMERIC,S480000,S480000,03300,00100,HHA STATISTICAL DATA - HHA VIII,HHA STATISTICAL DATA,HHA VIII
S4_HHA8_C1_34,Without Outliers:  Other Charges,NUMERIC,S480000,S480000,03400,00100,HHA STATISTICAL DATA - HHA VIII,HHA STATISTICAL DATA,HHA VIII
S4_HHA8_C1_35,Without Outliers:  Total Charges,NUMERIC,S480000,S480000,03500,00100,HHA STATISTICAL DATA - HHA VIII,HHA STATISTICAL DATA,HHA VIII
S4_HHA8_C1_36,W/Out Outliers:  Number of Episodes,NUMERIC,S480000,S480000,03600,00100,HHA STATISTICAL DATA - HHA VIII,HHA STATISTICAL DATA,HHA VIII
S4_HHA8_C1_38,Without Outliers:  Non Routine Med Sup Chgs,NUMERIC,S480000,S480000,03800,00100,HHA STATISTICAL DATA - HHA VIII,HHA STATISTICAL DATA,HHA VIII
S4_HHA8_C2_33,With Outliers:  Total Visits,NUMERIC,S480000,S480000,03300,00200,HHA STATISTICAL DATA - HHA VIII,HHA STATISTICAL DATA,HHA VIII
S4_HHA8_C2_34,With Outliers:  Other Charges,NUMERIC,S480000,S480000,03400,00200,HHA STATISTICAL DATA - HHA VIII,HHA STATISTICAL DATA,HHA VIII
S4_HHA8_C2_35,With Outliers:  Total Charges,NUMERIC,S480000,S480000,03500,00200,HHA STATISTICAL DATA - HHA VIII,HHA STATISTICAL DATA,HHA VIII
S4_HHA8_C2_37,With Outliers:  Number of Episodes,NUMERIC,S480000,S480000,03700,00200,HHA STATISTICAL DATA - HHA VIII,HHA STATISTICAL DATA,HHA VIII
S4_HHA8_C2_38,With Outliers:  Non Routine Med Sup Chgs,NUMERIC,S480000,S480000,03800,00200,HHA STATISTICAL DATA - HHA VIII,HHA STATISTICAL DATA,HHA VIII
S4_HHA8_C3_33,LUPA Episodes:  Total Visits,NUMERIC,S480000,S480000,03300,00300,HHA STATISTICAL DATA - HHA VIII,HHA STATISTICAL DATA,HHA VIII
S4_HHA8_C3_34,LUPA Episodes:  Other Charges,NUMERIC,S480000,S480000,03400,00300,HHA STATISTICAL DATA - HHA VIII,HHA STATISTICAL DATA,HHA VIII
S4_HHA8_C3_35,Total Charges:  LUPA Episodes,NUMERIC,S480000,S480000,03500,00300,HHA STATISTICAL DATA - HHA VIII,HHA STATISTICAL DATA,HHA VIII
S4_HHA8_C3_36,LUPA Episodes:  Total Number of Episodes,NUMERIC,S480000,S480000,03600,00300,HHA STATISTICAL DATA - HHA VIII,HHA STATISTICAL DATA,HHA VIII
S4_HHA8_C3_38,LUPA:  Total Non Routine Med Sup Chgs,NUMERIC,S480000,S480000,03800,00300,HHA STATISTICAL DATA - HHA VIII,HHA STATISTICAL DATA,HHA VIII
S4_HHA8_C4_33,PEP Episodes:  Total Visits,NUMERIC,S480000,S480000,03300,00400,HHA STATISTICAL DATA - HHA VIII,HHA STATISTICAL DATA,HHA VIII
S4_HHA8_C4_34,PEP Episodes:  Other Charges,NUMERIC,S480000,S480000,03400,00400,HHA STATISTICAL DATA - HHA VIII,HHA STATISTICAL DATA,HHA VIII
S4_HHA8_C4_35,PEP Episodes:  Total Charges:,NUMERIC,S480000,S480000,03500,00400,HHA STATISTICAL DATA - HHA VIII,HHA STATISTICAL DATA,HHA VIII
S4_HHA8_C4_36,PEP Episodes:  Total Number of Episodes,NUMERIC,S480000,S480000,03600,00400,HHA STATISTICAL DATA - HHA VIII,HHA STATISTICAL DATA,HHA VIII
S4_HHA8_C4_37,PEP:  Total Number of Outlier Episodes,NUMERIC,S480000,S480000,03700,00400,HHA STATISTICAL DATA - HHA VIII,HHA STATISTICAL DATA,HHA VIII
S4_HHA8_C4_38,PEP:  Total Non Routine Med Supply Chgs,NUMERIC,S480000,S480000,03800,00400,HHA STATISTICAL DATA - HHA VIII,HHA STATISTICAL DATA,HHA VIII
S4_HHA8_C5_33,Total Visits,NUMERIC,S480000,S480000,03300,00500,HHA STATISTICAL DATA - HHA VIII,HHA STATISTICAL DATA,HHA VIII
S4_HHA8_C5_34,Total Other Charges,NUMERIC,S480000,S480000,03400,00500,HHA STATISTICAL DATA - HHA VIII,HHA STATISTICAL DATA,HHA VIII
S4_HHA8_C5_35,Total Charges,NUMERIC,S480000,S480000,03500,00500,HHA STATISTICAL DATA - HHA VIII,HHA STATISTICAL DATA,HHA VIII
S4_HHA8_C5_36,Total Number of Episodes,NUMERIC,S480000,S480000,03600,00500,HHA STATISTICAL DATA - HHA VIII,HHA STATISTICAL DATA,HHA VIII
S4_HHA8_C5_37,Total Number of Outlier Episodes,NUMERIC,S480000,S480000,03700,00500,HHA STATISTICAL DATA - HHA VIII,HHA STATISTICAL DATA,HHA VIII
S4_HHA8_C5_38,Total Non Routine Medical  Supply Charges,NUMERIC,S480000,S480000,03800,00500,HHA STATISTICAL DATA - HHA VIII,HHA STATISTICAL DATA,HHA VIII
S4_HHA9_C1_33,Without Outliers:  Total Visits,NUMERIC,S490000,S490000,03300,00100,HHA STATISTICAL DATA - HHA IX,HHA STATISTICAL DATA,HHA IX
S4_HHA9_C1_34,Without Outliers:  Other Charges,NUMERIC,S490000,S490000,03400,00100,HHA STATISTICAL DATA - HHA IX,HHA STATISTICAL DATA,HHA IX
S4_HHA9_C1_35,Without Outliers:  Total Charges,NUMERIC,S490000,S490000,03500,00100,HHA STATISTICAL DATA - HHA IX,HHA STATISTICAL DATA,HHA IX
S4_HHA9_C1_36,W/Out Outliers:  Number of Episodes,NUMERIC,S490000,S490000,03600,00100,HHA STATISTICAL DATA - HHA IX,HHA STATISTICAL DATA,HHA IX
S4_HHA9_C1_38,Without Outliers:  Non Routine Med Sup Chgs,NUMERIC,S490000,S490000,03800,00100,HHA STATISTICAL DATA - HHA IX,HHA STATISTICAL DATA,HHA IX
S4_HHA9_C2_33,With Outliers:  Total Visits,NUMERIC,S490000,S490000,03300,00200,HHA STATISTICAL DATA - HHA IX,HHA STATISTICAL DATA,HHA IX
S4_HHA9_C2_34,With Outliers:  Other Charges,NUMERIC,S490000,S490000,03400,00200,HHA STATISTICAL DATA - HHA IX,HHA STATISTICAL DATA,HHA IX
S4_HHA9_C2_35,With Outliers:  Total Charges,NUMERIC,S490000,S490000,03500,00200,HHA STATISTICAL DATA - HHA IX,HHA STATISTICAL DATA,HHA IX
S4_HHA9_C2_37,With Outliers:  Number of Episodes,NUMERIC,S490000,S490000,03700,00200,HHA STATISTICAL DATA - HHA IX,HHA STATISTICAL DATA,HHA IX
S4_HHA9_C2_38,With Outliers:  Non Routine Med Sup Chgs,NUMERIC,S490000,S490000,03800,00200,HHA STATISTICAL DATA - HHA IX,HHA STATISTICAL DATA,HHA IX
S4_HHA9_C3_33,LUPA Episodes:  Total Visits,NUMERIC,S490000,S490000,03300,00300,HHA STATISTICAL DATA - HHA IX,HHA STATISTICAL DATA,HHA IX
S4_HHA9_C3_34,LUPA Episodes:  Other Charges,NUMERIC,S490000,S490000,03400,00300,HHA STATISTICAL DATA - HHA IX,HHA STATISTICAL DATA,HHA IX
S4_HHA9_C3_35,Total Charges:  LUPA Episodes,NUMERIC,S490000,S490000,03500,00300,HHA STATISTICAL DATA - HHA IX,HHA STATISTICAL DATA,HHA IX
S4_HHA9_C3_36,LUPA Episodes:  Total Number of Episodes,NUMERIC,S490000,S490000,03600,00300,HHA STATISTICAL DATA - HHA IX,HHA STATISTICAL DATA,HHA IX
S4_HHA9_C3_38,LUPA:  Total Non Routine Med Sup Chgs,NUMERIC,S490000,S490000,03800,00300,HHA STATISTICAL DATA - HHA IX,HHA STATISTICAL DATA,HHA IX
S4_HHA9_C4_33,PEP Episodes:  Total Visits,NUMERIC,S490000,S490000,03300,00400,HHA STATISTICAL DATA - HHA IX,HHA STATISTICAL DATA,HHA IX
S4_HHA9_C4_34,PEP Episodes:  Other Charges,NUMERIC,S490000,S490000,03400,00400,HHA STATISTICAL DATA - HHA IX,HHA STATISTICAL DATA,HHA IX
S4_HHA9_C4_35,PEP Episodes:  Total Charges:,NUMERIC,S490000,S490000,03500,00400,HHA STATISTICAL DATA - HHA IX,HHA STATISTICAL DATA,HHA IX
S4_HHA9_C4_36,PEP Episodes:  Total Number of Episodes,NUMERIC,S490000,S490000,03600,00400,HHA STATISTICAL DATA - HHA IX,HHA STATISTICAL DATA,HHA IX
S4_HHA9_C4_37,PEP:  Total Number of Outlier Episodes,NUMERIC,S490000,S490000,03700,00400,HHA STATISTICAL DATA - HHA IX,HHA STATISTICAL DATA,HHA IX
S4_HHA9_C4_38,PEP:  Total Non Routine Med Supply Chgs,NUMERIC,S490000,S490000,03800,00400,HHA STATISTICAL DATA - HHA IX,HHA STATISTICAL DATA,HHA IX
S4_HHA9_C5_33,Total Visits,NUMERIC,S490000,S490000,03300,00500,HHA STATISTICAL DATA - HHA IX,HHA STATISTICAL DATA,HHA IX
S4_HHA9_C5_34,Total Other Charges,NUMERIC,S490000,S490000,03400,00500,HHA STATISTICAL DATA - HHA IX,HHA STATISTICAL DATA,HHA IX
S4_HHA9_C5_35,Total Charges,NUMERIC,S490000,S490000,03500,00500,HHA STATISTICAL DATA - HHA IX,HHA STATISTICAL DATA,HHA IX
S4_HHA9_C5_36,Total Number of Episodes,NUMERIC,S490000,S490000,03600,00500,HHA STATISTICAL DATA - HHA IX,HHA STATISTICAL DATA,HHA IX
S4_HHA9_C5_37,Total Number of Outlier Episodes,NUMERIC,S490000,S490000,03700,00500,HHA STATISTICAL DATA - HHA IX,HHA STATISTICAL DATA,HHA IX
S4_HHA9_C5_38,Total Non Routine Medical  Supply Charges,NUMERIC,S490000,S490000,03800,00500,HHA STATISTICAL DATA - HHA IX,HHA STATISTICAL DATA,HHA IX
S5_C1_10,"Percentage of patients re-using
dialyzers",NUMERIC,S500000,S500000,01000,00100,RENAL STATISTICAL DATA,RENAL STATISTICAL DATA,nan
S5_C1_12,"Number of patients transplanted 
during fiscal year",NUMERIC,S500000,S500000,01200,00100,RENAL STATISTICAL DATA,RENAL STATISTICAL DATA,nan
S5_C1_13,"Net costs of Epoietin furnished to
all maintenance dialysis patients
by the provider",NUMERIC,S500000,S500000,01300,00100,RENAL STATISTICAL DATA,RENAL STATISTICAL DATA,nan
S5_C1_14,"Epoietin amount form worksheet A
for home dialysis program",NUMERIC,S500000,S500000,01400,00100,RENAL STATISTICAL DATA,RENAL STATISTICAL DATA,nan
S5_C1_15,Number of EPO units furnished for Line 13,NUMERIC,S500000,S500000,01500,00100,RENAL STATISTICAL DATA,RENAL STATISTICAL DATA,nan
S5_C1_9,Average times dialyzers re-used,NUMERIC,S500000,S500000,00900,00100,RENAL STATISTICAL DATA,RENAL STATISTICAL DATA,nan
S5_C2_1,"Number of patients in program at 
end of cost reporting period",NUMERIC,S500000,S500000,00100,00200,RENAL STATISTICAL DATA,RENAL STATISTICAL DATA,nan
S5_C2_10,"Percentage of patients re-using
dialyzers",NUMERIC,S500000,S500000,01000,00200,RENAL STATISTICAL DATA,RENAL STATISTICAL DATA,nan
S5_C2_2,"Number of Times per week
 Patient receives Dialysis",NUMERIC,S500000,S500000,00200,00200,RENAL STATISTICAL DATA,RENAL STATISTICAL DATA,nan
S5_C2_3,"Average patient dialysis time 
including setup",NUMERIC,S500000,S500000,00300,00200,RENAL STATISTICAL DATA,RENAL STATISTICAL DATA,nan
S5_C2_5,"Number of days in year dialysis 
furnished",NUMERIC,S500000,S500000,00500,00200,RENAL STATISTICAL DATA,RENAL STATISTICAL DATA,nan
S5_C2_6,Number of stations,NUMERIC,S500000,S500000,00600,00200,RENAL STATISTICAL DATA,RENAL STATISTICAL DATA,nan
S5_C2_7,"Treatment capacity per day per
station",NUMERIC,S500000,S500000,00700,00200,RENAL STATISTICAL DATA,RENAL STATISTICAL DATA,nan
S5_C2_8,Utilization,NUMERIC,S500000,S500000,00800,00200,RENAL STATISTICAL DATA,RENAL STATISTICAL DATA,nan
S5_C2_9,Average times dialyzers re-used,NUMERIC,S500000,S500000,00900,00200,RENAL STATISTICAL DATA,RENAL STATISTICAL DATA,nan
S5_C3_1,"Number of patients in program at 
end of cost reporting period",NUMERIC,S500000,S500000,00100,00300,RENAL STATISTICAL DATA,RENAL STATISTICAL DATA,nan
S5_C3_2,"Number of Times per week 
Patient receives Dialysis",NUMERIC,S500000,S500000,00200,00300,RENAL STATISTICAL DATA,RENAL STATISTICAL DATA,nan
S5_C3_3,"Average patient dialysis time 
including setup",NUMERIC,S500000,S500000,00300,00300,RENAL STATISTICAL DATA,RENAL STATISTICAL DATA,nan
S5_C3_6,Number of stations,NUMERIC,S500000,S500000,00600,00300,RENAL STATISTICAL DATA,RENAL STATISTICAL DATA,nan
S5_C4_1,"Number of patients in program at 
end of cost reporting period",NUMERIC,S500000,S500000,00100,00400,RENAL STATISTICAL DATA,RENAL STATISTICAL DATA,nan
S5_C4_2,"Number of Times per week
 Patient receives Dialysis",NUMERIC,S500000,S500000,00200,00400,RENAL STATISTICAL DATA,RENAL STATISTICAL DATA,nan
S5_C4_3,"Average patient dialysis time 
including setup",NUMERIC,S500000,S500000,00300,00400,RENAL STATISTICAL DATA,RENAL STATISTICAL DATA,nan
S5_C4_4,CAPD exchanges per day,NUMERIC,S500000,S500000,00400,00400,RENAL STATISTICAL DATA,RENAL STATISTICAL DATA,nan
S5_C4_6,Number of stations,NUMERIC,S500000,S500000,00600,00400,RENAL STATISTICAL DATA,RENAL STATISTICAL DATA,nan
S5_C5_2,"Number of days in year dialysis 
furnished",NUMERIC,S500000,S500000,00200,00500,RENAL STATISTICAL DATA,RENAL STATISTICAL DATA,nan
S5_C6_4,CAPD exchanges per day,NUMERIC,S500000,S500000,00400,00600,RENAL STATISTICAL DATA,RENAL STATISTICAL DATA,nan
A7_1_C1_10,Total,NUMERIC,A700001,"A-7, Part I: Capital Assets",01000,00100,ANALYSIS OF CHANGES IN NEW CAPITAL BALANCES - Beginning Balances,ANALYSIS OF CHANGES IN NEW CAPITAL BALANCES,Beginning Balances
A7_1_C1_5,Fixed Equipment,NUMERIC,A700001,"A-7, Part I: Capital Assets",00500,00100,ANALYSIS OF CHANGES IN NEW CAPITAL BALANCES - Beginning Balances,ANALYSIS OF CHANGES IN NEW CAPITAL BALANCES,Beginning Balances
A7_1_C1_6,Movable Equipment,NUMERIC,A700001,"A-7, Part I: Capital Assets",00600,00100,ANALYSIS OF CHANGES IN NEW CAPITAL BALANCES - Beginning Balances,ANALYSIS OF CHANGES IN NEW CAPITAL BALANCES,Beginning Balances
A7_1_C1_8,Subtotal,NUMERIC,A700001,"A-7, Part I: Capital Assets",00800,00100,ANALYSIS OF CHANGES IN NEW CAPITAL BALANCES - Beginning Balances,ANALYSIS OF CHANGES IN NEW CAPITAL BALANCES,Beginning Balances
A7_1_C2_10,Total,NUMERIC,A700001,"A-7, Part I: Capital Assets",01000,00200,ANALYSIS OF CHANGES IN NEW CAPITAL BALANCES - Purchases,ANALYSIS OF CHANGES IN NEW CAPITAL BALANCES,Purchases
A7_1_C2_5,Fixed Equipment,NUMERIC,A700001,"A-7, Part I: Capital Assets",00500,00200,ANALYSIS OF CHANGES IN NEW CAPITAL BALANCES - Purchases,ANALYSIS OF CHANGES IN NEW CAPITAL BALANCES,Purchases
A7_1_C2_8,Subtotal,NUMERIC,A700001,"A-7, Part I: Capital Assets",00800,00200,ANALYSIS OF CHANGES IN NEW CAPITAL BALANCES - Purchases,ANALYSIS OF CHANGES IN NEW CAPITAL BALANCES,Purchases
A7_1_C5_10,Total,NUMERIC,A700001,"A-7, Part I: Capital Assets",01000,00500,ANALYSIS OF CHANGES IN NEW CAPITAL BALANCES - Disposals and Retirements,ANALYSIS OF CHANGES IN NEW CAPITAL BALANCES,Disposals and Retirements
A7_1_C5_6,Movable Equipment,NUMERIC,A700001,"A-7, Part I: Capital Assets",00600,00500,ANALYSIS OF CHANGES IN NEW CAPITAL BALANCES - Disposals and Retirements,ANALYSIS OF CHANGES IN NEW CAPITAL BALANCES,Disposals and Retirements
A7_1_C5_8,Subtotal,NUMERIC,A700001,"A-7, Part I: Capital Assets",00800,00500,ANALYSIS OF CHANGES IN NEW CAPITAL BALANCES - Disposals and Retirements,ANALYSIS OF CHANGES IN NEW CAPITAL BALANCES,Disposals and Retirements
A7_3_C15_3,Total,NUMERIC,A700003,"A-7, Part III: Capital Assets",00300,01500,RECONCILIATION OF CAPITAL COST CENTERS - Total,RECONCILIATION OF CAPITAL COST CENTERS,Total
A7_3_C9_3,Total,NUMERIC,A700003,"A-7, Part III: Capital Assets",00300,00900,RECONCILIATION OF CAPITAL COST CENTERS - Depreciation,RECONCILIATION OF CAPITAL COST CENTERS,Depreciation
A8_C2_10,Provider-based physician adjustment,NUMERIC,A800000,A-8: Adjustments to Expenses,01000,00200,Reclassification,ADJUSTMENTS,nan
A8_C2_50,Total,NUMERIC,A800000,A-8: Adjustments to Expenses,05000,00200,Reclassification,ADJUSTMENTS,nan
A_C1_200,Total Salaries,NUMERIC,A000000,A: Reclassification & Adjustment of Trial Balance,20000,00100,Salaries,TRIAL BALANCE OF EXPENSE ACCOUNTS,nan
A_C1_30,Adults and Pediatrics,NUMERIC,A000000,A: Reclassification & Adjustment of Trial Balance,03000,00100,Salaries,TRIAL BALANCE OF EXPENSE ACCOUNTS,nan
A_C1_74,Renal Dialysis,NUMERIC,A000000,A: Reclassification & Adjustment of Trial Balance,07400,00100,Salaries,TRIAL BALANCE OF EXPENSE ACCOUNTS,nan
A_C2_200,Total Salaries,NUMERIC,A000000,A: Reclassification & Adjustment of Trial Balance,20000,00200,Other Costs,TRIAL BALANCE OF EXPENSE ACCOUNTS,nan
A_C2_30,Adults and Pediatrics,NUMERIC,A000000,A: Reclassification & Adjustment of Trial Balance,03000,00200,Other Costs,TRIAL BALANCE OF EXPENSE ACCOUNTS,nan
A_C2_74,Renal Dialysis,NUMERIC,A000000,A: Reclassification & Adjustment of Trial Balance,07400,00200,Other Costs,TRIAL BALANCE OF EXPENSE ACCOUNTS,nan
A_C6_200,Total Salaries,NUMERIC,A000000,A: Reclassification & Adjustment of Trial Balance,20000,00600,Reclassified Net Expenses,TRIAL BALANCE OF EXPENSE ACCOUNTS,nan
A_C6_30,Adults and Pediatrics,NUMERIC,A000000,A: Reclassification & Adjustment of Trial Balance,03000,00600,Reclassified Net Expenses,TRIAL BALANCE OF EXPENSE ACCOUNTS,nan
B_1_C0_200,Total,NUMERIC,B000001,"B, Part I: Cost Allocation - General",20200,00000,Statistical Basis / Cost Center,COST ALLOCATION,Net Expense for Cost Allocation
B_1_C0_30,Adults and Pediatrics,NUMERIC,B000001,"B, Part I: Cost Allocation - General",03000,00000,Statistical Basis / Cost Center,COST ALLOCATION,Net Expense for Cost Allocation
B_1_C0_43,Nursery,NUMERIC,B000001,"B, Part I: Cost Allocation - General",04300,00000,Statistical Basis / Cost Center,COST ALLOCATION,Net Expense for Cost Allocation
B_1_C0_74,Renal Dialysis,NUMERIC,B000001,"B, Part I: Cost Allocation - General",07400,00000,Statistical Basis / Cost Center,COST ALLOCATION,Net Expense for Cost Allocation
B_1_C26_202,Total,NUMERIC,B000001,"B, Part I: Cost Allocation - General",20200,02600,Stat Basis / Total,COST ALLOCATION,nan
B_1_C26_30,Adults and Pediatrics,NUMERIC,B000001,"B, Part I: Cost Allocation - General",03000,02600,Stat Basis / Total,COST ALLOCATION,nan
B_1_C26_43,Nursery,NUMERIC,B000001,"B, Part I: Cost Allocation - General",04300,02600,Stat Basis / Total,COST ALLOCATION,nan
B_1_C26_74,Renal Dialysis,NUMERIC,B000001,"B, Part I: Cost Allocation - General",07400,02600,Stat Basis / Total,COST ALLOCATION,nan
B_2_C0_202,Total Directly Assigned New Cap Rel Csts,NUMERIC,B000002,"B, Part II: Cost Allocation",20200,00000,ALLOCATION OF NEW CAPITAL COSTS - TOTAL CAPITAL COSTS AFTER COST ALLOCATION,ALLOCATION OF NEW CAPITAL COSTS,TOTAL CAPITAL COSTS AFTER COST ALLOCATION
B_2_C26_201,Negative Cost Centers,NUMERIC,B000002,"B, Part II: Cost Allocation",20100,02600,ALLOCATION OF NEW CAPITAL COSTS - TOTAL CAPITAL COSTS AFTER COST ALLOCATION,ALLOCATION OF NEW CAPITAL COSTS,nan
B_2_C26_202,Total,NUMERIC,B000002,"B, Part II: Cost Allocation",20200,02600,ALLOCATION OF NEW CAPITAL COSTS - TOTAL CAPITAL COSTS AFTER COST ALLOCATION,ALLOCATION OF NEW CAPITAL COSTS,nan
B_2_C26_30,Adults & Pediatrics,NUMERIC,B000002,"B, Part II: Cost Allocation",03000,02600,ALLOCATION OF NEW CAPITAL COSTS - TOTAL CAPITAL COSTS AFTER COST ALLOCATION,ALLOCATION OF NEW CAPITAL COSTS,TOTAL CAPITAL COSTS AFTER COST ALLOCATION
B_2_C26_43,Nursery,NUMERIC,B000002,"B, Part II: Cost Allocation",04300,02600,ALLOCATION OF NEW CAPITAL COSTS - TOTAL CAPITAL COSTS AFTER COST ALLOCATION,ALLOCATION OF NEW CAPITAL COSTS,TOTAL CAPITAL COSTS AFTER COST ALLOCATION
B_2_C26_74,Renal Dialysis,NUMERIC,B000002,"B, Part II: Cost Allocation",07400,02600,ALLOCATION OF NEW CAPITAL COSTS - TOTAL CAPITAL COSTS AFTER COST ALLOCATION,ALLOCATION OF NEW CAPITAL COSTS,nan
C_1_C3_202,Total,NUMERIC,C000001,"C, Part I: Ancillary & Outpatient Cost",20200,00300,COMPUTATION OF RATIO OF COST TO CHARGES,COMPUTATION OF RATIO OF COST TO CHARGES,nan
C_1_C5_200,Subtotal,NUMERIC,C000001,"C, Part I: Ancillary & Outpatient Cost",20000,00500,Medicare Charges (Title XVIII PPS),COMPUTATION OF RATIO OF COST TO CHARGES,nan
C_1_C5_201,Less Observation Beds,NUMERIC,C000001,"C, Part I: Ancillary & Outpatient Cost",20100,00500,Medicare Charges (Title XVIII PPS),COMPUTATION OF RATIO OF COST TO CHARGES,nan
C_1_C5_202,Total,NUMERIC,C000001,"C, Part I: Ancillary & Outpatient Cost",20200,00500,Medicare Charges (Title XVIII PPS),COMPUTATION OF RATIO OF COST TO CHARGES,nan
C_1_C5_30,Adults & Pediatrics,NUMERIC,C000001,"C, Part I: Ancillary & Outpatient Cost",03000,00500,Medicare Charges (Title XVIII PPS),COMPUTATION OF RATIO OF COST TO CHARGES,nan
C_1_C5_43,Nursery,NUMERIC,C000001,"C, Part I: Ancillary & Outpatient Cost",04300,00500,Medicare Charges (Title XVIII PPS),COMPUTATION OF RATIO OF COST TO CHARGES,nan
C_1_C5_74,Renal Dialysis,NUMERIC,C000001,"C, Part I: Ancillary & Outpatient Cost",07400,00500,Medicare Charges (Title XVIII PPS),COMPUTATION OF RATIO OF COST TO CHARGES,nan
C_1_C6_200,Subtotal,NUMERIC,C000001,"C, Part I: Ancillary & Outpatient Cost",20000,00600,Medicare Charges (Title XVIII Other),COMPUTATION OF RATIO OF COST TO CHARGES,nan
C_1_C6_202,Total,NUMERIC,C000001,"C, Part I: Ancillary & Outpatient Cost",20200,00600,Medicare Charges (Title XVIII Other),COMPUTATION OF RATIO OF COST TO CHARGES,nan
C_1_C6_30,Adults & Pediatrics,NUMERIC,C000001,"C, Part I: Ancillary & Outpatient Cost",03000,00600,Medicare Charges (Title XVIII Other),COMPUTATION OF RATIO OF COST TO CHARGES,Total Inpatient Charges
C_1_C6_43,Nursery,NUMERIC,C000001,"C, Part I: Ancillary & Outpatient Cost",04300,00600,Medicare Charges (Title XVIII Other),COMPUTATION OF RATIO OF COST TO CHARGES,Total Inpatient Charges
C_1_C6_74,Renal Dialysis,NUMERIC,C000001,"C, Part I: Ancillary & Outpatient Cost",07400,00600,Medicare Charges (Title XVIII Other),COMPUTATION OF RATIO OF COST TO CHARGES,nan
C_1_C7_200,Subtotal,NUMERIC,C000001,"C, Part I: Ancillary & Outpatient Cost",20000,00700,Total Medicare Charges (Title XVIII),COMPUTATION OF RATIO OF COST TO CHARGES,nan
C_1_C7_202,Total,NUMERIC,C000001,"C, Part I: Ancillary & Outpatient Cost",20200,00700,Total Medicare Charges (Title XVIII),COMPUTATION OF RATIO OF COST TO CHARGES,nan
C_1_C7_74,Renal Dialysis,NUMERIC,C000001,"C, Part I: Ancillary & Outpatient Cost",07400,00700,Total Medicare Charges (Title XVIII),COMPUTATION OF RATIO OF COST TO CHARGES,nan
C_1_C8_202,Total,NUMERIC,C000001,"C, Part I: Ancillary & Outpatient Cost",20200,00800,COMPUTATION OF RATIO OF COST TO CHARGES,COMPUTATION OF RATIO OF COST TO CHARGES,nan
D1_HOS_C1_27,net of Swing Bed Cost,NUMERIC,D10A181,D-1: Apportionment - Hospital (Old Age),02700,00100,Cost per Diem,COMPUTATION OF INPATIENT OPERATING COSTS,General Inpatient Routine Service Cost
D1_HOS_C1_37,net of Swing Bed and Private Room Diff,NUMERIC,D10A181,D-1: Apportionment - Hospital (Old Age),03700,00100,Cost per Diem,COMPUTATION OF INPATIENT OPERATING COSTS,General Inpatient Routine Service Cost
D1_HOS_C1_41,Total Program General Inpatient Routine,NUMERIC,D10A181,D-1: Apportionment - Hospital (Old Age),04100,00100,Cost per Diem,COMPUTATION OF INPATIENT OPERATING COSTS,nan
D1_HOS_C1_48,Program Inpatient Ancillary Service Cost,NUMERIC,D10A181,D-1: Apportionment - Hospital (Old Age),04800,00100,Cost per Diem,COMPUTATION OF INPATIENT OPERATING COSTS,nan
D1_HOS_C1_49,Total Program Inpatient Costs,NUMERIC,D10A181,D-1: Apportionment - Hospital (Old Age),04900,00100,Cost per Diem,COMPUTATION OF INPATIENT OPERATING COSTS,nan
D1_HOS_C1_50,Pass through Cost for Program Inpatient Routine,NUMERIC,D10A181,D-1: Apportionment - Hospital (Old Age),05000,00100,Cost per Diem,COMPUTATION OF INPATIENT OPERATING COSTS,nan
D1_HOS_C1_51,Pass Through Cost for  Program Ancillary,NUMERIC,D10A181,D-1: Apportionment - Hospital (Old Age),05100,00100,Cost per Diem,COMPUTATION OF INPATIENT OPERATING COSTS,nan
D1_HOS_C1_52,Total Program Excludable Costs,NUMERIC,D10A181,D-1: Apportionment - Hospital (Old Age),05200,00100,Cost per Diem,COMPUTATION OF INPATIENT OPERATING COSTS,nan
D1_HOS_C1_53,"Anesthetist, and Medical Education Costs",NUMERIC,D10A181,D-1: Apportionment - Hospital (Old Age),05300,00100,Cost per Diem,COMPUTATION OF INPATIENT OPERATING COSTS,"Total Program Inpatient Operating Cost excluding Capital Related, Nonphysician"
D3_HOS_C2_200,TOTAL,NUMERIC,D30A180,D-3: Apportionment - Hospital,20000,00200,Medicare Charges,INPATIENT ANCILLARY SERVICE COST APPORTIONMENT,nan
D3_HOS_C2_202,Total,NUMERIC,D30A180,D-3: Apportionment - Hospital,20200,00200,Medicare Charges,INPATIENT ANCILLARY SERVICE COST APPORTIONMENT,nan
D3_HOS_C2_30,Adults and Pediatrics,NUMERIC,D30A180,D-3: Apportionment - Hospital,03000,00200,Medicare Charges,INPATIENT ANCILLARY SERVICE COST APPORTIONMENT,nan
D3_HOS_C2_74,Renal Dialysis,NUMERIC,D30A180,D-3: Apportionment - Hospital,07400,00200,Medicare Charges,INPATIENT ANCILLARY SERVICE COST APPORTIONMENT,nan
D3_HOS_C3_200,TOTAL,NUMERIC,D30A180,D-3: Apportionment - Hospital,20000,00300,Cost / Charge Ratio,INPATIENT ANCILLARY SERVICE COST APPORTIONMENT,nan
D3_HOS_C3_74,Renal Dialysis,NUMERIC,D30A180,D-3: Apportionment - Hospital,07400,00300,Cost / Charge Ratio,INPATIENT ANCILLARY SERVICE COST APPORTIONMENT,nan
D_1_HOS_C4_200,Total,NUMERIC,D00A181,"D, Part I: Apportionment - Hospital",20000,00400,Title XVIII Days,APPORTIONMENT OF INPATIENT ROUTINE SERVICE CAPITAL COSTS,nan
D_1_HOS_C4_30,Adults & Pediatrics,NUMERIC,D00A181,"D, Part I: Apportionment - Hospital",03000,00400,Title XVIII Days,APPORTIONMENT OF INPATIENT ROUTINE SERVICE CAPITAL COSTS,nan
D_1_HOS_C4_43,Nursery,NUMERIC,D00A181,"D, Part I: Apportionment - Hospital",04300,00400,Title XVIII Days,APPORTIONMENT OF INPATIENT ROUTINE SERVICE CAPITAL COSTS,nan
D_1_HOS_C6_200,Total,NUMERIC,D00A181,"D, Part I: Apportionment - Hospital",20000,00600,Title XVIII Discharges,APPORTIONMENT OF INPATIENT ROUTINE SERVICE CAPITAL COSTS,nan
D_1_HOS_C6_30,Adults & Pediatrics,NUMERIC,D00A181,"D, Part I: Apportionment - Hospital",03000,00600,Title XVIII Discharges,APPORTIONMENT OF INPATIENT ROUTINE SERVICE CAPITAL COSTS,nan
D_1_HOS_C7_200,Total,NUMERIC,D00A181,"D, Part I: Apportionment - Hospital",20000,00700,Total Days,APPORTIONMENT OF INPATIENT ROUTINE SERVICE CAPITAL COSTS,nan
D_1_HOS_C7_30,Adults & Pediatrics,NUMERIC,D00A181,"D, Part I: Apportionment - Hospital",03000,00700,Total Days,APPORTIONMENT OF INPATIENT ROUTINE SERVICE CAPITAL COSTS,nan
D_2_HOS_C5_200,Total Salaries,NUMERIC,D00A182,"D, Part II: Apportionment - Hospital",20000,00500,Settlement Amount,APPORTIONMENT OF INPATIENT ANCILLARY SERVICE CAPITAL COSTS,nan
D_2_HOS_C5_74,Hospital | Line 74 | Col 5,NUMERIC,D00A182,"D, Part II: Apportionment - Hospital",07400,00500,Settlement Amount,nan,nan
D_2_HOS_C5_92,Hospital | Line 92 | Col 5,NUMERIC,D00A182,"D, Part II: Apportionment - Hospital",09200,00500,Settlement Amount,nan,nan
D_3_HOS_C6_200,Total Patient Days,NUMERIC,D00A183,"D, Part III: Apportionment - Hospital",20000,00600,APPORTIONMENT OF INPATIENT ROUTINE SERVICE OTHER PASS THROUGH COSTS,APPORTIONMENT OF INPATIENT ROUTINE SERVICE OTHER PASS THROUGH COSTS,nan
D_3_HOS_C8_200,Total Inpatient Program Days,NUMERIC,D00A183,"D, Part III: Apportionment - Hospital",20000,00800,APPORTIONMENT OF INPATIENT ROUTINE SERVICE OTHER PASS THROUGH COSTS,APPORTIONMENT OF INPATIENT ROUTINE SERVICE OTHER PASS THROUGH COSTS,nan
D_4_HOS_C12_200,Total,NUMERIC,D00A184,"D, Part IV: Apportionment - Hospital",20000,01200,Amount Due To/From Provider,APPORTIONMENT OF INPATIENT/OUTPATIENT ANCILLARY SERVICE OTHER PASS THROUGH COSTS,nan
D_4_HOS_C12_74,Renal Dialysis,NUMERIC,D00A184,"D, Part IV: Apportionment - Hospital",07400,01200,Amount Due To/From Provider,APPORTIONMENT OF INPATIENT/OUTPATIENT ANCILLARY SERVICE OTHER PASS THROUGH COSTS,nan
D_5_HOS_C2_200,Total,NUMERIC,D00A185,"D, Part V: Apportionment - Hospital",20000,00200,APPORTIONMENT OF MEDICAL AND OTHER HEALTH SERVICES - PPS REIMBURSED SERVICES -  CHARGES,APPORTIONMENT OF MEDICAL AND OTHER HEALTH SERVICES,PPS REIMBURSED SERVICES -  CHARGES
D_5_HOS_C2_74,Renal Dialysis,NUMERIC,D00A185,"D, Part V: Apportionment - Hospital",07400,00200,APPORTIONMENT OF MEDICAL AND OTHER HEALTH SERVICES - PPS REIMBURSED SERVICES -  CHARGES,APPORTIONMENT OF MEDICAL AND OTHER HEALTH SERVICES,PPS REIMBURSED SERVICES -  CHARGES
D_5_HOS_C5_200,Total,NUMERIC,D00A185,"D, Part V: Apportionment - Hospital",20000,00500,APPORTIONMENT OF MEDICAL AND OTHER HEALTH SERVICES - PPS SERVICES COST,APPORTIONMENT OF MEDICAL AND OTHER HEALTH SERVICES,PPS SERVICES COST
D_5_HOS_C5_74,Renal Dialysis,NUMERIC,D00A185,"D, Part V: Apportionment - Hospital",07400,00500,APPORTIONMENT OF MEDICAL AND OTHER HEALTH SERVICES - PPS SERVICES COST,APPORTIONMENT OF MEDICAL AND OTHER HEALTH SERVICES,PPS SERVICES COST
E2_SWSNF_C1_5,Swing Bed SNF | Line 5 | Col 1,NUMERIC,E20F180,E-2: Swing Bed SNF,00500,00100,CALCULATION OF REIMBURSEMENT SETTLEMENT,CALCULATION OF REIMBURSEMENT SETTLEMENT,nan
E5_C1_1,Line 1 | Col 1,UNKNOWN,,,1,1,,nan,nan
E5_C1_2,Line 2 | Col 1,UNKNOWN,,,2,1,,nan,nan
E_A_HOS_C1_101,Hospital | Line 1.01 | Col 1,NUMERIC,E00A18A,"E, Part A: Settlement - Hospital",00101,00100,Amount,nan,nan
E_A_HOS_C1_102,Hospital | Line 1.02 | Col 1,NUMERIC,E00A18A,"E, Part A: Settlement - Hospital",00102,00100,Amount,nan,nan
E_A_HOS_C1_30,Hospital | Line 30 | Col 1,NUMERIC,E00A18A,"E, Part A: Settlement - Hospital",03000,00100,Amount,nan,nan
E_A_HOS_C1_31,Hospital | Line 31 | Col 1,NUMERIC,E00A18A,"E, Part A: Settlement - Hospital",03100,00100,Amount,nan,nan
E_A_HOS_C1_32,Hospital | Line 32 | Col 1,NUMERIC,E00A18A,"E, Part A: Settlement - Hospital",03200,00100,Amount,nan,nan
E_A_HOS_C1_33,Hospital | Line 33 | Col 1,NUMERIC,E00A18A,"E, Part A: Settlement - Hospital",03300,00100,Amount,nan,nan
E_A_HOS_C1_34,Hospital | Line 34 | Col 1,NUMERIC,E00A18A,"E, Part A: Settlement - Hospital",03400,00100,Amount,nan,nan
E_A_HOS_C1_4,Hospital | Line 4 | Col 1,NUMERIC,E00A18A,"E, Part A: Settlement - Hospital",00400,00100,Amount,nan,nan
E_A_HOS_C1_47,Hospital | Line 47 | Col 1,NUMERIC,E00A18A,"E, Part A: Settlement - Hospital",04700,00100,Amount,nan,nan
E_A_HOS_C1_49,Hospital | Line 49 | Col 1,NUMERIC,E00A18A,"E, Part A: Settlement - Hospital",04900,00100,Amount,nan,nan
E_A_HOS_C1_50,Hospital | Line 50 | Col 1,NUMERIC,E00A18A,"E, Part A: Settlement - Hospital",05000,00100,Amount,nan,nan
E_A_HOS_C1_59,IPPS Payment amount (unadjusted),NUMERIC,E00A18A,"E, Part A: Settlement - Hospital",05900,00100,Amount,CALCULATION OF REIMBURSEMENT SETTLEMENT (PPS),
E_A_HOS_C1_61,Hospital | Line 61 | Col 1,NUMERIC,E00A18A,"E, Part A: Settlement - Hospital",06100,00100,Amount,nan,nan
E_A_HOS_C1_67,Hospital | Line 67 | Col 1,NUMERIC,E00A18A,"E, Part A: Settlement - Hospital",06700,00100,Amount,nan,nan
E_A_HOS_C1_7097,Hospital | Line 70.97 | Col 1,NUMERIC,E00A18A,"E, Part A: Settlement - Hospital",07097,00100,Amount,nan,nan
E_A_HOS_C1_71,Hospital | Line 71 | Col 1,NUMERIC,E00A18A,"E, Part A: Settlement - Hospital",07100,00100,Amount,nan,nan
E_A_HOS_C1_74,Hospital | Line 74 | Col 1,NUMERIC,E00A18A,"E, Part A: Settlement - Hospital",07400,00100,Amount,nan,nan
E_A_HOS_C1_90,Hospital | Line 90 | Col 1,NUMERIC,E00A18A,"E, Part A: Settlement - Hospital",09000,00100,Amount,nan,nan
E_A_HOS_C1_91,Hospital | Line 91 | Col 1,NUMERIC,E00A18A,"E, Part A: Settlement - Hospital",09100,00100,Amount,nan,nan
E_B_HOS_C1_2,Medical and Other Services reimbursed by OPPS,NUMERIC,E00A18B,"E, Part B: Settlement - Hospital",00200,00100,Amount,CALCULATION OF REIMBURSEMENT SETTLEMENT,
G2_C1_1,Line 1 | Col 1,NUMERIC,G200000,G-2: Statement of Changes in Fund Balance,00100,00100,General Fund,nan,nan
G2_C1_10,Line 10 | Col 1,NUMERIC,G200000,G-2: Statement of Changes in Fund Balance,01000,00100,General Fund,nan,nan
G2_C1_16,Line 16 | Col 1,NUMERIC,G200000,G-2: Statement of Changes in Fund Balance,01600,00100,General Fund,nan,nan
G2_C1_17,Line 17 | Col 1,NUMERIC,G200000,G-2: Statement of Changes in Fund Balance,01700,00100,General Fund,nan,nan
G2_C1_18,Line 18 | Col 1,NUMERIC,G200000,G-2: Statement of Changes in Fund Balance,01800,00100,General Fund,nan,nan
G2_C1_19,Line 19 | Col 1,NUMERIC,G200000,G-2: Statement of Changes in Fund Balance,01900,00100,General Fund,nan,nan
G2_C1_28,Inpatient Revenue,NUMERIC,G200000,G-2: Statement of Changes in Fund Balance,02800,00100,General Fund,STATEMENT OF PATIENT REVENUES AND OPERATING EXPENSES,
G2_C2_18,Line 18 | Col 2,NUMERIC,G200000,G-2: Statement of Changes in Fund Balance,01800,00200,Specific Purpose Fund,nan,nan
G2_C2_19,Line 19 | Col 2,NUMERIC,G200000,G-2: Statement of Changes in Fund Balance,01900,00200,Specific Purpose Fund,nan,nan
G2_C2_28,Outpatient Revenue,NUMERIC,G200000,G-2: Statement of Changes in Fund Balance,02800,00200,Specific Purpose Fund,STATEMENT OF PATIENT REVENUES AND OPERATING EXPENSES,
G2_C2_43,Line 43 | Col 2,NUMERIC,G200000,G-2: Statement of Changes in Fund Balance,04300,00200,Specific Purpose Fund,nan,nan
G3_C1_1,Gross Revenue,NUMERIC,G300000,G-3: Statement of Revenue & Expenses,00100,00100,Amount,STATEMENT OF REVENUES AND EXPENSES,
G3_C1_2,Less Contractual Allowance and Discounts on Patients' Accounts,NUMERIC,G300000,G-3: Statement of Revenue & Expenses,00200,00100,Amount,STATEMENT OF REVENUES AND EXPENSES,
G3_C1_26,Total Income,NUMERIC,G300000,G-3: Statement of Revenue & Expenses,02600,00100,Amount,STATEMENT OF REVENUES AND EXPENSES,
G3_C1_29,Net Income,NUMERIC,G300000,G-3: Statement of Revenue & Expenses,02900,00100,Amount,STATEMENT OF REVENUES AND EXPENSES,
G3_C1_3,Net Patient Revenue,NUMERIC,G300000,G-3: Statement of Revenue & Expenses,00300,00100,Amount,STATEMENT OF REVENUES AND EXPENSES,
G3_C1_4,Total Operating Expense,NUMERIC,G300000,G-3: Statement of Revenue & Expenses,00400,00100,Amount,STATEMENT OF REVENUES AND EXPENSES,
G3_C1_5,Net Income from Service to Patients,NUMERIC,G300000,G-3: Statement of Revenue & Expenses,00500,00100,Amount,STATEMENT OF REVENUES AND EXPENSES,
L_1_HOS_C1_1,Hospital | Line 1 | Col 1,NUMERIC,L00A181,"L, Part I: Hospital",00100,00100,Amount,nan,nan
L_1_HOS_C1_12,Hospital | Line 12 | Col 1,UNKNOWN,,,12,1,,nan,nan
L_1_HOS_C1_3,Hospital | Line 3 | Col 1,NUMERIC,L00A181,"L, Part I: Hospital",00300,00100,Amount,nan,nan
S10_1_C1_1,Line 1 | Col 1,UNKNOWN,,,1,1,,nan,nan
S10_2_C1_1,Line 1 | Col 1,UNKNOWN,,,1,1,,nan,nan
S2_1_C1_11801,Premiums,NUMERIC,S200001,"S-2, Part I: Hospital Identification",11801,00100,General Information,nan,nan
S2_1_C1_26,Urban/Rural Indicator at beginning,NUMERIC,S200001,"S-2, Part I: Hospital Identification",02600,00100,General Information,nan,nan
S2_1_C1_27,Urban (1) or Rural (2),NUMERIC,S200001,"S-2, Part I: Hospital Identification",02700,00100,General Information,nan,nan
S2_1_C2_24,In State Medicaid eligible days,NUMERIC,S200001,"S-2, Part I: Hospital Identification",02400,00200,Provider Number / Address,nan,nan
S2_1_C4_3,Hospital Type,ALPHANUMERIC,S200001,"S-2, Part I: Hospital Identification",00300,00400,Hospital Type / Provider Type,nan,nan
S2_1_C5_24,Medicaid HMO Days,NUMERIC,S200001,"S-2, Part I: Hospital Identification",02400,00500,Component,nan,nan
S3_1_C10_14,Total Hospital Interns & Residents,NUMERIC,S300001,"S-3, Part I: Utilization Data",01400,01000,Discharges (Title XIX Medicaid),Total Inpatient Days/Outpatient Visits,nan
S3_1_C10_27,Total Facility FTEs,NUMERIC,S300001,"S-3, Part I: Utilization Data",02700,01000,Discharges (Title XIX Medicaid),Total Inpatient Days/Outpatient Visits,nan
S3_1_C13_1,Hospital Adults & Pediatrics,NUMERIC,S300001,"S-3, Part I: Utilization Data",00100,01300,Average Length of Stay,Total Inpatient Days/Outpatient Visits,nan
S3_1_C13_14,Total Hospital,NUMERIC,S300001,"S-3, Part I: Utilization Data",01400,01300,Average Length of Stay,Total Inpatient Days/Outpatient Visits,nan
S3_1_C13_2,HMO,NUMERIC,S300001,"S-3, Part I: Utilization Data",00200,01300,Average Length of Stay,Total Inpatient Days/Outpatient Visits,nan
S3_1_C14_1,Hospital Adults & Pediatrics,NUMERIC,S300001,"S-3, Part I: Utilization Data",00100,01400,Beds Available,Total Inpatient Days/Outpatient Visits,nan
S3_1_C14_14,Total Hospital,NUMERIC,S300001,"S-3, Part I: Utilization Data",01400,01400,Beds Available,Total Inpatient Days/Outpatient Visits,nan
S3_1_C14_2,Line 2 | Col 14,UNKNOWN,,,2,14,,nan,nan
S3_1_C15_1,Hospital Adults & Pediatrics,NUMERIC,S300001,"S-3, Part I: Utilization Data",00100,01500,Bed Days Available,Total Inpatient Days/Outpatient Visits,nan
S3_1_C15_14,Total Hospital,NUMERIC,S300001,"S-3, Part I: Utilization Data",01400,01500,Bed Days Available,Total Inpatient Days/Outpatient Visits,nan
S3_1_C2_1,Hospital Adults & Pediatrics,NUMERIC,S300001,"S-3, Part I: Utilization Data",00100,00200,Inpatient Days (Title V & XVIII),NUMBER OF BEDS,nan
S3_1_C2_14,Total Hospital,NUMERIC,S300001,"S-3, Part I: Utilization Data",01400,00200,Inpatient Days (Title V & XVIII),NUMBER OF BEDS,nan
S3_1_C2_27,Total Facility,NUMERIC,S300001,"S-3, Part I: Utilization Data",02700,00200,Inpatient Days (Title V & XVIII),NUMBER OF BEDS,nan
S3_1_C2_7,Total,NUMERIC,S300001,"S-3, Part I: Utilization Data",00700,00200,Inpatient Days (Title V & XVIII),NUMBER OF BEDS,nan
S3_1_C3_1,Hospital Adults & Pediatrics,NUMERIC,S300001,"S-3, Part I: Utilization Data",00100,00300,Inpatient Days (Title XVIII Medicare),BED DAYS AVAILABLE,nan
S3_1_C3_14,Total Hospital,NUMERIC,S300001,"S-3, Part I: Utilization Data",01400,00300,Inpatient Days (Title XVIII Medicare),BED DAYS AVAILABLE,nan
S3_1_C3_7,Total Hospital,NUMERIC,S300001,"S-3, Part I: Utilization Data",00700,00300,Inpatient Days (Title XVIII Medicare),BED DAYS AVAILABLE,nan
S3_1_C6_1,Hospital Adults & Pediatrics,NUMERIC,S300001,"S-3, Part I: Utilization Data",00100,00600,Total Inpatient Days,Medicare Inpatient Days/Outpatient Visits,nan
S3_1_C6_14,Total Hospital,NUMERIC,S300001,"S-3, Part I: Utilization Data",01400,00600,Total Inpatient Days,Medicare Inpatient Days/Outpatient Visits,nan
S3_1_C6_2,HMO,NUMERIC,S300001,"S-3, Part I: Utilization Data",00200,00600,Total Inpatient Days,Medicare Inpatient Days/Outpatient Visits,nan
S3_1_C6_5,Hospital Adults & Ped Swing Bed SNF,NUMERIC,S300001,"S-3, Part I: Utilization Data",00500,00600,Total Inpatient Days,Medicare Inpatient Days/Outpatient Visits,nan
S3_1_C6_7,Total Adults & Peds,NUMERIC,S300001,"S-3, Part I: Utilization Data",00700,00600,Total Inpatient Days,Medicare Inpatient Days/Outpatient Visits,nan
S3_1_C7_1,Hospital Adults & Pediatrics,NUMERIC,S300001,"S-3, Part I: Utilization Data",00100,00700,% Medicare Days / Total Days,Medicaid Inpatient Days/Outpatient Visits,nan
S3_1_C7_13,Nursery,NUMERIC,S300001,"S-3, Part I: Utilization Data",01300,00700,% Medicare Days / Total Days,Medicaid Inpatient Days/Outpatient Visits,nan
S3_1_C7_14,Total Hospital,NUMERIC,S300001,"S-3, Part I: Utilization Data",01400,00700,% Medicare Days / Total Days,Medicaid Inpatient Days/Outpatient Visits,nan
S3_1_C7_2,HMO,NUMERIC,S300001,"S-3, Part I: Utilization Data",00200,00700,% Medicare Days / Total Days,Medicaid Inpatient Days/Outpatient Visits,nan
S3_1_C7_32,Labor and Delivery Days -  Title XIX,NUMERIC,S300001,"S-3, Part I: Utilization Data",03200,00700,% Medicare Days / Total Days,Medicaid Inpatient Days/Outpatient Visits,nan
S3_1_C7_7,Total Adults & Peds,NUMERIC,S300001,"S-3, Part I: Utilization Data",00700,00700,% Medicare Days / Total Days,Medicaid Inpatient Days/Outpatient Visits,nan
S3_1_C8_1,Hospital Adults & Pediatrics,NUMERIC,S300001,"S-3, Part I: Utilization Data",00100,00800,Total Discharges,Total Inpatient Days/Outpatient Visits,nan
S3_1_C8_13,Nursery,NUMERIC,S300001,"S-3, Part I: Utilization Data",01300,00800,Total Discharges,Total Inpatient Days/Outpatient Visits,nan
S3_1_C8_14,Total Hospital,NUMERIC,S300001,"S-3, Part I: Utilization Data",01400,00800,Total Discharges,Total Inpatient Days/Outpatient Visits,nan
S3_1_C8_28,Medicaid Observation Days,NUMERIC,S300001,"S-3, Part I: Utilization Data",02800,00800,Total Discharges,Total Inpatient Days/Outpatient Visits,nan
S3_1_C8_32,Labor and Delivery Days -  Title XIX,NUMERIC,S300001,"S-3, Part I: Utilization Data",03200,00800,Total Discharges,Total Inpatient Days/Outpatient Visits,nan
S3_1_C8_5,Hospital Adlts & Ped Swing Bed SNF,NUMERIC,S300001,"S-3, Part I: Utilization Data",00500,00800,Total Discharges,Total Inpatient Days/Outpatient Visits,nan
S3_1_C8_7,Total Adults & Pediatrics,NUMERIC,S300001,"S-3, Part I: Utilization Data",00700,00800,Total Discharges,Total Inpatient Days/Outpatient Visits,nan
S3_2_C2_1,Total Salaries,NUMERIC,S300002,"S-3, Part II: Medicaid Ratio",00100,00200,Medicare Charges,HOSPITAL WAGE INDEX DATA,AMOUNT REPORTED
S3_2_C2_10,Excluded Area Salaries,NUMERIC,S300002,"S-3, Part II: Medicaid Ratio",01000,00200,Medicare Charges,HOSPITAL WAGE INDEX DATA,AMOUNT REPORTED
S3_2_C2_17,Wage Related Costs Core,NUMERIC,S300002,"S-3, Part II: Medicaid Ratio",01700,00200,Medicare Charges,HOSPITAL WAGE INDEX DATA,AMOUNT REPORTED
S3_2_C2_19,Excluded Areas,NUMERIC,S300002,"S-3, Part II: Medicaid Ratio",01900,00200,Medicare Charges,HOSPITAL WAGE INDEX DATA,AMOUNT REPORTED
S3_2_C2_22,Physician Part A,NUMERIC,S300002,"S-3, Part II: Medicaid Ratio",02200,00200,Medicare Charges,HOSPITAL WAGE INDEX DATA,AMOUNT REPORTED
S3_2_C2_23,Physician Part B,NUMERIC,S300002,"S-3, Part II: Medicaid Ratio",02300,00200,Medicare Charges,HOSPITAL WAGE INDEX DATA,AMOUNT REPORTED
S3_2_C2_26,Employee Benefits,NUMERIC,S300002,"S-3, Part II: Medicaid Ratio",02600,00200,Medicare Charges,HOSPITAL WAGE INDEX DATA,AMOUNT REPORTED
S3_2_C2_27,Administrative and General,NUMERIC,S300002,"S-3, Part II: Medicaid Ratio",02700,00200,Medicare Charges,HOSPITAL WAGE INDEX DATA,AMOUNT REPORTED
S3_2_C2_29,Maintenance and Repairs,NUMERIC,S300002,"S-3, Part II: Medicaid Ratio",02900,00200,Medicare Charges,HOSPITAL WAGE INDEX DATA,AMOUNT REPORTED
S3_2_C2_31,Laundry and Linen Service,NUMERIC,S300002,"S-3, Part II: Medicaid Ratio",03100,00200,Medicare Charges,HOSPITAL WAGE INDEX DATA,AMOUNT REPORTED
S3_2_C2_32,Housekeeping,NUMERIC,S300002,"S-3, Part II: Medicaid Ratio",03200,00200,Medicare Charges,HOSPITAL WAGE INDEX DATA,AMOUNT REPORTED
S3_2_C2_34,Dietary,NUMERIC,S300002,"S-3, Part II: Medicaid Ratio",03400,00200,Medicare Charges,HOSPITAL WAGE INDEX DATA,AMOUNT REPORTED
S3_2_C2_38,Nursing Administration,NUMERIC,S300002,"S-3, Part II: Medicaid Ratio",03800,00200,Medicare Charges,HOSPITAL WAGE INDEX DATA,AMOUNT REPORTED
S3_2_C2_39,Central Services and Supply,NUMERIC,S300002,"S-3, Part II: Medicaid Ratio",03900,00200,Medicare Charges,HOSPITAL WAGE INDEX DATA,AMOUNT REPORTED
S3_2_C2_4,Physician-Part A,NUMERIC,S300002,"S-3, Part II: Medicaid Ratio",00400,00200,Medicare Charges,HOSPITAL WAGE INDEX DATA,AMOUNT REPORTED
S3_2_C2_40,Pharmacy,NUMERIC,S300002,"S-3, Part II: Medicaid Ratio",04000,00200,Medicare Charges,HOSPITAL WAGE INDEX DATA,AMOUNT REPORTED
S3_2_C2_41,Medical Records & Med Records Library,NUMERIC,S300002,"S-3, Part II: Medicaid Ratio",04100,00200,Medicare Charges,HOSPITAL WAGE INDEX DATA,AMOUNT REPORTED
S3_2_C2_42,Social Service,NUMERIC,S300002,"S-3, Part II: Medicaid Ratio",04200,00200,Medicare Charges,HOSPITAL WAGE INDEX DATA,AMOUNT REPORTED
S3_2_C2_5,Physician-Part B,NUMERIC,S300002,"S-3, Part II: Medicaid Ratio",00500,00200,Medicare Charges,HOSPITAL WAGE INDEX DATA,AMOUNT REPORTED
S3_2_C4_1,Total Salaries,NUMERIC,S300002,"S-3, Part II: Medicaid Ratio",00100,00400,Cost Center Code,HOSPITAL WAGE INDEX DATA,ADJUSTED SALARIES
S3_2_C4_10,Excluded Area Salaries,NUMERIC,S300002,"S-3, Part II: Medicaid Ratio",01000,00400,Cost Center Code,HOSPITAL WAGE INDEX DATA,ADJUSTED SALARIES
S3_2_C4_17,Wage Related Costs Core,NUMERIC,S300002,"S-3, Part II: Medicaid Ratio",01700,00400,Cost Center Code,HOSPITAL WAGE INDEX DATA,ADJUSTED SALARIES
S3_2_C4_19,Excluded Areas,NUMERIC,S300002,"S-3, Part II: Medicaid Ratio",01900,00400,Cost Center Code,HOSPITAL WAGE INDEX DATA,ADJUSTED SALARIES
S3_2_C4_22,Physician Part A,NUMERIC,S300002,"S-3, Part II: Medicaid Ratio",02200,00400,Cost Center Code,HOSPITAL WAGE INDEX DATA,ADJUSTED SALARIES
S3_2_C4_23,Physician Part B,NUMERIC,S300002,"S-3, Part II: Medicaid Ratio",02300,00400,Cost Center Code,HOSPITAL WAGE INDEX DATA,ADJUSTED SALARIES
S3_2_C4_26,Employee Benefits,NUMERIC,S300002,"S-3, Part II: Medicaid Ratio",02600,00400,Cost Center Code,HOSPITAL WAGE INDEX DATA,ADJUSTED SALARIES
S3_2_C4_27,Administrative and General,NUMERIC,S300002,"S-3, Part II: Medicaid Ratio",02700,00400,Cost Center Code,HOSPITAL WAGE INDEX DATA,ADJUSTED SALARIES
S3_2_C4_29,Admin & Gen Under Contract,NUMERIC,S300002,"S-3, Part II: Medicaid Ratio",02900,00400,Cost Center Code,HOSPITAL WAGE INDEX DATA,ADJUSTED SALARIES
S3_2_C4_31,Laundry and Linen Service,NUMERIC,S300002,"S-3, Part II: Medicaid Ratio",03100,00400,Cost Center Code,HOSPITAL WAGE INDEX DATA,ADJUSTED SALARIES
S3_2_C4_32,Housekeeping,NUMERIC,S300002,"S-3, Part II: Medicaid Ratio",03200,00400,Cost Center Code,HOSPITAL WAGE INDEX DATA,ADJUSTED SALARIES
S3_2_C4_34,Dietary,NUMERIC,S300002,"S-3, Part II: Medicaid Ratio",03400,00400,Cost Center Code,HOSPITAL WAGE INDEX DATA,ADJUSTED SALARIES
S3_2_C4_36,Cafeteria,NUMERIC,S300002,"S-3, Part II: Medicaid Ratio",03600,00400,Cost Center Code,HOSPITAL WAGE INDEX DATA,ADJUSTED SALARIES
S3_2_C4_38,Nursing Administration,NUMERIC,S300002,"S-3, Part II: Medicaid Ratio",03800,00400,Cost Center Code,HOSPITAL WAGE INDEX DATA,ADJUSTED SALARIES
S3_2_C4_39,Central Services and Supply,NUMERIC,S300002,"S-3, Part II: Medicaid Ratio",03900,00400,Cost Center Code,HOSPITAL WAGE INDEX DATA,ADJUSTED SALARIES
S3_2_C4_4,Physician-Part A,NUMERIC,S300002,"S-3, Part II: Medicaid Ratio",00400,00400,Cost Center Code,HOSPITAL WAGE INDEX DATA,ADJUSTED SALARIES
S3_2_C4_40,Pharmacy,NUMERIC,S300002,"S-3, Part II: Medicaid Ratio",04000,00400,Cost Center Code,HOSPITAL WAGE INDEX DATA,ADJUSTED SALARIES
S3_2_C4_41,Medical Records & Med Records Library,NUMERIC,S300002,"S-3, Part II: Medicaid Ratio",04100,00400,Cost Center Code,HOSPITAL WAGE INDEX DATA,ADJUSTED SALARIES
S3_2_C4_42,Social Service,NUMERIC,S300002,"S-3, Part II: Medicaid Ratio",04200,00400,Cost Center Code,HOSPITAL WAGE INDEX DATA,ADJUSTED SALARIES
S3_2_C4_5,Physician-Part B,NUMERIC,S300002,"S-3, Part II: Medicaid Ratio",00500,00400,Cost Center Code,HOSPITAL WAGE INDEX DATA,ADJUSTED SALARIES
S3_2_C5_1,Total Salaries,NUMERIC,S300002,"S-3, Part II: Medicaid Ratio",00100,00500,Medicare Visits,HOSPITAL WAGE INDEX DATA,PAID HOURS RELATED TO SALARIES
S3_2_C5_10,Excluded Area Salaries,NUMERIC,S300002,"S-3, Part II: Medicaid Ratio",01000,00500,Medicare Visits,HOSPITAL WAGE INDEX DATA,PAID HOURS RELATED TO SALARIES
S3_2_C5_26,Employee Benefits,NUMERIC,S300002,"S-3, Part II: Medicaid Ratio",02600,00500,Medicare Visits,HOSPITAL WAGE INDEX DATA,PAID HOURS RELATED TO SALARIES
S3_2_C5_27,Administrative and General,NUMERIC,S300002,"S-3, Part II: Medicaid Ratio",02700,00500,Medicare Visits,HOSPITAL WAGE INDEX DATA,PAID HOURS RELATED TO SALARIES
S3_2_C5_29,Admin & Gen Under Contract,NUMERIC,S300002,"S-3, Part II: Medicaid Ratio",02900,00500,Medicare Visits,HOSPITAL WAGE INDEX DATA,PAID HOURS RELATED TO SALARIES
S3_2_C5_31,Laundry and Linen Service,NUMERIC,S300002,"S-3, Part II: Medicaid Ratio",03100,00500,Medicare Visits,HOSPITAL WAGE INDEX DATA,PAID HOURS RELATED TO SALARIES
S3_2_C5_32,Housekeeping,NUMERIC,S300002,"S-3, Part II: Medicaid Ratio",03200,00500,Medicare Visits,HOSPITAL WAGE INDEX DATA,PAID HOURS RELATED TO SALARIES
S3_2_C5_34,Dietary,NUMERIC,S300002,"S-3, Part II: Medicaid Ratio",03400,00500,Medicare Visits,HOSPITAL WAGE INDEX DATA,PAID HOURS RELATED TO SALARIES
S3_2_C5_36,Cafeteria,NUMERIC,S300002,"S-3, Part II: Medicaid Ratio",03600,00500,Medicare Visits,HOSPITAL WAGE INDEX DATA,PAID HOURS RELATED TO SALARIES
S3_2_C5_38,Nursing Administration,NUMERIC,S300002,"S-3, Part II: Medicaid Ratio",03800,00500,Medicare Visits,HOSPITAL WAGE INDEX DATA,PAID HOURS RELATED TO SALARIES
S3_2_C5_39,Central Services and Supply,NUMERIC,S300002,"S-3, Part II: Medicaid Ratio",03900,00500,Medicare Visits,HOSPITAL WAGE INDEX DATA,PAID HOURS RELATED TO SALARIES
S3_2_C5_4,Physician-Part A,NUMERIC,S300002,"S-3, Part II: Medicaid Ratio",00400,00500,Medicare Visits,HOSPITAL WAGE INDEX DATA,PAID HOURS RELATED TO SALARIES
S3_2_C5_40,Pharmacy,NUMERIC,S300002,"S-3, Part II: Medicaid Ratio",04000,00500,Medicare Visits,HOSPITAL WAGE INDEX DATA,PAID HOURS RELATED TO SALARIES
S3_2_C5_41,Medical Records & Med Records Library,NUMERIC,S300002,"S-3, Part II: Medicaid Ratio",04100,00500,Medicare Visits,HOSPITAL WAGE INDEX DATA,PAID HOURS RELATED TO SALARIES
S3_2_C5_42,Social Service,NUMERIC,S300002,"S-3, Part II: Medicaid Ratio",04200,00500,Medicare Visits,HOSPITAL WAGE INDEX DATA,PAID HOURS RELATED TO SALARIES
S3_2_C5_5,Physician-Part B,NUMERIC,S300002,"S-3, Part II: Medicaid Ratio",00500,00500,Medicare Visits,HOSPITAL WAGE INDEX DATA,PAID HOURS RELATED TO SALARIES
S3_2_C6_1,Total Salaries,NUMERIC,S300002,"S-3, Part II: Medicaid Ratio",00100,00600,Total Visits,HOSPITAL WAGE INDEX DATA,AVERAGE HOURLY WAGE
S3_2_C6_10,Excluded Area Salaries,NUMERIC,S300002,"S-3, Part II: Medicaid Ratio",01000,00600,Total Visits,HOSPITAL WAGE INDEX DATA,AVERAGE HOURLY WAGE
S3_2_C6_26,Employee Benefits,NUMERIC,S300002,"S-3, Part II: Medicaid Ratio",02600,00600,Total Visits,HOSPITAL WAGE INDEX DATA,AVERAGE HOURLY WAGE
S3_2_C6_27,Administrative and General,NUMERIC,S300002,"S-3, Part II: Medicaid Ratio",02700,00600,Total Visits,HOSPITAL WAGE INDEX DATA,AVERAGE HOURLY WAGE
S3_2_C6_29,Admin & Gen Under Contract,NUMERIC,S300002,"S-3, Part II: Medicaid Ratio",02900,00600,Total Visits,HOSPITAL WAGE INDEX DATA,AVERAGE HOURLY WAGE
S3_2_C6_31,Laundry and Linen Service,NUMERIC,S300002,"S-3, Part II: Medicaid Ratio",03100,00600,Total Visits,HOSPITAL WAGE INDEX DATA,AVERAGE HOURLY WAGE
S3_2_C6_32,Housekeeping,NUMERIC,S300002,"S-3, Part II: Medicaid Ratio",03200,00600,Total Visits,HOSPITAL WAGE INDEX DATA,AVERAGE HOURLY WAGE
S3_2_C6_34,Dietary,NUMERIC,S300002,"S-3, Part II: Medicaid Ratio",03400,00600,Total Visits,HOSPITAL WAGE INDEX DATA,AVERAGE HOURLY WAGE
S3_2_C6_36,Cafeteria,NUMERIC,S300002,"S-3, Part II: Medicaid Ratio",03600,00600,Total Visits,HOSPITAL WAGE INDEX DATA,AVERAGE HOURLY WAGE
S3_2_C6_38,Nursing Administration,NUMERIC,S300002,"S-3, Part II: Medicaid Ratio",03800,00600,Total Visits,HOSPITAL WAGE INDEX DATA,AVERAGE HOURLY WAGE
S3_2_C6_39,Central Services and Supply,NUMERIC,S300002,"S-3, Part II: Medicaid Ratio",03900,00600,Total Visits,HOSPITAL WAGE INDEX DATA,AVERAGE HOURLY WAGE
S3_2_C6_4,Physician-Part A,NUMERIC,S300002,"S-3, Part II: Medicaid Ratio",00400,00600,Total Visits,HOSPITAL WAGE INDEX DATA,AVERAGE HOURLY WAGE
S3_2_C6_40,Pharmacy,NUMERIC,S300002,"S-3, Part II: Medicaid Ratio",04000,00600,Total Visits,HOSPITAL WAGE INDEX DATA,AVERAGE HOURLY WAGE
S3_2_C6_41,Medical Records & Med Records Library,NUMERIC,S300002,"S-3, Part II: Medicaid Ratio",04100,00600,Total Visits,HOSPITAL WAGE INDEX DATA,AVERAGE HOURLY WAGE
S3_2_C6_42,Social Service,NUMERIC,S300002,"S-3, Part II: Medicaid Ratio",04200,00600,Total Visits,HOSPITAL WAGE INDEX DATA,AVERAGE HOURLY WAGE
S3_2_C6_5,Physician-Part B,NUMERIC,S300002,"S-3, Part II: Medicaid Ratio",00500,00600,Total Visits,HOSPITAL WAGE INDEX DATA,AVERAGE HOURLY WAGE
S3_3_C2_1,Net Salaries,NUMERIC,S300003,S300003,00100,00200,HOSPITAL WAGE INDEX DATA - AMOUNT REPORTED,HOSPITAL WAGE INDEX DATA,AMOUNT REPORTED
S3_3_C2_2,Excluded Area Salaries,NUMERIC,S300003,S300003,00200,00200,HOSPITAL WAGE INDEX DATA - AMOUNT REPORTED,HOSPITAL WAGE INDEX DATA,AMOUNT REPORTED
S3_3_C2_3,Subtotal Salaries,NUMERIC,S300003,S300003,00300,00200,HOSPITAL WAGE INDEX DATA - AMOUNT REPORTED,HOSPITAL WAGE INDEX DATA,AMOUNT REPORTED
S3_3_C2_5,Subtotal Wage Related Csts,NUMERIC,S300003,S300003,00500,00200,HOSPITAL WAGE INDEX DATA - AMOUNT REPORTED,HOSPITAL WAGE INDEX DATA,AMOUNT REPORTED
S3_3_C2_6,Total,NUMERIC,S300003,S300003,00600,00200,HOSPITAL WAGE INDEX DATA - AMOUNT REPORTED,HOSPITAL WAGE INDEX DATA,AMOUNT REPORTED
S3_3_C4_1,Net Salaries,NUMERIC,S300003,S300003,00100,00400,HOSPITAL WAGE INDEX DATA - ADJUSTED SALARIES,HOSPITAL WAGE INDEX DATA,ADJUSTED SALARIES
S3_3_C4_2,Excluded Area Salaries,NUMERIC,S300003,S300003,00200,00400,HOSPITAL WAGE INDEX DATA - ADJUSTED SALARIES,HOSPITAL WAGE INDEX DATA,ADJUSTED SALARIES
S3_3_C4_3,Subtotal Salaries,NUMERIC,S300003,S300003,00300,00400,HOSPITAL WAGE INDEX DATA - ADJUSTED SALARIES,HOSPITAL WAGE INDEX DATA,ADJUSTED SALARIES
S3_3_C4_5,Subtotal Wage Related Csts,NUMERIC,S300003,S300003,00500,00400,HOSPITAL WAGE INDEX DATA - ADJUSTED SALARIES,HOSPITAL WAGE INDEX DATA,ADJUSTED SALARIES
S3_3_C4_6,Total,NUMERIC,S300003,S300003,00600,00400,HOSPITAL WAGE INDEX DATA - ADJUSTED SALARIES,HOSPITAL WAGE INDEX DATA,ADJUSTED SALARIES
S3_3_C4_7,Total Overhead Costs,NUMERIC,S300003,S300003,00700,00400,HOSPITAL WAGE INDEX DATA - ADJUSTED SALARIES,HOSPITAL WAGE INDEX DATA,ADJUSTED SALARIES
S3_3_C5_1,Net Salaries,NUMERIC,S300003,S300003,00100,00500,HOSPITAL WAGE INDEX DATA - PAID HOURS RELATED TO SALARIES,HOSPITAL WAGE INDEX DATA,PAID HOURS RELATED TO SALARIES
S3_3_C5_2,Excluded Area Salaries,NUMERIC,S300003,S300003,00200,00500,HOSPITAL WAGE INDEX DATA - PAID HOURS RELATED TO SALARIES,HOSPITAL WAGE INDEX DATA,PAID HOURS RELATED TO SALARIES
S3_3_C5_3,Subtotal Salaries,NUMERIC,S300003,S300003,00300,00500,HOSPITAL WAGE INDEX DATA - PAID HOURS RELATED TO SALARIES,HOSPITAL WAGE INDEX DATA,PAID HOURS RELATED TO SALARIES
S3_3_C5_6,Total,NUMERIC,S300003,S300003,00600,00500,HOSPITAL WAGE INDEX DATA - PAID HOURS RELATED TO SALARIES,HOSPITAL WAGE INDEX DATA,PAID HOURS RELATED TO SALARIES
S3_3_C5_7,Total Overhead Costs,NUMERIC,S300003,S300003,00700,00500,HOSPITAL WAGE INDEX DATA - PAID HOURS RELATED TO SALARIES,HOSPITAL WAGE INDEX DATA,PAID HOURS RELATED TO SALARIES
S3_3_C6_1,Net Salaries,NUMERIC,S300003,S300003,00100,00600,HOSPITAL WAGE INDEX DATA - AVERAGE HOURLY WAGE,HOSPITAL WAGE INDEX DATA,AVERAGE HOURLY WAGE
S3_3_C6_2,Excluded Area Salaries,NUMERIC,S300003,S300003,00200,00600,HOSPITAL WAGE INDEX DATA - AVERAGE HOURLY WAGE,HOSPITAL WAGE INDEX DATA,AVERAGE HOURLY WAGE
S3_3_C6_3,Subtotal Salaries,NUMERIC,S300003,S300003,00300,00600,HOSPITAL WAGE INDEX DATA - AVERAGE HOURLY WAGE,HOSPITAL WAGE INDEX DATA,AVERAGE HOURLY WAGE
S3_3_C6_5,Subtotal Wage Related Csts,NUMERIC,S300003,S300003,00500,00600,HOSPITAL WAGE INDEX DATA - AVERAGE HOURLY WAGE,HOSPITAL WAGE INDEX DATA,AVERAGE HOURLY WAGE
S3_3_C6_6,Total,NUMERIC,S300003,S300003,00600,00600,HOSPITAL WAGE INDEX DATA - AVERAGE HOURLY WAGE,HOSPITAL WAGE INDEX DATA,AVERAGE HOURLY WAGE
S3_3_C6_7,Total Overhead Costs,NUMERIC,S300003,S300003,00700,00600,HOSPITAL WAGE INDEX DATA - AVERAGE HOURLY WAGE,HOSPITAL WAGE INDEX DATA,AVERAGE HOURLY WAGE
S3_5_C2_1,Line 1 | Col 2,NUMERIC,S300005,"S-3, Part V: Utilization Data",00100,00200,HOSPITAL CONTRACT LABOR AND BENEFIT COST,nan,nan
S3_5_C2_2,Line 2 | Col 2,NUMERIC,S300005,"S-3, Part V: Utilization Data",00200,00200,HOSPITAL CONTRACT LABOR AND BENEFIT COST,nan,nan
S5_C1_1,"Number of patients in program at 
end of cost reporting period",NUMERIC,S500000,S500000,00100,00100,RENAL STATISTICAL DATA,RENAL STATISTICAL DATA,nan
S5_C1_11,"Number of patients on transplant 
list",NUMERIC,S500000,S500000,01100,00100,RENAL STATISTICAL DATA,RENAL STATISTICAL DATA,nan
S5_C1_2,Number of Times per week Patient receives Dialysis,NUMERIC,S500000,S500000,00200,00100,RENAL STATISTICAL DATA,RENAL STATISTICAL DATA,nan
S5_C1_3,"Average patient dialysis time 
including setup",NUMERIC,S500000,S500000,00300,00100,RENAL STATISTICAL DATA,RENAL STATISTICAL DATA,nan
S5_C1_5,"Number of days in year dialysis 
furnished",NUMERIC,S500000,S500000,00500,00100,RENAL STATISTICAL DATA,RENAL STATISTICAL DATA,nan
S5_C1_6,Number of stations,NUMERIC,S500000,S500000,00600,00100,RENAL STATISTICAL DATA,RENAL STATISTICAL DATA,nan
S5_C1_7,"Treatment capacity per day per
station",NUMERIC,S500000,S500000,00700,00100,RENAL STATISTICAL DATA,RENAL STATISTICAL DATA,nan
S5_C1_8,Utilization,NUMERIC,S500000,S500000,00800,00100,RENAL STATISTICAL DATA,RENAL STATISTICAL DATA,nan
S5_C5_1,"Number of patients in program at 
end of cost reporting period",NUMERIC,S500000,S500000,00100,00500,RENAL STATISTICAL DATA,RENAL STATISTICAL DATA,nan
S5_C6_1,"Number of patients in program at 
end of cost reporting period",NUMERIC,S500000,S500000,00100,00600,RENAL STATISTICAL DATA,RENAL STATISTICAL DATA,nan
S5_C6_2,"Number of Times per week
 Patient receives Dialysis",NUMERIC,S500000,S500000,00200,00600,RENAL STATISTICAL DATA,RENAL STATISTICAL DATA,nan
A7_1_C1_1,Land,NUMERIC,A700001,"A-7, Part I: Capital Assets",00100,00100,ANALYSIS OF CHANGES IN NEW CAPITAL BALANCES - Beginning Balances,ANALYSIS OF CHANGES IN NEW CAPITAL BALANCES,Beginning Balances
A7_1_C1_2,Land Improvements,NUMERIC,A700001,"A-7, Part I: Capital Assets",00200,00100,ANALYSIS OF CHANGES IN NEW CAPITAL BALANCES - Beginning Balances,ANALYSIS OF CHANGES IN NEW CAPITAL BALANCES,Beginning Balances
A7_1_C1_3,Buildings and Fixtures,NUMERIC,A700001,"A-7, Part I: Capital Assets",00300,00100,ANALYSIS OF CHANGES IN NEW CAPITAL BALANCES - Beginning Balances,ANALYSIS OF CHANGES IN NEW CAPITAL BALANCES,Beginning Balances
A7_1_C2_3,Buildings and Fixtures,NUMERIC,A700001,"A-7, Part I: Capital Assets",00300,00200,ANALYSIS OF CHANGES IN NEW CAPITAL BALANCES - Purchases,ANALYSIS OF CHANGES IN NEW CAPITAL BALANCES,Purchases
A7_1_C2_6,Movable Equipment,NUMERIC,A700001,"A-7, Part I: Capital Assets",00600,00200,ANALYSIS OF CHANGES IN NEW CAPITAL BALANCES - Purchases,ANALYSIS OF CHANGES IN NEW CAPITAL BALANCES,Purchases
A7_3_C11_3,Total,NUMERIC,A700003,"A-7, Part III: Capital Assets",00300,01100,RECONCILIATION OF CAPITAL COST CENTERS - Interest,RECONCILIATION OF CAPITAL COST CENTERS,Interest
A8_C2_1,Investment Income-New Bldgs & Fixtures,NUMERIC,A800000,A-8: Adjustments to Expenses,00100,00200,Reclassification,ADJUSTMENTS,nan
A8_C2_14,Cafeteria employees and guests,NUMERIC,A800000,A-8: Adjustments to Expenses,01400,00200,Reclassification,ADJUSTMENTS,nan
A8_C2_2,Investment Income-New Movable Equip,NUMERIC,A800000,A-8: Adjustments to Expenses,00200,00200,Reclassification,ADJUSTMENTS,nan
A8_C2_28,Non-physician Anesthetist,NUMERIC,A800000,A-8: Adjustments to Expenses,02800,00200,Reclassification,ADJUSTMENTS,nan
A8_C2_4,"Trade, Quantity, and Time Discounts",NUMERIC,A800000,A-8: Adjustments to Expenses,00400,00200,Reclassification,ADJUSTMENTS,nan
A_C1_40,Subprovider-IPF,NUMERIC,A000000,A: Reclassification & Adjustment of Trial Balance,04000,00100,Salaries,TRIAL BALANCE OF EXPENSE ACCOUNTS,nan
A_C1_44,SNF,NUMERIC,A000000,A: Reclassification & Adjustment of Trial Balance,04400,00100,Salaries,TRIAL BALANCE OF EXPENSE ACCOUNTS,nan
A_C2_113,Interest Expense,NUMERIC,A000000,A: Reclassification & Adjustment of Trial Balance,11300,00200,Other Costs,TRIAL BALANCE OF EXPENSE ACCOUNTS,nan
A_C2_40,Subprovider-IPF,NUMERIC,A000000,A: Reclassification & Adjustment of Trial Balance,04000,00200,Other Costs,TRIAL BALANCE OF EXPENSE ACCOUNTS,nan
A_C2_44,SNF,NUMERIC,A000000,A: Reclassification & Adjustment of Trial Balance,04400,00200,Other Costs,TRIAL BALANCE OF EXPENSE ACCOUNTS,nan
A_C6_40,Subprovider-IPF,NUMERIC,A000000,A: Reclassification & Adjustment of Trial Balance,04000,00600,Reclassified Net Expenses,TRIAL BALANCE OF EXPENSE ACCOUNTS,nan
A_C6_44,SNF,NUMERIC,A000000,A: Reclassification & Adjustment of Trial Balance,04400,00600,Reclassified Net Expenses,TRIAL BALANCE OF EXPENSE ACCOUNTS,nan
B_1_C0_40,Subprovider-IPF,NUMERIC,B000001,"B, Part I: Cost Allocation - General",04000,00000,Statistical Basis / Cost Center,COST ALLOCATION,Net Expense for Cost Allocation
B_1_C0_44,SNF,NUMERIC,B000001,"B, Part I: Cost Allocation - General",04400,00000,Statistical Basis / Cost Center,COST ALLOCATION,Net Expense for Cost Allocation
B_1_C26_40,Subprovider-IPF,NUMERIC,B000001,"B, Part I: Cost Allocation - General",04000,02600,Stat Basis / Total,COST ALLOCATION,nan
B_1_C26_44,SNF,NUMERIC,B000001,"B, Part I: Cost Allocation - General",04400,02600,Stat Basis / Total,COST ALLOCATION,nan
B_2_C26_40,Subprovider-IPF,NUMERIC,B000002,"B, Part II: Cost Allocation",04000,02600,ALLOCATION OF NEW CAPITAL COSTS - TOTAL CAPITAL COSTS AFTER COST ALLOCATION,ALLOCATION OF NEW CAPITAL COSTS,TOTAL CAPITAL COSTS AFTER COST ALLOCATION
B_2_C26_44,SNF,NUMERIC,B000002,"B, Part II: Cost Allocation",04400,02600,ALLOCATION OF NEW CAPITAL COSTS - TOTAL CAPITAL COSTS AFTER COST ALLOCATION,ALLOCATION OF NEW CAPITAL COSTS,TOTAL CAPITAL COSTS AFTER COST ALLOCATION
C_1_C5_40,Subprovider-IPF,NUMERIC,C000001,"C, Part I: Ancillary & Outpatient Cost",04000,00500,Medicare Charges (Title XVIII PPS),COMPUTATION OF RATIO OF COST TO CHARGES,nan
C_1_C5_44,SNF,NUMERIC,C000001,"C, Part I: Ancillary & Outpatient Cost",04400,00500,Medicare Charges (Title XVIII PPS),COMPUTATION OF RATIO OF COST TO CHARGES,nan
C_1_C6_40,Subprovider-IPF,NUMERIC,C000001,"C, Part I: Ancillary & Outpatient Cost",04000,00600,Medicare Charges (Title XVIII Other),COMPUTATION OF RATIO OF COST TO CHARGES,Total Inpatient Charges
C_1_C6_44,SNF,NUMERIC,C000001,"C, Part I: Ancillary & Outpatient Cost",04400,00600,Medicare Charges (Title XVIII Other),COMPUTATION OF RATIO OF COST TO CHARGES,Total Inpatient Charges
D1_HOS_C1_26,Total Swing Bed Cost,NUMERIC,D10A181,D-1: Apportionment - Hospital (Old Age),02600,00100,Cost per Diem,COMPUTATION OF INPATIENT OPERATING COSTS,nan
D1_IPF_C1_27,net of Swing Bed Cost,NUMERIC,D10B181,D10B181,02700,00100,COMPUTATION OF INPATIENT OPERATING COSTS - General Inpatient Routine Service Cost,COMPUTATION OF INPATIENT OPERATING COSTS,General Inpatient Routine Service Cost
D1_IPF_C1_37,net of Swing Bed and Private Room Diff,NUMERIC,D10B181,D10B181,03700,00100,COMPUTATION OF INPATIENT OPERATING COSTS - General Inpatient Routine Service Cost,COMPUTATION OF INPATIENT OPERATING COSTS,General Inpatient Routine Service Cost
D1_IPF_C1_41,Total Program General Inpatient Routine,NUMERIC,D10B181,D10B181,04100,00100,COMPUTATION OF INPATIENT OPERATING COSTS - General Inpatient Routine Service Cost,COMPUTATION OF INPATIENT OPERATING COSTS,nan
D1_IPF_C1_48,Program Inpatient Ancillary Service Cost,NUMERIC,D10B181,D10B181,04800,00100,COMPUTATION OF INPATIENT OPERATING COSTS - General Inpatient Routine Service Cost,COMPUTATION OF INPATIENT OPERATING COSTS,nan
D1_IPF_C1_49,Total Program Inpatient Costs,NUMERIC,D10B181,D10B181,04900,00100,COMPUTATION OF INPATIENT OPERATING COSTS - General Inpatient Routine Service Cost,COMPUTATION OF INPATIENT OPERATING COSTS,nan
D1_IPF_C1_50,Pass through Cost for Program Inpatient,NUMERIC,D10B181,D10B181,05000,00100,COMPUTATION OF INPATIENT OPERATING COSTS - General Inpatient Routine Service Cost,COMPUTATION OF INPATIENT OPERATING COSTS,nan
D1_IPF_C1_51,Pass Through Cost for  Program Ancillary,NUMERIC,D10B181,D10B181,05100,00100,COMPUTATION OF INPATIENT OPERATING COSTS - General Inpatient Routine Service Cost,COMPUTATION OF INPATIENT OPERATING COSTS,nan
D1_IPF_C1_52,Total Program Excludable Costs,NUMERIC,D10B181,D10B181,05200,00100,COMPUTATION OF INPATIENT OPERATING COSTS - General Inpatient Routine Service Cost,COMPUTATION OF INPATIENT OPERATING COSTS,nan
D1_IPF_C1_53,"Anesthetist, and Medical Education Costs",NUMERIC,D10B181,D10B181,05300,00100,COMPUTATION OF INPATIENT OPERATING COSTS - General Inpatient Routine Service Cost,COMPUTATION OF INPATIENT OPERATING COSTS,"Total Program Inpatient Operating Cost excluding Capital Related, Nonphysician"
D1_SNF_C1_37,net of Swing Bed and Private Room Diff,NUMERIC,D10E181,D10E181,03700,00100,COMPUTATION OF INPATIENT OPERATING COSTS - General Inpatient Routine Service Cost,COMPUTATION OF INPATIENT OPERATING COSTS,General Inpatient Routine Service Cost
D1_SNF_C1_84,Program Ancillary Services,NUMERIC,D10E181,D10E181,08400,00100,COMPUTATION OF INPATIENT OPERATING COSTS - General Inpatient Routine Service Cost,COMPUTATION OF INPATIENT OPERATING COSTS,nan
D3_IPF_C2_200,TOTAL,NUMERIC,D30B180,D-3: Apportionment - IPF,20000,00200,Medicare Charges,INPATIENT ANCILLARY SERVICE COST APPORTIONMENT,nan
D3_IPF_C2_40,Subprovider-IPF,NUMERIC,D30B180,D-3: Apportionment - IPF,04000,00200,Medicare Charges,INPATIENT ANCILLARY SERVICE COST APPORTIONMENT,nan
D3_IPF_C3_200,TOTAL,NUMERIC,D30B180,D-3: Apportionment - IPF,20000,00300,Cost / Charge Ratio,INPATIENT ANCILLARY SERVICE COST APPORTIONMENT,nan
D3_SNF_C2_200,TOTAL,NUMERIC,D30E180,D-3: Apportionment - SNF,20000,00200,Medicare Charges,INPATIENT ANCILLARY SERVICE COST APPORTIONMENT,nan
D3_SNF_C2_202,TOTAL,NUMERIC,D30E180,D-3: Apportionment - SNF,20200,00200,Medicare Charges,INPATIENT ANCILLARY SERVICE COST APPORTIONMENT,nan
D3_SNF_C3_200,TOTAL,NUMERIC,D30E180,D-3: Apportionment - SNF,20000,00300,Cost / Charge Ratio,INPATIENT ANCILLARY SERVICE COST APPORTIONMENT,nan
D_1_HOS_C4_40,Subprovider-IPF,NUMERIC,D00A181,"D, Part I: Apportionment - Hospital",04000,00400,Title XVIII Days,APPORTIONMENT OF INPATIENT ROUTINE SERVICE CAPITAL COSTS,nan
D_1_HOS_C6_40,Subprovider-IPF,NUMERIC,D00A181,"D, Part I: Apportionment - Hospital",04000,00600,Title XVIII Discharges,APPORTIONMENT OF INPATIENT ROUTINE SERVICE CAPITAL COSTS,nan
D_1_HOS_C7_40,Subprovider-IPF,NUMERIC,D00A181,"D, Part I: Apportionment - Hospital",04000,00700,Total Days,APPORTIONMENT OF INPATIENT ROUTINE SERVICE CAPITAL COSTS,nan
D_2_IPF_C5_200,Total Salaries,NUMERIC,D00B182,"D, Part II: Apportionment - IPF",20000,00500,Settlement Amount,APPORTIONMENT OF INPATIENT ANCILLARY SERVICE CAPITAL COSTS,nan
E1_1_HOS_C4_1,Hospital | Line 1 | Col 4,UNKNOWN,,,1,4,,nan,nan
E2_SWSNF_C1_1,Swing Bed SNF | Line 1 | Col 1,NUMERIC,E20F180,E-2: Swing Bed SNF,00100,00100,CALCULATION OF REIMBURSEMENT SETTLEMENT,CALCULATION OF REIMBURSEMENT SETTLEMENT,nan
E2_SWSNF_C1_10,Swing Bed SNF | Line 10 | Col 1,NUMERIC,E20F180,E-2: Swing Bed SNF,01000,00100,CALCULATION OF REIMBURSEMENT SETTLEMENT,CALCULATION OF REIMBURSEMENT SETTLEMENT,nan
E2_SWSNF_C1_12,Swing Bed SNF | Line 12 | Col 1,NUMERIC,E20F180,E-2: Swing Bed SNF,01200,00100,CALCULATION OF REIMBURSEMENT SETTLEMENT,CALCULATION OF REIMBURSEMENT SETTLEMENT,nan
E2_SWSNF_C1_13,Swing Bed SNF | Line 13 | Col 1,NUMERIC,E20F180,E-2: Swing Bed SNF,01300,00100,CALCULATION OF REIMBURSEMENT SETTLEMENT,CALCULATION OF REIMBURSEMENT SETTLEMENT,nan
E2_SWSNF_C1_15,Swing Bed SNF | Line 15 | Col 1,NUMERIC,E20F180,E-2: Swing Bed SNF,01500,00100,CALCULATION OF REIMBURSEMENT SETTLEMENT,CALCULATION OF REIMBURSEMENT SETTLEMENT,nan
E2_SWSNF_C1_19,Swing Bed SNF | Line 19 | Col 1,NUMERIC,E20F180,E-2: Swing Bed SNF,01900,00100,CALCULATION OF REIMBURSEMENT SETTLEMENT,CALCULATION OF REIMBURSEMENT SETTLEMENT,nan
E2_SWSNF_C1_20,Swing Bed SNF | Line 20 | Col 1,NUMERIC,E20F180,E-2: Swing Bed SNF,02000,00100,CALCULATION OF REIMBURSEMENT SETTLEMENT,CALCULATION OF REIMBURSEMENT SETTLEMENT,nan
E2_SWSNF_C1_8,Swing Bed SNF | Line 8 | Col 1,NUMERIC,E20F180,E-2: Swing Bed SNF,00800,00100,CALCULATION OF REIMBURSEMENT SETTLEMENT,CALCULATION OF REIMBURSEMENT SETTLEMENT,nan
E3_2_IPF_C1_1,Inpatient Psychiatric Facility | Line 1 | Col 1,NUMERIC,E30B182,"E-3, Part II: Settlement - IPF",00100,00100,Amount,CALCULATION OF REIMBURSEMENT SETTLEMENT (PPS),nan
E3_2_IPF_C1_12,Inpatient Psychiatric Facility | Line 12 | Col 1,NUMERIC,E30B182,"E-3, Part II: Settlement - IPF",01200,00100,Amount,CALCULATION OF REIMBURSEMENT SETTLEMENT (PPS),nan
E3_2_IPF_C1_16,Inpatient Psychiatric Facility | Line 16 | Col 1,NUMERIC,E30B182,"E-3, Part II: Settlement - IPF",01600,00100,Amount,CALCULATION OF REIMBURSEMENT SETTLEMENT (PPS),nan
E3_2_IPF_C1_18,Inpatient Psychiatric Facility | Line 18 | Col 1,NUMERIC,E30B182,"E-3, Part II: Settlement - IPF",01800,00100,Amount,CALCULATION OF REIMBURSEMENT SETTLEMENT (PPS),nan
E3_2_IPF_C1_19,Inpatient Psychiatric Facility | Line 19 | Col 1,NUMERIC,E30B182,"E-3, Part II: Settlement - IPF",01900,00100,Amount,CALCULATION OF REIMBURSEMENT SETTLEMENT (PPS),nan
E3_2_IPF_C1_20,Inpatient Psychiatric Facility | Line 20 | Col 1,NUMERIC,E30B182,"E-3, Part II: Settlement - IPF",02000,00100,Amount,CALCULATION OF REIMBURSEMENT SETTLEMENT (PPS),nan
E3_2_IPF_C1_21,Inpatient Psychiatric Facility | Line 21 | Col 1,NUMERIC,E30B182,"E-3, Part II: Settlement - IPF",02100,00100,Amount,CALCULATION OF REIMBURSEMENT SETTLEMENT (PPS),nan
E3_2_IPF_C1_22,Inpatient Psychiatric Facility | Line 22 | Col 1,NUMERIC,E30B182,"E-3, Part II: Settlement - IPF",02200,00100,Amount,CALCULATION OF REIMBURSEMENT SETTLEMENT (PPS),nan
E3_2_IPF_C1_26,Inpatient Psychiatric Facility | Line 26 | Col 1,NUMERIC,E30B182,"E-3, Part II: Settlement - IPF",02600,00100,Amount,CALCULATION OF REIMBURSEMENT SETTLEMENT (PPS),nan
E3_2_IPF_C1_31,Inpatient Psychiatric Facility | Line 31 | Col 1,NUMERIC,E30B182,"E-3, Part II: Settlement - IPF",03100,00100,Amount,CALCULATION OF REIMBURSEMENT SETTLEMENT (PPS),nan
E3_2_IPF_C1_3101,Inpatient Psychiatric Facility | Line 31.01 | Col 1,NUMERIC,E30B182,"E-3, Part II: Settlement - IPF",03101,00100,Amount,CALCULATION OF REIMBURSEMENT SETTLEMENT (PPS),nan
E3_2_IPF_C1_32,Inpatient Psychiatric Facility | Line 32 | Col 1,NUMERIC,E30B182,"E-3, Part II: Settlement - IPF",03200,00100,Amount,CALCULATION OF REIMBURSEMENT SETTLEMENT (PPS),nan
E3_2_IPF_C1_34,Inpatient Psychiatric Facility | Line 34 | Col 1,NUMERIC,E30B182,"E-3, Part II: Settlement - IPF",03400,00100,Amount,CALCULATION OF REIMBURSEMENT SETTLEMENT (PPS),nan
E3_2_IPF_C1_9,Inpatient Psychiatric Facility | Line 9 | Col 1,NUMERIC,E30B182,"E-3, Part II: Settlement - IPF",00900,00100,Amount,CALCULATION OF REIMBURSEMENT SETTLEMENT (PPS),nan
E_A_HOS_C1_204,Hospital | Line 2.04 | Col 1,UNKNOWN,,,204,1,,nan,nan
E_A_HOS_C1_48,Hospital | Line 48 | Col 1,NUMERIC,E00A18A,"E, Part A: Settlement - Hospital",04800,00100,Amount,nan,nan
E_A_HOS_C1_62,Hospital | Line 62 | Col 1,NUMERIC,E00A18A,"E, Part A: Settlement - Hospital",06200,00100,Amount,nan,nan
E_A_HOS_C1_7093,HVBP payment adjustment amount,NUMERIC,E00A18A,"E, Part A: Settlement - Hospital",07093,00100,Amount,CALCULATION OF REIMBURSEMENT SETTLEMENT (PPS),
E_A_HOS_C1_7094,HRR adjustment amount,NUMERIC,E00A18A,"E, Part A: Settlement - Hospital",07094,00100,Amount,CALCULATION OF REIMBURSEMENT SETTLEMENT (PPS),
E_A_HOS_C1_7099,HAC reduction adjustment amount,NUMERIC,E00A18A,"E, Part A: Settlement - Hospital",07099,00100,Amount,CALCULATION OF REIMBURSEMENT SETTLEMENT (PPS),
E_A_HOS_C1_7101,Hospital | Line 71.01 | Col 1,NUMERIC,E00A18A,"E, Part A: Settlement - Hospital",07101,00100,Amount,nan,nan
E_A_HOS_C1_72,IPPS Interim payment,NUMERIC,E00A18A,"E, Part A: Settlement - Hospital",07200,00100,Amount,CALCULATION OF REIMBURSEMENT SETTLEMENT (PPS),
E_A_HOS_C2_35,Hospital | Line 35 | Col 2,NUMERIC,E00A18A,"E, Part A: Settlement - Hospital",03500,00200,CALCULATION OF REIMBURSEMENT SETTLEMENT (PPS),nan,nan
E_A_HOS_C2_3501,Hospital | Line 35.01 | Col 2,NUMERIC,E00A18A,"E, Part A: Settlement - Hospital",03501,00200,CALCULATION OF REIMBURSEMENT SETTLEMENT (PPS),nan,nan
E_B_HOS_C1_24,Total prospective payment,NUMERIC,E00A18B,"E, Part B: Settlement - Hospital",02400,00100,Amount,CALCULATION OF REIMBURSEMENT SETTLEMENT,
E_B_HOS_C1_26,Deductibles and coinsurance related to line 24,NUMERIC,E00A18B,"E, Part B: Settlement - Hospital",02600,00100,Amount,CALCULATION OF REIMBURSEMENT SETTLEMENT,
E_B_HOS_C1_27,Subtotal,NUMERIC,E00A18B,"E, Part B: Settlement - Hospital",02700,00100,Amount,CALCULATION OF REIMBURSEMENT SETTLEMENT,
E_B_HOS_C1_3,OPPS payments,NUMERIC,E00A18B,"E, Part B: Settlement - Hospital",00300,00100,Amount,CALCULATION OF REIMBURSEMENT SETTLEMENT,
E_B_HOS_C1_30,Subtotal,NUMERIC,E00A18B,"E, Part B: Settlement - Hospital",03000,00100,Amount,CALCULATION OF REIMBURSEMENT SETTLEMENT,
E_B_HOS_C1_32,Subtotal,NUMERIC,E00A18B,"E, Part B: Settlement - Hospital",03200,00100,Amount,CALCULATION OF REIMBURSEMENT SETTLEMENT,
E_B_HOS_C1_37,Subtotal,NUMERIC,E00A18B,"E, Part B: Settlement - Hospital",03700,00100,Amount,CALCULATION OF REIMBURSEMENT SETTLEMENT,
E_B_HOS_C1_4,Outlier payments,NUMERIC,E00A18B,"E, Part B: Settlement - Hospital",00400,00100,Amount,CALCULATION OF REIMBURSEMENT SETTLEMENT,
E_B_HOS_C1_40,Subtotal,NUMERIC,E00A18B,"E, Part B: Settlement - Hospital",04000,00100,Amount,CALCULATION OF REIMBURSEMENT SETTLEMENT,
E_B_HOS_C1_4001,Sequestration adjustment,NUMERIC,E00A18B,"E, Part B: Settlement - Hospital",04001,00100,Amount,CALCULATION OF REIMBURSEMENT SETTLEMENT,
E_B_HOS_C1_41,Interim payments,NUMERIC,E00A18B,"E, Part B: Settlement - Hospital",04100,00100,Amount,CALCULATION OF REIMBURSEMENT SETTLEMENT,
G2_C1_2,Line 2 | Col 1,NUMERIC,G200000,G-2: Statement of Changes in Fund Balance,00200,00100,General Fund,nan,nan
G2_C1_30,Line 30 | Col 1,NUMERIC,G200000,G-2: Statement of Changes in Fund Balance,03000,00100,General Fund,nan,nan
G2_C1_7,Line 7 | Col 1,NUMERIC,G200000,G-2: Statement of Changes in Fund Balance,00700,00100,General Fund,nan,nan
G2_C2_36,Line 36 | Col 2,NUMERIC,G200000,G-2: Statement of Changes in Fund Balance,03600,00200,Specific Purpose Fund,nan,nan
G3_C1_25,Total Other Income,NUMERIC,G300000,G-3: Statement of Revenue & Expenses,02500,00100,Amount,STATEMENT OF REVENUES AND EXPENSES,
L_1_HOS_C1_2,Hospital | Line 2 | Col 1,NUMERIC,L00A181,"L, Part I: Hospital",00200,00100,Amount,nan,nan
S10_1_C1_19,Line 19 | Col 1,UNKNOWN,,,19,1,,nan,nan
S10_1_C1_2,Line 2 | Col 1,UNKNOWN,,,2,1,,nan,nan
S10_1_C1_31,Line 31 | Col 1,UNKNOWN,,,31,1,,nan,nan
S10_1_C1_6,Line 6 | Col 1,UNKNOWN,,,6,1,,nan,nan
S10_1_C1_7,Line 7 | Col 1,UNKNOWN,,,7,1,,nan,nan
S10_1_C1_8,Line 8 | Col 1,UNKNOWN,,,8,1,,nan,nan
S2_1_C1_35,"If (SCH), enter the # of periods.",NUMERIC,S200001,"S-2, Part I: Hospital Identification",03500,00100,General Information,nan,nan
S3_1_C10_16,IPF,NUMERIC,S300001,"S-3, Part I: Utilization Data",01600,01000,Discharges (Title XIX Medicaid),Total Inpatient Days/Outpatient Visits,nan
S3_1_C10_19,SNF,NUMERIC,S300001,"S-3, Part I: Utilization Data",01900,01000,Discharges (Title XIX Medicaid),Total Inpatient Days/Outpatient Visits,nan
S3_1_C13_16,IPF,NUMERIC,S300001,"S-3, Part I: Utilization Data",01600,01300,Average Length of Stay,Total Inpatient Days/Outpatient Visits,nan
S3_1_C15_16,IPF,NUMERIC,S300001,"S-3, Part I: Utilization Data",01600,01500,Bed Days Available,Total Inpatient Days/Outpatient Visits,nan
S3_1_C2_16,IPF,NUMERIC,S300001,"S-3, Part I: Utilization Data",01600,00200,Inpatient Days (Title V & XVIII),NUMBER OF BEDS,nan
S3_1_C2_19,SNF,NUMERIC,S300001,"S-3, Part I: Utilization Data",01900,00200,Inpatient Days (Title V & XVIII),NUMBER OF BEDS,nan
S3_1_C3_16,IPF,NUMERIC,S300001,"S-3, Part I: Utilization Data",01600,00300,Inpatient Days (Title XVIII Medicare),BED DAYS AVAILABLE,nan
S3_1_C3_19,SNF,NUMERIC,S300001,"S-3, Part I: Utilization Data",01900,00300,Inpatient Days (Title XVIII Medicare),BED DAYS AVAILABLE,nan
S3_1_C6_16,IPF,NUMERIC,S300001,"S-3, Part I: Utilization Data",01600,00600,Total Inpatient Days,Medicare Inpatient Days/Outpatient Visits,nan
S3_1_C7_16,IPF,NUMERIC,S300001,"S-3, Part I: Utilization Data",01600,00700,% Medicare Days / Total Days,Medicaid Inpatient Days/Outpatient Visits,nan
S3_1_C7_28,Medicaid Observation Days,NUMERIC,S300001,"S-3, Part I: Utilization Data",02800,00700,% Medicare Days / Total Days,Medicaid Inpatient Days/Outpatient Visits,nan
S3_1_C8_16,IPF,NUMERIC,S300001,"S-3, Part I: Utilization Data",01600,00800,Total Discharges,Total Inpatient Days/Outpatient Visits,nan
S3_1_C8_19,SNF,NUMERIC,S300001,"S-3, Part I: Utilization Data",01900,00800,Total Discharges,Total Inpatient Days/Outpatient Visits,nan
S3_2_C2_24,Wage Related Costs RHC/FQHC,NUMERIC,S300002,"S-3, Part II: Medicaid Ratio",02400,00200,Medicare Charges,HOSPITAL WAGE INDEX DATA,AMOUNT REPORTED
S3_2_C2_30,Operation of Plant,NUMERIC,S300002,"S-3, Part II: Medicaid Ratio",03000,00200,Medicare Charges,HOSPITAL WAGE INDEX DATA,AMOUNT REPORTED
S3_2_C2_6,Non-Physician Part B,NUMERIC,S300002,"S-3, Part II: Medicaid Ratio",00600,00200,Medicare Charges,HOSPITAL WAGE INDEX DATA,AMOUNT REPORTED
S3_2_C2_9,SNF,NUMERIC,S300002,"S-3, Part II: Medicaid Ratio",00900,00200,Medicare Charges,HOSPITAL WAGE INDEX DATA,AMOUNT REPORTED
S3_2_C4_24,Wage Related Costs RHC/FQHC,NUMERIC,S300002,"S-3, Part II: Medicaid Ratio",02400,00400,Cost Center Code,HOSPITAL WAGE INDEX DATA,ADJUSTED SALARIES
S3_2_C4_30,Operation of Plant,NUMERIC,S300002,"S-3, Part II: Medicaid Ratio",03000,00400,Cost Center Code,HOSPITAL WAGE INDEX DATA,ADJUSTED SALARIES
S3_2_C4_6,Non-Physician Part B,NUMERIC,S300002,"S-3, Part II: Medicaid Ratio",00600,00400,Cost Center Code,HOSPITAL WAGE INDEX DATA,ADJUSTED SALARIES
S3_2_C4_9,SNF,NUMERIC,S300002,"S-3, Part II: Medicaid Ratio",00900,00400,Cost Center Code,HOSPITAL WAGE INDEX DATA,ADJUSTED SALARIES
S3_2_C5_30,Operation of Plant,NUMERIC,S300002,"S-3, Part II: Medicaid Ratio",03000,00500,Medicare Visits,HOSPITAL WAGE INDEX DATA,PAID HOURS RELATED TO SALARIES
S3_2_C5_6,Non-Physician Part B,NUMERIC,S300002,"S-3, Part II: Medicaid Ratio",00600,00500,Medicare Visits,HOSPITAL WAGE INDEX DATA,PAID HOURS RELATED TO SALARIES
S3_2_C5_9,SNF,NUMERIC,S300002,"S-3, Part II: Medicaid Ratio",00900,00500,Medicare Visits,HOSPITAL WAGE INDEX DATA,PAID HOURS RELATED TO SALARIES
S3_2_C6_30,Operation of Plant,NUMERIC,S300002,"S-3, Part II: Medicaid Ratio",03000,00600,Total Visits,HOSPITAL WAGE INDEX DATA,AVERAGE HOURLY WAGE
S3_2_C6_6,Non-Physician Part B,NUMERIC,S300002,"S-3, Part II: Medicaid Ratio",00600,00600,Total Visits,HOSPITAL WAGE INDEX DATA,AVERAGE HOURLY WAGE
S3_2_C6_9,SNF,NUMERIC,S300002,"S-3, Part II: Medicaid Ratio",00900,00600,Total Visits,HOSPITAL WAGE INDEX DATA,AVERAGE HOURLY WAGE
A7_1_C1_4,Building Improvements,NUMERIC,A700001,"A-7, Part I: Capital Assets",00400,00100,ANALYSIS OF CHANGES IN NEW CAPITAL BALANCES - Beginning Balances,ANALYSIS OF CHANGES IN NEW CAPITAL BALANCES,Beginning Balances
A7_3_C10_3,Total,NUMERIC,A700003,"A-7, Part III: Capital Assets",00300,01000,RECONCILIATION OF CAPITAL COST CENTERS - Lease,RECONCILIATION OF CAPITAL COST CENTERS,Lease
A7_3_C5_3,Total,NUMERIC,A700003,"A-7, Part III: Capital Assets",00300,00500,RECONCILIATION OF CAPITAL COST CENTERS - Insurance,RECONCILIATION OF CAPITAL COST CENTERS,Insurance
A7_3_C6_3,Total,NUMERIC,A700003,"A-7, Part III: Capital Assets",00300,00600,RECONCILIATION OF CAPITAL COST CENTERS - Taxes,RECONCILIATION OF CAPITAL COST CENTERS,Taxes
A8_C2_7,Telephone Services,NUMERIC,A800000,A-8: Adjustments to Expenses,00700,00200,Reclassification,ADJUSTMENTS,nan
A_C2_3,Other Capital,NUMERIC,A000000,A: Reclassification & Adjustment of Trial Balance,00300,00200,Other Costs,TRIAL BALANCE OF EXPENSE ACCOUNTS,nan
E_A_HOS_C1_3502,Hospital | Line 35.02 | Col 1,NUMERIC,E00A18A,"E, Part A: Settlement - Hospital",03502,00100,Amount,nan,nan
E_A_HOS_C1_3503,Hospital | Line 35.03 | Col 1,NUMERIC,E00A18A,"E, Part A: Settlement - Hospital",03503,00100,Amount,nan,nan
E_A_HOS_C1_36,Hospital | Line 36 | Col 1,NUMERIC,E00A18A,"E, Part A: Settlement - Hospital",03600,00100,Amount,nan,nan
E_A_HOS_C1_63,Hospital | Line 63 | Col 1,NUMERIC,E00A18A,"E, Part A: Settlement - Hospital",06300,00100,Amount,nan,nan
E_A_HOS_C1_75,Hospital | Line 75 | Col 1,NUMERIC,E00A18A,"E, Part A: Settlement - Hospital",07500,00100,Amount,nan,nan
E_B_HOS_C1_25,Deductibles and coinsurance,NUMERIC,E00A18B,"E, Part B: Settlement - Hospital",02500,00100,Amount,CALCULATION OF REIMBURSEMENT SETTLEMENT,
E_B_HOS_C1_44,Protested amounts,NUMERIC,E00A18B,"E, Part B: Settlement - Hospital",04400,00100,Amount,CALCULATION OF REIMBURSEMENT SETTLEMENT,
G3_C1_22,Line 22 | Col 1,NUMERIC,G300000,G-3: Statement of Revenue & Expenses,02200,00100,Amount,nan,nan
L_1_HOS_C1_10,Hospital | Line 10 | Col 1,NUMERIC,L00A181,"L, Part I: Hospital",01000,00100,Amount,nan,nan
L_1_HOS_C1_11,Hospital | Line 11 | Col 1,NUMERIC,L00A181,"L, Part I: Hospital",01100,00100,Amount,nan,nan
L_1_HOS_C1_7,Hospital | Line 7 | Col 1,NUMERIC,L00A181,"L, Part I: Hospital",00700,00100,Amount,nan,nan
L_1_HOS_C1_8,Hospital | Line 8 | Col 1,NUMERIC,L00A181,"L, Part I: Hospital",00800,00100,Amount,nan,nan
L_1_HOS_C1_9,Hospital | Line 9 | Col 1,NUMERIC,L00A181,"L, Part I: Hospital",00900,00100,Amount,nan,nan
S10_1_C1_20,Line 20 | Col 1,UNKNOWN,,,20,1,,nan,nan
S10_1_C1_21,Line 21 | Col 1,UNKNOWN,,,21,1,,nan,nan
S10_1_C1_23,Line 23 | Col 1,UNKNOWN,,,23,1,,nan,nan
S10_1_C1_30,Line 30 | Col 1,UNKNOWN,,,30,1,,nan,nan
S10_1_C2_20,Line 20 | Col 2,UNKNOWN,,,20,2,,nan,nan
S10_1_C2_21,Line 21 | Col 2,UNKNOWN,,,21,2,,nan,nan
S10_1_C2_23,Line 23 | Col 2,UNKNOWN,,,23,2,,nan,nan
S10_1_C3_20,Line 20 | Col 3,UNKNOWN,,,20,3,,nan,nan
S10_1_C3_21,Line 21 | Col 3,UNKNOWN,,,21,3,,nan,nan
S10_1_C3_23,Line 23 | Col 3,UNKNOWN,,,23,3,,nan,nan
S10_2_C1_20,Line 20 | Col 1,UNKNOWN,,,20,1,,nan,nan
S10_2_C1_21,Line 21 | Col 1,UNKNOWN,,,21,1,,nan,nan
S10_2_C1_23,Line 23 | Col 1,UNKNOWN,,,23,1,,nan,nan
S10_2_C1_30,Line 30 | Col 1,UNKNOWN,,,30,1,,nan,nan
S10_2_C1_31,Line 31 | Col 1,UNKNOWN,,,31,1,,nan,nan
S10_2_C2_20,Line 20 | Col 2,UNKNOWN,,,20,2,,nan,nan
S10_2_C2_21,Line 21 | Col 2,UNKNOWN,,,21,2,,nan,nan
S10_2_C2_23,Line 23 | Col 2,UNKNOWN,,,23,2,,nan,nan
S10_2_C3_20,Line 20 | Col 3,UNKNOWN,,,20,3,,nan,nan
S10_2_C3_21,Line 21 | Col 3,UNKNOWN,,,21,3,,nan,nan
S10_2_C3_23,Line 23 | Col 3,UNKNOWN,,,23,3,,nan,nan
S2_1_C1_24,In State Medicaid paid days,NUMERIC,S200001,"S-2, Part I: Hospital Identification",02400,00100,General Information,nan,nan
S2_1_C4_24,Out of State Medicaid eligible days,NUMERIC,S200001,"S-2, Part I: Hospital Identification",02400,00400,Hospital Type / Provider Type,nan,nan
A7_1_C2_4,Building Improvements,NUMERIC,A700001,"A-7, Part I: Capital Assets",00400,00200,ANALYSIS OF CHANGES IN NEW CAPITAL BALANCES - Purchases,ANALYSIS OF CHANGES IN NEW CAPITAL BALANCES,Purchases
A7_1_C5_4,Building Improvements,NUMERIC,A700001,"A-7, Part I: Capital Assets",00400,00500,ANALYSIS OF CHANGES IN NEW CAPITAL BALANCES - Disposals and Retirements,ANALYSIS OF CHANGES IN NEW CAPITAL BALANCES,Disposals and Retirements
A7_1_C5_5,Fixed Equipment,NUMERIC,A700001,"A-7, Part I: Capital Assets",00500,00500,ANALYSIS OF CHANGES IN NEW CAPITAL BALANCES - Disposals and Retirements,ANALYSIS OF CHANGES IN NEW CAPITAL BALANCES,Disposals and Retirements
A8_C2_12,Related Organization Transactions,NUMERIC,A800000,A-8: Adjustments to Expenses,01200,00200,Reclassification,ADJUSTMENTS,nan
E_A_HOS_C1_64,Hospital | Line 64 | Col 1,NUMERIC,E00A18A,"E, Part A: Settlement - Hospital",06400,00100,Amount,nan,nan
E_A_HOS_C1_65,Hospital | Line 65 | Col 1,NUMERIC,E00A18A,"E, Part A: Settlement - Hospital",06500,00100,Amount,nan,nan
E_A_HOS_C1_66,Hospital | Line 66 | Col 1,NUMERIC,E00A18A,"E, Part A: Settlement - Hospital",06600,00100,Amount,nan,nan
E_A_HOS_C2_3502,Hospital | Line 35.02 | Col 2,NUMERIC,E00A18A,"E, Part A: Settlement - Hospital",03502,00200,CALCULATION OF REIMBURSEMENT SETTLEMENT (PPS),nan,nan
E_A_HOS_C2_3503,Hospital | Line 35.03 | Col 2,NUMERIC,E00A18A,"E, Part A: Settlement - Hospital",03503,00200,CALCULATION OF REIMBURSEMENT SETTLEMENT (PPS),nan,nan
E_B_HOS_C1_34,Allowable bad debts,NUMERIC,E00A18B,"E, Part B: Settlement - Hospital",03400,00100,Amount,CALCULATION OF REIMBURSEMENT SETTLEMENT,
E_B_HOS_C1_35,Adjusted reimburseable bad debts,NUMERIC,E00A18B,"E, Part B: Settlement - Hospital",03500,00100,Amount,CALCULATION OF REIMBURSEMENT SETTLEMENT,
E_B_HOS_C1_36,Allowable bad debts for dual eligibles beneficiaries,NUMERIC,E00A18B,"E, Part B: Settlement - Hospital",03600,00100,Amount,CALCULATION OF REIMBURSEMENT SETTLEMENT,
E_B_HOS_C1_43,Balance due provider/program,NUMERIC,E00A18B,"E, Part B: Settlement - Hospital",04300,00100,Amount,CALCULATION OF REIMBURSEMENT SETTLEMENT,
G3_C1_10,Line 10 | Col 1,NUMERIC,G300000,G-3: Statement of Revenue & Expenses,01000,00100,Amount,nan,nan
G3_C1_20,Line 20 | Col 1,NUMERIC,G300000,G-3: Statement of Revenue & Expenses,02000,00100,Amount,nan,nan
G3_C1_27,Line 27 | Col 1,NUMERIC,G300000,G-3: Statement of Revenue & Expenses,02700,00100,Amount,nan,nan
G3_C1_28,Total Other Expenses,NUMERIC,G300000,G-3: Statement of Revenue & Expenses,02800,00100,Amount,STATEMENT OF REVENUES AND EXPENSES,
S10_1_C1_10,Line 10 | Col 1,UNKNOWN,,,10,1,,nan,nan
S10_1_C1_11,Line 11 | Col 1,UNKNOWN,,,11,1,,nan,nan
S10_1_C1_12,Line 12 | Col 1,UNKNOWN,,,12,1,,nan,nan
S10_1_C1_18,Line 18 | Col 1,UNKNOWN,,,18,1,,nan,nan
S10_1_C1_22,Line 22 | Col 1,UNKNOWN,,,22,1,,nan,nan
S10_1_C1_2501,Line 25.01 | Col 1,UNKNOWN,,,2501,1,,nan,nan
S10_1_C1_26,Line 26 | Col 1,UNKNOWN,,,26,1,,nan,nan
S10_1_C1_27,Line 27 | Col 1,UNKNOWN,,,27,1,,nan,nan
S10_1_C1_2701,Line 27.01 | Col 1,UNKNOWN,,,2701,1,,nan,nan
S10_1_C1_28,Line 28 | Col 1,UNKNOWN,,,28,1,,nan,nan
S10_1_C1_29,Line 29 | Col 1,UNKNOWN,,,29,1,,nan,nan
S10_1_C1_5,Line 5 | Col 1,UNKNOWN,,,5,1,,nan,nan
S10_1_C1_9,Line 9 | Col 1,UNKNOWN,,,9,1,,nan,nan
S10_1_C3_22,Line 22 | Col 3,UNKNOWN,,,22,3,,nan,nan
S10_2_C1_22,Line 22 | Col 1,UNKNOWN,,,22,1,,nan,nan
S10_2_C1_2501,Line 25.01 | Col 1,UNKNOWN,,,2501,1,,nan,nan
S10_2_C1_26,Line 26 | Col 1,UNKNOWN,,,26,1,,nan,nan
S10_2_C1_27,Line 27 | Col 1,UNKNOWN,,,27,1,,nan,nan
S10_2_C1_2701,Line 27.01 | Col 1,UNKNOWN,,,2701,1,,nan,nan
S10_2_C1_28,Line 28 | Col 1,UNKNOWN,,,28,1,,nan,nan
S10_2_C1_29,Line 29 | Col 1,UNKNOWN,,,29,1,,nan,nan
S10_2_C3_22,Line 22 | Col 3,UNKNOWN,,,22,3,,nan,nan
S2_1_C3_11801,Self Insurance,NUMERIC,S200001,"S-2, Part I: Hospital Identification",11801,00300,MSA / Payment System,nan,nan
S3_2_C2_11,Contract Labor,NUMERIC,S300002,"S-3, Part II: Medicaid Ratio",01100,00200,Medicare Charges,HOSPITAL WAGE INDEX DATA,AMOUNT REPORTED
S3_2_C2_13,Contract Labor: Pysician Part A,NUMERIC,S300002,"S-3, Part II: Medicaid Ratio",01300,00200,Medicare Charges,HOSPITAL WAGE INDEX DATA,AMOUNT REPORTED
S3_2_C2_1401,Home Office Salaries,NUMERIC,S300002,"S-3, Part II: Medicaid Ratio",01401,00200,Medicare Charges,HOSPITAL WAGE INDEX DATA,AMOUNT REPORTED
S3_2_C2_2550,Interns & Residents,NUMERIC,S300002,"S-3, Part II: Medicaid Ratio",02550,00200,Medicare Charges,HOSPITAL WAGE INDEX DATA,AMOUNT REPORTED
S3_2_C2_28,Administrative & General under contract,NUMERIC,S300002,"S-3, Part II: Medicaid Ratio",02800,00200,Medicare Charges,HOSPITAL WAGE INDEX DATA,AMOUNT REPORTED
S3_2_C2_33,Housekeeping under contract,NUMERIC,S300002,"S-3, Part II: Medicaid Ratio",03300,00200,Medicare Charges,HOSPITAL WAGE INDEX DATA,AMOUNT REPORTED
S3_2_C2_35,Dietary under contract,NUMERIC,S300002,"S-3, Part II: Medicaid Ratio",03500,00200,Medicare Charges,HOSPITAL WAGE INDEX DATA,AMOUNT REPORTED
S3_2_C4_11,Contract Labor,NUMERIC,S300002,"S-3, Part II: Medicaid Ratio",01100,00400,Cost Center Code,HOSPITAL WAGE INDEX DATA,ADJUSTED SALARIES
S3_2_C4_13,Contract Labor:  Physician Part A,NUMERIC,S300002,"S-3, Part II: Medicaid Ratio",01300,00400,Cost Center Code,HOSPITAL WAGE INDEX DATA,ADJUSTED SALARIES
S3_2_C4_1401,Home Office Salaries,NUMERIC,S300002,"S-3, Part II: Medicaid Ratio",01401,00400,Cost Center Code,HOSPITAL WAGE INDEX DATA,ADJUSTED SALARIES
S3_2_C4_2550,Interns & Residents,NUMERIC,S300002,"S-3, Part II: Medicaid Ratio",02550,00400,Cost Center Code,HOSPITAL WAGE INDEX DATA,ADJUSTED SALARIES
S3_2_C4_28,Administrative & General under contract,NUMERIC,S300002,"S-3, Part II: Medicaid Ratio",02800,00400,Cost Center Code,HOSPITAL WAGE INDEX DATA,ADJUSTED SALARIES
S3_2_C4_33,Housekeeping under contract,NUMERIC,S300002,"S-3, Part II: Medicaid Ratio",03300,00400,Cost Center Code,HOSPITAL WAGE INDEX DATA,ADJUSTED SALARIES
S3_2_C4_35,Dietary under contract,NUMERIC,S300002,"S-3, Part II: Medicaid Ratio",03500,00400,Cost Center Code,HOSPITAL WAGE INDEX DATA,ADJUSTED SALARIES
S3_2_C5_11,Contract Labor,NUMERIC,S300002,"S-3, Part II: Medicaid Ratio",01100,00500,Medicare Visits,HOSPITAL WAGE INDEX DATA,PAID HOURS RELATED TO SALARIES
S3_2_C5_13,Contract Labor:  Physician Part A,NUMERIC,S300002,"S-3, Part II: Medicaid Ratio",01300,00500,Medicare Visits,HOSPITAL WAGE INDEX DATA,PAID HOURS RELATED TO SALARIES
S3_2_C5_28,Administrative and General under Contract,NUMERIC,S300002,"S-3, Part II: Medicaid Ratio",02800,00500,Medicare Visits,HOSPITAL WAGE INDEX DATA,PAID HOURS RELATED TO SALARIES
S3_2_C5_33,Housekeeping under Contract,NUMERIC,S300002,"S-3, Part II: Medicaid Ratio",03300,00500,Medicare Visits,HOSPITAL WAGE INDEX DATA,PAID HOURS RELATED TO SALARIES
S3_2_C5_35,Dietary under Contract,NUMERIC,S300002,"S-3, Part II: Medicaid Ratio",03500,00500,Medicare Visits,HOSPITAL WAGE INDEX DATA,PAID HOURS RELATED TO SALARIES
S3_2_C6_11,Contract Labor,NUMERIC,S300002,"S-3, Part II: Medicaid Ratio",01100,00600,Total Visits,HOSPITAL WAGE INDEX DATA,AVERAGE HOURLY WAGE
S3_2_C6_13,Contract Labor:  Physician Part A,NUMERIC,S300002,"S-3, Part II: Medicaid Ratio",01300,00600,Total Visits,HOSPITAL WAGE INDEX DATA,AVERAGE HOURLY WAGE
S3_2_C6_1401,Home Office Salaries,NUMERIC,S300002,"S-3, Part II: Medicaid Ratio",01401,00600,Total Visits,HOSPITAL WAGE INDEX DATA,AVERAGE HOURLY WAGE
S3_2_C6_28,Administrative and General under Contract,NUMERIC,S300002,"S-3, Part II: Medicaid Ratio",02800,00600,Total Visits,HOSPITAL WAGE INDEX DATA,AVERAGE HOURLY WAGE
S3_2_C6_33,Housekeeping under Contract,NUMERIC,S300002,"S-3, Part II: Medicaid Ratio",03300,00600,Total Visits,HOSPITAL WAGE INDEX DATA,AVERAGE HOURLY WAGE
S3_2_C6_35,Dietary under Contract,NUMERIC,S300002,"S-3, Part II: Medicaid Ratio",03500,00600,Total Visits,HOSPITAL WAGE INDEX DATA,AVERAGE HOURLY WAGE
S3_3_C2_4,Subtotal Other Wages and Related Csts,NUMERIC,S300003,S300003,00400,00200,HOSPITAL WAGE INDEX DATA - AMOUNT REPORTED,HOSPITAL WAGE INDEX DATA,AMOUNT REPORTED
S3_3_C4_4,Subtotal Other Wages and Related Csts,NUMERIC,S300003,S300003,00400,00400,HOSPITAL WAGE INDEX DATA - ADJUSTED SALARIES,HOSPITAL WAGE INDEX DATA,ADJUSTED SALARIES
S3_3_C5_4,Subtotal Other Wages and Related Csts,NUMERIC,S300003,S300003,00400,00500,HOSPITAL WAGE INDEX DATA - PAID HOURS RELATED TO SALARIES,HOSPITAL WAGE INDEX DATA,PAID HOURS RELATED TO SALARIES
S3_3_C6_4,Subtotal Other Wages and Related Csts,NUMERIC,S300003,S300003,00400,00600,HOSPITAL WAGE INDEX DATA - AVERAGE HOURLY WAGE,HOSPITAL WAGE INDEX DATA,AVERAGE HOURLY WAGE
S3_5_C1_1,Line 1 | Col 1,NUMERIC,S300005,"S-3, Part V: Utilization Data",00100,00100,HOSPITAL CONTRACT LABOR AND BENEFIT COST,nan,nan
S3_5_C1_2,Line 2 | Col 1,NUMERIC,S300005,"S-3, Part V: Utilization Data",00200,00100,HOSPITAL CONTRACT LABOR AND BENEFIT COST,nan,nan
A7_1_C2_2,Land Improvements,NUMERIC,A700001,"A-7, Part I: Capital Assets",00200,00200,ANALYSIS OF CHANGES IN NEW CAPITAL BALANCES - Purchases,ANALYSIS OF CHANGES IN NEW CAPITAL BALANCES,Purchases
A7_1_C3_10,Total,NUMERIC,A700001,"A-7, Part I: Capital Assets",01000,00300,Cost of Assets (Historical),ANALYSIS OF CHANGES IN NEW CAPITAL BALANCES,Donations
A7_1_C3_5,Fixed Equipment,NUMERIC,A700001,"A-7, Part I: Capital Assets",00500,00300,Cost of Assets (Historical),ANALYSIS OF CHANGES IN NEW CAPITAL BALANCES,Donations
A7_1_C3_6,Movable Equipment,NUMERIC,A700001,"A-7, Part I: Capital Assets",00600,00300,Cost of Assets (Historical),ANALYSIS OF CHANGES IN NEW CAPITAL BALANCES,Donations
A7_1_C3_8,Subtotal,NUMERIC,A700001,"A-7, Part I: Capital Assets",00800,00300,Cost of Assets (Historical),ANALYSIS OF CHANGES IN NEW CAPITAL BALANCES,Donations
A8_C2_5,Refunds and Rebates of Expenses,NUMERIC,A800000,A-8: Adjustments to Expenses,00500,00200,Reclassification,ADJUSTMENTS,nan
D_5_HOS_C3_200,Total,NUMERIC,D00A185,"D, Part V: Apportionment - Hospital",20000,00300,APPORTIONMENT OF MEDICAL AND OTHER HEALTH SERVICES - COST REIMBURSED SERVICES SUBJECT TO DEDUCTIBLES  AND COINSURANCE - CHARGES,APPORTIONMENT OF MEDICAL AND OTHER HEALTH SERVICES,COST REIMBURSED SERVICES SUBJECT TO DEDUCTIBLES  AND COINSURANCE - CHARGES
D_5_HOS_C6_200,Total,NUMERIC,D00A185,"D, Part V: Apportionment - Hospital",20000,00600,APPORTIONMENT OF MEDICAL AND OTHER HEALTH SERVICES - COST SERVICES SUBJECT TO DEDUCTIBLES AND COINSURANCE - COST,APPORTIONMENT OF MEDICAL AND OTHER HEALTH SERVICES,COST SERVICES SUBJECT TO DEDUCTIBLES AND COINSURANCE - COST
E3_5_C1_1,Line 1 | Col 1,NUMERIC,E30A185,"E-3, Part V: Settlement - Hospital",00100,00100,Amount,nan,nan
E3_5_C1_19,Line 19 | Col 1,NUMERIC,E30A185,"E-3, Part V: Settlement - Hospital",01900,00100,Amount,nan,nan
E3_5_C1_20,Line 20 | Col 1,NUMERIC,E30A185,"E-3, Part V: Settlement - Hospital",02000,00100,Amount,nan,nan
E3_5_C1_22,Line 22 | Col 1,NUMERIC,E30A185,"E-3, Part V: Settlement - Hospital",02200,00100,Amount,nan,nan
E3_5_C1_24,Line 24 | Col 1,NUMERIC,E30A185,"E-3, Part V: Settlement - Hospital",02400,00100,Amount,nan,nan
E3_5_C1_28,Line 28 | Col 1,NUMERIC,E30A185,"E-3, Part V: Settlement - Hospital",02800,00100,Amount,nan,nan
E3_5_C1_30,Line 30 | Col 1,NUMERIC,E30A185,"E-3, Part V: Settlement - Hospital",03000,00100,Amount,nan,nan
E3_5_C1_3001,Line 30.01 | Col 1,UNKNOWN,,,3001,1,,nan,nan
E3_5_C1_31,Line 31 | Col 1,NUMERIC,E30A185,"E-3, Part V: Settlement - Hospital",03100,00100,Amount,nan,nan
E3_5_C1_33,Line 33 | Col 1,NUMERIC,E30A185,"E-3, Part V: Settlement - Hospital",03300,00100,Amount,nan,nan
E3_5_C1_4,Line 4 | Col 1,NUMERIC,E30A185,"E-3, Part V: Settlement - Hospital",00400,00100,Amount,nan,nan
E3_5_C1_6,Line 6 | Col 1,NUMERIC,E30A185,"E-3, Part V: Settlement - Hospital",00600,00100,Amount,nan,nan
E_B_HOS_C1_1,Medical and Other Services,NUMERIC,E00A18B,"E, Part B: Settlement - Hospital",00100,00100,Amount,CALCULATION OF REIMBURSEMENT SETTLEMENT,
E_B_HOS_C1_11,Total cost,NUMERIC,E00A18B,"E, Part B: Settlement - Hospital",01100,00100,Amount,CALCULATION OF REIMBURSEMENT SETTLEMENT,
E_B_HOS_C1_21,Lesser of cost or charges,NUMERIC,E00A18B,"E, Part B: Settlement - Hospital",02100,00100,Amount,CALCULATION OF REIMBURSEMENT SETTLEMENT,
E_B_HOS_C1_31,Primary payer payments,NUMERIC,E00A18B,"E, Part B: Settlement - Hospital",03100,00100,Amount,CALCULATION OF REIMBURSEMENT SETTLEMENT,
G3_C1_11,Line 11 | Col 1,NUMERIC,G300000,G-3: Statement of Revenue & Expenses,01100,00100,Amount,nan,nan
G3_C1_23,Line 23 | Col 1,NUMERIC,G300000,G-3: Statement of Revenue & Expenses,02300,00100,Amount,nan,nan
G3_C1_7,Line 7 | Col 1,NUMERIC,G300000,G-3: Statement of Revenue & Expenses,00700,00100,Amount,nan,nan
S3_1_C4_1,Hospital Adults & Pediatrics,NUMERIC,S300001,"S-3, Part I: Utilization Data",00100,00400,Discharges (Title XVIII Medicare),BED DAYS AVAILABLE,nan
S3_1_C4_14,Total Hospital,NUMERIC,S300001,"S-3, Part I: Utilization Data",01400,00400,Discharges (Title XVIII Medicare),BED DAYS AVAILABLE,nan
S3_1_C4_7,Total Hospital,NUMERIC,S300001,"S-3, Part I: Utilization Data",00700,00400,Discharges (Title XVIII Medicare),BED DAYS AVAILABLE,nan
A8_C2_8,Television and Radio Service,NUMERIC,A800000,A-8: Adjustments to Expenses,00800,00200,Reclassification,ADJUSTMENTS,nan
A_C2_43,Nursery,NUMERIC,A000000,A: Reclassification & Adjustment of Trial Balance,04300,00200,Other Costs,TRIAL BALANCE OF EXPENSE ACCOUNTS,nan
B_2_C26_200,Cross Foot Adjustments,NUMERIC,B000002,"B, Part II: Cost Allocation",20000,02600,ALLOCATION OF NEW CAPITAL COSTS - TOTAL CAPITAL COSTS AFTER COST ALLOCATION,ALLOCATION OF NEW CAPITAL COSTS,nan
D3_IPF_C2_74,Renal Dialysis,NUMERIC,D30B180,D-3: Apportionment - IPF,07400,00200,Medicare Charges,INPATIENT ANCILLARY SERVICE COST APPORTIONMENT,nan
D3_IPF_C3_74,Renal Dialysis,NUMERIC,D30B180,D-3: Apportionment - IPF,07400,00300,Cost / Charge Ratio,INPATIENT ANCILLARY SERVICE COST APPORTIONMENT,nan
D_2_IPF_C5_74,Inpatient Psychiatric Facility | Line 74 | Col 5,NUMERIC,D00B182,"D, Part II: Apportionment - IPF",07400,00500,Settlement Amount,APPORTIONMENT OF INPATIENT ANCILLARY SERVICE CAPITAL COSTS,nan
D_3_HOS_C2_200,Total Allied Health Cost,NUMERIC,D00A183,"D, Part III: Apportionment - Hospital",20000,00200,APPORTIONMENT OF INPATIENT ROUTINE SERVICE OTHER PASS THROUGH COSTS,APPORTIONMENT OF INPATIENT ROUTINE SERVICE OTHER PASS THROUGH COSTS,nan
D_3_HOS_C5_200,Total Costs,NUMERIC,D00A183,"D, Part III: Apportionment - Hospital",20000,00500,APPORTIONMENT OF INPATIENT ROUTINE SERVICE OTHER PASS THROUGH COSTS,APPORTIONMENT OF INPATIENT ROUTINE SERVICE OTHER PASS THROUGH COSTS,nan
D_3_HOS_C9_200,Total,NUMERIC,D00A183,"D, Part III: Apportionment - Hospital",20000,00900,APPORTIONMENT OF INPATIENT ROUTINE SERVICE OTHER PASS THROUGH COSTS,APPORTIONMENT OF INPATIENT ROUTINE SERVICE OTHER PASS THROUGH COSTS,nan
D_3_HOS_C9_30,Adults & Pediatrics,NUMERIC,D00A183,"D, Part III: Apportionment - Hospital",03000,00900,APPORTIONMENT OF INPATIENT ROUTINE SERVICE OTHER PASS THROUGH COSTS,APPORTIONMENT OF INPATIENT ROUTINE SERVICE OTHER PASS THROUGH COSTS,nan
D_3_HOS_C9_40,Subprovider-IPF,NUMERIC,D00A183,"D, Part III: Apportionment - Hospital",04000,00900,APPORTIONMENT OF INPATIENT ROUTINE SERVICE OTHER PASS THROUGH COSTS,APPORTIONMENT OF INPATIENT ROUTINE SERVICE OTHER PASS THROUGH COSTS,nan
D_4_HOS_C11_200,Total,NUMERIC,D00A184,"D, Part IV: Apportionment - Hospital",20000,01100,Net Settlement Amount,APPORTIONMENT OF INPATIENT/OUTPATIENT ANCILLARY SERVICE OTHER PASS THROUGH COSTS,nan
D_4_HOS_C13_200,Total,NUMERIC,D00A184,"D, Part IV: Apportionment - Hospital",20000,01300,Amount Due To/From Program,APPORTIONMENT OF INPATIENT/OUTPATIENT ANCILLARY SERVICE OTHER PASS THROUGH COSTS,nan
D_4_HOS_C3_200,Total Allied Health,NUMERIC,D00A184,"D, Part IV: Apportionment - Hospital",20000,00300,Program Cost,APPORTIONMENT OF INPATIENT/OUTPATIENT ANCILLARY SERVICE OTHER PASS THROUGH COSTS,nan
D_4_HOS_C6_200,Total Outpatient Program Pass Thru Cost,NUMERIC,D00A184,"D, Part IV: Apportionment - Hospital",20000,00600,APPORTIONMENT OF INPATIENT/OUTPATIENT ANCILLARY SERVICE OTHER PASS THROUGH COSTS,APPORTIONMENT OF INPATIENT/OUTPATIENT ANCILLARY SERVICE OTHER PASS THROUGH COSTS,nan
D_4_IPF_C11_200,Total,NUMERIC,D00B184,"D, Part IV: Apportionment - IPF",20000,01100,Net Settlement Amount,APPORTIONMENT OF INPATIENT/OUTPATIENT ANCILLARY SERVICE OTHER PASS THROUGH COSTS,nan
D_4_IPF_C3_200,Total Allied Health,NUMERIC,D00B184,"D, Part IV: Apportionment - IPF",20000,00300,Program Cost,APPORTIONMENT OF INPATIENT/OUTPATIENT ANCILLARY SERVICE OTHER PASS THROUGH COSTS,nan
D_4_IPF_C6_200,Total Outpatient Program Pass Thru Cost,NUMERIC,D00B184,"D, Part IV: Apportionment - IPF",20000,00600,APPORTIONMENT OF INPATIENT/OUTPATIENT ANCILLARY SERVICE OTHER PASS THROUGH COSTS,APPORTIONMENT OF INPATIENT/OUTPATIENT ANCILLARY SERVICE OTHER PASS THROUGH COSTS,nan
D_5_HOS_C4_200,Total,NUMERIC,D00A185,"D, Part V: Apportionment - Hospital",20000,00400,APPORTIONMENT OF MEDICAL AND OTHER HEALTH SERVICES - COST REIMBURSED SERVICES NOT SUBJECT TO DEDUCTIBLES AND COINSURANCE - CHARGES,APPORTIONMENT OF MEDICAL AND OTHER HEALTH SERVICES,COST REIMBURSED SERVICES NOT SUBJECT TO DEDUCTIBLES AND COINSURANCE - CHARGES
D_5_HOS_C7_200,Total,NUMERIC,D00A185,"D, Part V: Apportionment - Hospital",20000,00700,APPORTIONMENT OF MEDICAL AND OTHER HEALTH SERVICES - COST SERVICES NOT SUBJECT TO DEDUCTIBLES AND COINSURANCE - COST,APPORTIONMENT OF MEDICAL AND OTHER HEALTH SERVICES,COST SERVICES NOT SUBJECT TO DEDUCTIBLES AND COINSURANCE - COST
E3_2_IPF_C1_23,Inpatient Psychiatric Facility | Line 23 | Col 1,NUMERIC,E30B182,"E-3, Part II: Settlement - IPF",02300,00100,Amount,CALCULATION OF REIMBURSEMENT SETTLEMENT (PPS),nan
E3_2_IPF_C1_24,Inpatient Psychiatric Facility | Line 24 | Col 1,NUMERIC,E30B182,"E-3, Part II: Settlement - IPF",02400,00100,Amount,CALCULATION OF REIMBURSEMENT SETTLEMENT (PPS),nan
E3_2_IPF_C1_25,Inpatient Psychiatric Facility | Line 25 | Col 1,NUMERIC,E30B182,"E-3, Part II: Settlement - IPF",02500,00100,Amount,CALCULATION OF REIMBURSEMENT SETTLEMENT (PPS),nan
E3_2_IPF_C1_28,Inpatient Psychiatric Facility | Line 28 | Col 1,NUMERIC,E30B182,"E-3, Part II: Settlement - IPF",02800,00100,Amount,CALCULATION OF REIMBURSEMENT SETTLEMENT (PPS),nan
E_A_HOS_C1_3,Hospital | Line 3 | Col 1,NUMERIC,E00A18A,"E, Part A: Settlement - Hospital",00300,00100,Amount,nan,nan
E_A_HOS_C1_53,Hospital | Line 53 | Col 1,NUMERIC,E00A18A,"E, Part A: Settlement - Hospital",05300,00100,Amount,nan,nan
E_A_HOS_C1_57,Hospital | Line 57 | Col 1,NUMERIC,E00A18A,"E, Part A: Settlement - Hospital",05700,00100,Amount,nan,nan
E_A_HOS_C1_58,Hospital | Line 58 | Col 1,NUMERIC,E00A18A,"E, Part A: Settlement - Hospital",05800,00100,Amount,nan,nan
E_A_HOS_C1_60,Hospital | Line 60 | Col 1,NUMERIC,E00A18A,"E, Part A: Settlement - Hospital",06000,00100,Amount,nan,nan
E_B_HOS_C1_12,Ancillary service charges,NUMERIC,E00A18B,"E, Part B: Settlement - Hospital",01200,00100,Amount,CALCULATION OF REIMBURSEMENT SETTLEMENT,
E_B_HOS_C1_14,Total reasonable charges,NUMERIC,E00A18B,"E, Part B: Settlement - Hospital",01400,00100,Amount,CALCULATION OF REIMBURSEMENT SETTLEMENT,
E_B_HOS_C1_18,Total customary charges,NUMERIC,E00A18B,"E, Part B: Settlement - Hospital",01800,00100,Amount,CALCULATION OF REIMBURSEMENT SETTLEMENT,
E_B_HOS_C1_19,Excess of customary charges,NUMERIC,E00A18B,"E, Part B: Settlement - Hospital",01900,00100,Amount,CALCULATION OF REIMBURSEMENT SETTLEMENT,
E_B_HOS_C1_9,Ancillary service other pass through costs,NUMERIC,E00A18B,"E, Part B: Settlement - Hospital",00900,00100,Amount,CALCULATION OF REIMBURSEMENT SETTLEMENT,
E_B_IPF_C1_1,Inpatient Psychiatric Facility | Line 1 | Col 1,NUMERIC,E00B18B,"E, Part B: Settlement - IPF",00100,00100,Amount,CALCULATION OF REIMBURSEMENT SETTLEMENT,nan
E_B_IPF_C1_11,Inpatient Psychiatric Facility | Line 11 | Col 1,NUMERIC,E00B18B,"E, Part B: Settlement - IPF",01100,00100,Amount,CALCULATION OF REIMBURSEMENT SETTLEMENT,nan
E_B_IPF_C1_12,Inpatient Psychiatric Facility | Line 12 | Col 1,NUMERIC,E00B18B,"E, Part B: Settlement - IPF",01200,00100,Amount,CALCULATION OF REIMBURSEMENT SETTLEMENT,nan
E_B_IPF_C1_14,Inpatient Psychiatric Facility | Line 14 | Col 1,NUMERIC,E00B18B,"E, Part B: Settlement - IPF",01400,00100,Amount,CALCULATION OF REIMBURSEMENT SETTLEMENT,nan
E_B_IPF_C1_18,Inpatient Psychiatric Facility | Line 18 | Col 1,NUMERIC,E00B18B,"E, Part B: Settlement - IPF",01800,00100,Amount,CALCULATION OF REIMBURSEMENT SETTLEMENT,nan
E_B_IPF_C1_19,Inpatient Psychiatric Facility | Line 19 | Col 1,NUMERIC,E00B18B,"E, Part B: Settlement - IPF",01900,00100,Amount,CALCULATION OF REIMBURSEMENT SETTLEMENT,nan
E_B_IPF_C1_2,Inpatient Psychiatric Facility | Line 2 | Col 1,NUMERIC,E00B18B,"E, Part B: Settlement - IPF",00200,00100,Amount,CALCULATION OF REIMBURSEMENT SETTLEMENT,nan
E_B_IPF_C1_21,Inpatient Psychiatric Facility | Line 21 | Col 1,NUMERIC,E00B18B,"E, Part B: Settlement - IPF",02100,00100,Amount,CALCULATION OF REIMBURSEMENT SETTLEMENT,nan
E_B_IPF_C1_24,Inpatient Psychiatric Facility | Line 24 | Col 1,NUMERIC,E00B18B,"E, Part B: Settlement - IPF",02400,00100,Amount,CALCULATION OF REIMBURSEMENT SETTLEMENT,nan
E_B_IPF_C1_27,Inpatient Psychiatric Facility | Line 27 | Col 1,NUMERIC,E00B18B,"E, Part B: Settlement - IPF",02700,00100,Amount,CALCULATION OF REIMBURSEMENT SETTLEMENT,nan
E_B_IPF_C1_3,Inpatient Psychiatric Facility | Line 3 | Col 1,NUMERIC,E00B18B,"E, Part B: Settlement - IPF",00300,00100,Amount,CALCULATION OF REIMBURSEMENT SETTLEMENT,nan
E_B_IPF_C1_30,Inpatient Psychiatric Facility | Line 30 | Col 1,NUMERIC,E00B18B,"E, Part B: Settlement - IPF",03000,00100,Amount,CALCULATION OF REIMBURSEMENT SETTLEMENT,nan
E_B_IPF_C1_32,Inpatient Psychiatric Facility | Line 32 | Col 1,NUMERIC,E00B18B,"E, Part B: Settlement - IPF",03200,00100,Amount,CALCULATION OF REIMBURSEMENT SETTLEMENT,nan
E_B_IPF_C1_37,Inpatient Psychiatric Facility | Line 37 | Col 1,NUMERIC,E00B18B,"E, Part B: Settlement - IPF",03700,00100,Amount,CALCULATION OF REIMBURSEMENT SETTLEMENT,nan
E_B_IPF_C1_40,Inpatient Psychiatric Facility | Line 40 | Col 1,NUMERIC,E00B18B,"E, Part B: Settlement - IPF",04000,00100,Amount,CALCULATION OF REIMBURSEMENT SETTLEMENT,nan
E_B_IPF_C1_4001,Inpatient Psychiatric Facility | Line 40.01 | Col 1,NUMERIC,E00B18B,"E, Part B: Settlement - IPF",04001,00100,Amount,CALCULATION OF REIMBURSEMENT SETTLEMENT,nan
E_B_IPF_C1_41,Inpatient Psychiatric Facility | Line 41 | Col 1,NUMERIC,E00B18B,"E, Part B: Settlement - IPF",04100,00100,Amount,CALCULATION OF REIMBURSEMENT SETTLEMENT,nan
E_B_IPF_C1_43,Inpatient Psychiatric Facility | Line 43 | Col 1,NUMERIC,E00B18B,"E, Part B: Settlement - IPF",04300,00100,Amount,CALCULATION OF REIMBURSEMENT SETTLEMENT,nan
S2_1_C3_24,Out of State Medicaid paid days,NUMERIC,S200001,"S-2, Part I: Hospital Identification",02400,00300,MSA / Payment System,nan,nan
S2_1_C6_24,Other Medicaid Days,NUMERIC,S200001,"S-2, Part I: Hospital Identification",02400,00600,Component Number,nan,nan
S3_1_C2_32,Labor and Delivery,NUMERIC,S300001,"S-3, Part I: Utilization Data",03200,00200,Inpatient Days (Title V & XVIII),NUMBER OF BEDS,nan
S3_1_C3_32,Labor and Delivery,NUMERIC,S300001,"S-3, Part I: Utilization Data",03200,00300,Inpatient Days (Title XVIII Medicare),BED DAYS AVAILABLE,nan
S3_1_C6_3,Line 3 | Col 6,NUMERIC,S300001,"S-3, Part I: Utilization Data",00300,00600,Total Inpatient Days,nan,nan
S3_1_C6_32,Labor and Delivery Days Title 18,NUMERIC,S300001,"S-3, Part I: Utilization Data",03200,00600,Total Inpatient Days,Medicare Inpatient Days/Outpatient Visits,nan
S3_1_C8_3201,Line 32.01 | Col 8,UNKNOWN,,,3201,8,,nan,nan
S3_5_C1_3,Line 3 | Col 1,NUMERIC,S300005,"S-3, Part V: Utilization Data",00300,00100,HOSPITAL CONTRACT LABOR AND BENEFIT COST,nan,nan
S3_5_C2_3,Line 3 | Col 2,NUMERIC,S300005,"S-3, Part V: Utilization Data",00300,00200,HOSPITAL CONTRACT LABOR AND BENEFIT COST,nan,nan
A7_1_C5_3,Buildings and Fixtures,NUMERIC,A700001,"A-7, Part I: Capital Assets",00300,00500,ANALYSIS OF CHANGES IN NEW CAPITAL BALANCES - Disposals and Retirements,ANALYSIS OF CHANGES IN NEW CAPITAL BALANCES,Disposals and Retirements
B_1_C26_201,Negative Cost Centers,NUMERIC,B000001,"B, Part I: Cost Allocation - General",20100,02600,Stat Basis / Total,COST ALLOCATION,nan
E_A_HOS_C1_24,Hospital | Line 24 | Col 1,NUMERIC,E00A18A,"E, Part A: Settlement - Hospital",02400,00100,Amount,nan,nan
E_A_HOS_C1_5,Hospital | Line 5 | Col 1,NUMERIC,E00A18A,"E, Part A: Settlement - Hospital",00500,00100,Amount,nan,nan
E_A_HOS_C1_9,Hospital | Line 9 | Col 1,NUMERIC,E00A18A,"E, Part A: Settlement - Hospital",00900,00100,Amount,nan,nan
S3_1_C8_30,Line 30 | Col 8,NUMERIC,S300001,"S-3, Part I: Utilization Data",03000,00800,Total Discharges,nan,nan
B_1_C21_30,Adults and Pediatrics,NUMERIC,B000001,"B, Part I: Cost Allocation - General",03000,02100,Inpatient Routine Services,COST ALLOCATION,Allocation of Interns & Residents Salary and Fringes
B_1_C21_40,Subprovider-IPF,NUMERIC,B000001,"B, Part I: Cost Allocation - General",04000,02100,Inpatient Routine Services,COST ALLOCATION,Allocation of Interns & Residents Salary and Fringes
B_1_C22_30,Adults and Pediatrics,NUMERIC,B000001,"B, Part I: Cost Allocation - General",03000,02200,Ancillary Services,COST ALLOCATION,Allocation of Interns & Residents Program Costs
B_1_C22_40,Subprovider-IPF,NUMERIC,B000001,"B, Part I: Cost Allocation - General",04000,02200,Ancillary Services,COST ALLOCATION,Allocation of Interns & Residents Program Costs
E3_2_IPF_C1_10,Inpatient Psychiatric Facility | Line 10 | Col 1,NUMERIC,E30B182,"E-3, Part II: Settlement - IPF",01000,00100,Amount,CALCULATION OF REIMBURSEMENT SETTLEMENT (PPS),nan
E3_2_IPF_C1_11,Inpatient Psychiatric Facility | Line 11 | Col 1,NUMERIC,E30B182,"E-3, Part II: Settlement - IPF",01100,00100,Amount,CALCULATION OF REIMBURSEMENT SETTLEMENT (PPS),nan
E3_2_IPF_C1_5,Inpatient Psychiatric Facility | Line 5 | Col 1,NUMERIC,E30B182,"E-3, Part II: Settlement - IPF",00500,00100,Amount,CALCULATION OF REIMBURSEMENT SETTLEMENT (PPS),nan
E3_2_IPF_C1_6,Inpatient Psychiatric Facility | Line 6 | Col 1,NUMERIC,E30B182,"E-3, Part II: Settlement - IPF",00600,00100,Amount,CALCULATION OF REIMBURSEMENT SETTLEMENT (PPS),nan
E3_2_IPF_C1_8,Inpatient Psychiatric Facility | Line 8 | Col 1,NUMERIC,E30B182,"E-3, Part II: Settlement - IPF",00800,00100,Amount,CALCULATION OF REIMBURSEMENT SETTLEMENT (PPS),nan
E4_C1_11,Line 11 | Col 1,NUMERIC,E40A180,E-4: DSH Payment Adjustment,01100,00100,Amount / Factor,nan,nan
E4_C1_12,Line 12 | Col 1,NUMERIC,E40A180,E-4: DSH Payment Adjustment,01200,00100,Amount / Factor,nan,nan
E4_C1_13,Line 13 | Col 1,NUMERIC,E40A180,E-4: DSH Payment Adjustment,01300,00100,Amount / Factor,nan,nan
E4_C1_14,Line 14 | Col 1,NUMERIC,E40A180,E-4: DSH Payment Adjustment,01400,00100,Amount / Factor,nan,nan
E4_C1_17,Line 17 | Col 1,NUMERIC,E40A180,E-4: DSH Payment Adjustment,01700,00100,Amount / Factor,nan,nan
E4_C1_18,Line 18 | Col 1,NUMERIC,E40A180,E-4: DSH Payment Adjustment,01800,00100,Amount / Factor,nan,nan
E4_C1_19,Line 19 | Col 1,NUMERIC,E40A180,E-4: DSH Payment Adjustment,01900,00100,Amount / Factor,nan,nan
E4_C1_2,Line 2 | Col 1,NUMERIC,E40A180,E-4: DSH Payment Adjustment,00200,00100,Amount / Factor,nan,nan
E4_C1_25,Line 25 | Col 1,NUMERIC,E40A180,E-4: DSH Payment Adjustment,02500,00100,Amount / Factor,nan,nan
E4_C1_26,Line 26 | Col 1,NUMERIC,E40A180,E-4: DSH Payment Adjustment,02600,00100,Amount / Factor,nan,nan
E4_C1_27,Line 27 | Col 1,NUMERIC,E40A180,E-4: DSH Payment Adjustment,02700,00100,Amount / Factor,nan,nan
E4_C1_28,Line 28 | Col 1,NUMERIC,E40A180,E-4: DSH Payment Adjustment,02800,00100,Amount / Factor,nan,nan
E4_C1_29,Line 29 | Col 1,NUMERIC,E40A180,E-4: DSH Payment Adjustment,02900,00100,Amount / Factor,nan,nan
E4_C1_33,Line 33 | Col 1,NUMERIC,E40A180,E-4: DSH Payment Adjustment,03300,00100,Amount / Factor,nan,nan
E4_C1_37,Line 37 | Col 1,NUMERIC,E40A180,E-4: DSH Payment Adjustment,03700,00100,Amount / Factor,nan,nan
E4_C1_41,Line 41 | Col 1,NUMERIC,E40A180,E-4: DSH Payment Adjustment,04100,00100,Amount / Factor,nan,nan
E4_C1_42,Line 42 | Col 1,NUMERIC,E40A180,E-4: DSH Payment Adjustment,04200,00100,Amount / Factor,nan,nan
E4_C1_44,Line 44 | Col 1,NUMERIC,E40A180,E-4: DSH Payment Adjustment,04400,00100,Amount / Factor,nan,nan
E4_C1_45,Line 45 | Col 1,NUMERIC,E40A180,E-4: DSH Payment Adjustment,04500,00100,Amount / Factor,nan,nan
E4_C1_46,Line 46 | Col 1,NUMERIC,E40A180,E-4: DSH Payment Adjustment,04600,00100,Amount / Factor,nan,nan
E4_C1_47,Line 47 | Col 1,NUMERIC,E40A180,E-4: DSH Payment Adjustment,04700,00100,Amount / Factor,nan,nan
E4_C1_48,Line 48 | Col 1,NUMERIC,E40A180,E-4: DSH Payment Adjustment,04800,00100,Amount / Factor,nan,nan
E4_C1_49,Line 49 | Col 1,NUMERIC,E40A180,E-4: DSH Payment Adjustment,04900,00100,Amount / Factor,nan,nan
E4_C1_5,Line 5 | Col 1,NUMERIC,E40A180,E-4: DSH Payment Adjustment,00500,00100,Amount / Factor,nan,nan
E4_C1_50,Line 50 | Col 1,NUMERIC,E40A180,E-4: DSH Payment Adjustment,05000,00100,Amount / Factor,nan,nan
E4_C1_6,Line 6 | Col 1,NUMERIC,E40A180,E-4: DSH Payment Adjustment,00600,00100,Amount / Factor,nan,nan
E4_C1_7,Line 7 | Col 1,NUMERIC,E40A180,E-4: DSH Payment Adjustment,00700,00100,Amount / Factor,nan,nan
E4_C1_8,Line 8 | Col 1,NUMERIC,E40A180,E-4: DSH Payment Adjustment,00800,00100,Amount / Factor,nan,nan
E4_C1_9,Line 9 | Col 1,NUMERIC,E40A180,E-4: DSH Payment Adjustment,00900,00100,Amount / Factor,nan,nan
E4_C2_11,Line 11 | Col 2,NUMERIC,E40A180,E-4: DSH Payment Adjustment,01100,00200,Secondary Amount,nan,nan
E4_C2_12,Line 12 | Col 2,NUMERIC,E40A180,E-4: DSH Payment Adjustment,01200,00200,Secondary Amount,nan,nan
E4_C2_13,Line 13 | Col 2,NUMERIC,E40A180,E-4: DSH Payment Adjustment,01300,00200,Secondary Amount,nan,nan
E4_C2_14,Line 14 | Col 2,NUMERIC,E40A180,E-4: DSH Payment Adjustment,01400,00200,Secondary Amount,nan,nan
E4_C2_17,Line 17 | Col 2,NUMERIC,E40A180,E-4: DSH Payment Adjustment,01700,00200,Secondary Amount,nan,nan
E4_C2_18,Line 18 | Col 2,NUMERIC,E40A180,E-4: DSH Payment Adjustment,01800,00200,Secondary Amount,nan,nan
E4_C2_19,Line 19 | Col 2,NUMERIC,E40A180,E-4: DSH Payment Adjustment,01900,00200,Secondary Amount,nan,nan
E4_C2_26,Line 26 | Col 2,NUMERIC,E40A180,E-4: DSH Payment Adjustment,02600,00200,Secondary Amount,nan,nan
E4_C2_27,Line 27 | Col 2,NUMERIC,E40A180,E-4: DSH Payment Adjustment,02700,00200,Secondary Amount,nan,nan
E4_C2_28,Line 28 | Col 2,NUMERIC,E40A180,E-4: DSH Payment Adjustment,02800,00200,Secondary Amount,nan,nan
E4_C2_29,Line 29 | Col 2,NUMERIC,E40A180,E-4: DSH Payment Adjustment,02900,00200,Secondary Amount,nan,nan
E4_C2_30,Line 30 | Col 2,NUMERIC,E40A180,E-4: DSH Payment Adjustment,03000,00200,Secondary Amount,nan,nan
E4_C2_8,Line 8 | Col 2,NUMERIC,E40A180,E-4: DSH Payment Adjustment,00800,00200,Secondary Amount,nan,nan
E4_C2_9,Line 9 | Col 2,NUMERIC,E40A180,E-4: DSH Payment Adjustment,00900,00200,Secondary Amount,nan,nan
E4_C3_19,Line 19 | Col 3,NUMERIC,E40A180,E-4: DSH Payment Adjustment,01900,00300,Computed Value,nan,nan
E4_C3_29,Line 29 | Col 3,UNKNOWN,,,29,3,,nan,nan
E4_C3_30,Line 30 | Col 3,UNKNOWN,,,30,3,,nan,nan
E4_C3_31,Line 31 | Col 3,NUMERIC,E40A180,E-4: DSH Payment Adjustment,03100,00300,Computed Value,nan,nan
E4_C3_8,Line 8 | Col 3,NUMERIC,E40A180,E-4: DSH Payment Adjustment,00800,00300,Computed Value,nan,nan
E4_C3_9,Line 9 | Col 3,NUMERIC,E40A180,E-4: DSH Payment Adjustment,00900,00300,Computed Value,nan,nan
E_A_HOS_C1_10,Hospital | Line 10 | Col 1,NUMERIC,E00A18A,"E, Part A: Settlement - Hospital",01000,00100,Amount,nan,nan
E_A_HOS_C1_12,Hospital | Line 12 | Col 1,NUMERIC,E00A18A,"E, Part A: Settlement - Hospital",01200,00100,Amount,nan,nan
E_A_HOS_C1_13,Hospital | Line 13 | Col 1,NUMERIC,E00A18A,"E, Part A: Settlement - Hospital",01300,00100,Amount,nan,nan
E_A_HOS_C1_14,Hospital | Line 14 | Col 1,NUMERIC,E00A18A,"E, Part A: Settlement - Hospital",01400,00100,Amount,nan,nan
E_A_HOS_C1_15,Hospital | Line 15 | Col 1,NUMERIC,E00A18A,"E, Part A: Settlement - Hospital",01500,00100,Amount,nan,nan
E_A_HOS_C1_18,Hospital | Line 18 | Col 1,NUMERIC,E00A18A,"E, Part A: Settlement - Hospital",01800,00100,Amount,nan,nan
E_A_HOS_C1_19,Hospital | Line 19 | Col 1,NUMERIC,E00A18A,"E, Part A: Settlement - Hospital",01900,00100,Amount,nan,nan
E_A_HOS_C1_20,Hospital | Line 20 | Col 1,NUMERIC,E00A18A,"E, Part A: Settlement - Hospital",02000,00100,Amount,nan,nan
E_A_HOS_C1_21,Hospital | Line 21 | Col 1,NUMERIC,E00A18A,"E, Part A: Settlement - Hospital",02100,00100,Amount,nan,nan
E_A_HOS_C1_22,Hospital | Line 22 | Col 1,NUMERIC,E00A18A,"E, Part A: Settlement - Hospital",02200,00100,Amount,nan,nan
E_A_HOS_C1_29,Hospital | Line 29 | Col 1,NUMERIC,E00A18A,"E, Part A: Settlement - Hospital",02900,00100,Amount,nan,nan
E_A_HOS_C1_2901,Hospital | Line 29.01 | Col 1,NUMERIC,E00A18A,"E, Part A: Settlement - Hospital",02901,00100,Amount,nan,nan
E_A_HOS_C1_52,Hospital | Line 52 | Col 1,NUMERIC,E00A18A,"E, Part A: Settlement - Hospital",05200,00100,Amount,nan,nan
E_A_HOS_C1_6,Hospital | Line 6 | Col 1,NUMERIC,E00A18A,"E, Part A: Settlement - Hospital",00600,00100,Amount,nan,nan
E_B_HOS_C1_28,interns and residents,NUMERIC,E00A18B,"E, Part B: Settlement - Hospital",02800,00100,Amount,CALCULATION OF REIMBURSEMENT SETTLEMENT,
L_1_HOS_C1_4,Hospital | Line 4 | Col 1,NUMERIC,L00A181,"L, Part I: Hospital",00400,00100,Amount,nan,nan
L_1_HOS_C1_5,Hospital | Line 5 | Col 1,NUMERIC,L00A181,"L, Part I: Hospital",00500,00100,Amount,nan,nan
L_1_HOS_C1_6,Hospital | Line 6 | Col 1,NUMERIC,L00A181,"L, Part I: Hospital",00600,00100,Amount,nan,nan
S3_1_C14_16,IPF,NUMERIC,S300001,"S-3, Part I: Utilization Data",01600,01400,Beds Available,Total Inpatient Days/Outpatient Visits,nan
S3_1_C9_14,Total Hospital Interns & Residents,NUMERIC,S300001,"S-3, Part I: Utilization Data",01400,00900,Inpatient Days (Title XVIII + XIX),Total Inpatient Days/Outpatient Visits,nan
S3_1_C9_16,IPF,NUMERIC,S300001,"S-3, Part I: Utilization Data",01600,00900,Inpatient Days (Title XVIII + XIX),Total Inpatient Days/Outpatient Visits,nan
S3_1_C9_27,Total Facility FTEs,NUMERIC,S300001,"S-3, Part I: Utilization Data",02700,00900,Inpatient Days (Title XVIII + XIX),Total Inpatient Days/Outpatient Visits,nan
S3_2_C2_25,Interns & Residents,NUMERIC,S300002,"S-3, Part II: Medicaid Ratio",02500,00200,Medicare Charges,HOSPITAL WAGE INDEX DATA,AMOUNT REPORTED
S3_2_C2_7,Interns & Residents,NUMERIC,S300002,"S-3, Part II: Medicaid Ratio",00700,00200,Medicare Charges,HOSPITAL WAGE INDEX DATA,AMOUNT REPORTED
S3_2_C4_25,Interns & Residents,NUMERIC,S300002,"S-3, Part II: Medicaid Ratio",02500,00400,Cost Center Code,HOSPITAL WAGE INDEX DATA,ADJUSTED SALARIES
S3_2_C4_7,Interns & Residents,NUMERIC,S300002,"S-3, Part II: Medicaid Ratio",00700,00400,Cost Center Code,HOSPITAL WAGE INDEX DATA,ADJUSTED SALARIES
S3_2_C5_7,Interns & Residents,NUMERIC,S300002,"S-3, Part II: Medicaid Ratio",00700,00500,Medicare Visits,HOSPITAL WAGE INDEX DATA,PAID HOURS RELATED TO SALARIES
S3_2_C6_7,Interns & Residents,NUMERIC,S300002,"S-3, Part II: Medicaid Ratio",00700,00600,Total Visits,HOSPITAL WAGE INDEX DATA,AVERAGE HOURLY WAGE
A_C1_43,Nursery,NUMERIC,A000000,A: Reclassification & Adjustment of Trial Balance,04300,00100,Salaries,TRIAL BALANCE OF EXPENSE ACCOUNTS,nan
A_C1_95,Ambulance Services,NUMERIC,A000000,A: Reclassification & Adjustment of Trial Balance,09500,00100,Salaries,TRIAL BALANCE OF EXPENSE ACCOUNTS,nan
A_C2_95,Ambulance Services,NUMERIC,A000000,A: Reclassification & Adjustment of Trial Balance,09500,00200,Other Costs,TRIAL BALANCE OF EXPENSE ACCOUNTS,nan
B_1_C0_95,Ambulance Services,NUMERIC,B000001,"B, Part I: Cost Allocation - General",09500,00000,Statistical Basis / Cost Center,COST ALLOCATION,Net Expense for Cost Allocation
B_1_C26_95,Ambulance Services,NUMERIC,B000001,"B, Part I: Cost Allocation - General",09500,02600,Stat Basis / Total,COST ALLOCATION,nan
B_2_C26_95,Ambulance Services,NUMERIC,B000002,"B, Part II: Cost Allocation",09500,02600,ALLOCATION OF NEW CAPITAL COSTS - TOTAL CAPITAL COSTS AFTER COST ALLOCATION,ALLOCATION OF NEW CAPITAL COSTS,nan
C_1_C5_95,Ambulance Services,NUMERIC,C000001,"C, Part I: Ancillary & Outpatient Cost",09500,00500,Medicare Charges (Title XVIII PPS),COMPUTATION OF RATIO OF COST TO CHARGES,nan
C_1_C7_95,Ambulance Services,NUMERIC,C000001,"C, Part I: Ancillary & Outpatient Cost",09500,00700,Total Medicare Charges (Title XVIII),COMPUTATION OF RATIO OF COST TO CHARGES,nan
E_A_HOS_C1_54,Hospital | Line 54 | Col 1,NUMERIC,E00A18A,"E, Part A: Settlement - Hospital",05400,00100,Amount,nan,nan
G2_C2_23,Line 23 | Col 2,NUMERIC,G200000,G-2: Statement of Changes in Fund Balance,02300,00200,Specific Purpose Fund,nan,nan
G3_C1_14,Line 14 | Col 1,NUMERIC,G300000,G-3: Statement of Revenue & Expenses,01400,00100,Amount,nan,nan
S10_1_C2_22,Line 22 | Col 2,UNKNOWN,,,22,2,,nan,nan
S10_2_C2_22,Line 22 | Col 2,UNKNOWN,,,22,2,,nan,nan
S3_1_C6_29,Ambulance Trips,NUMERIC,S300001,"S-3, Part I: Utilization Data",02900,00600,Total Inpatient Days,Medicare Inpatient Days/Outpatient Visits,nan
H3_1_HHA1_C5_1,Home Health Agency 1 | Line 1 | Col 5,NUMERIC,H310181,"H-3, Part I: HHA 1",00100,00500,STATEMENT OF REVENUES AND EXPENSES,STATEMENT OF REVENUES AND EXPENSES,nan
H3_1_HHA1_C5_2,Home Health Agency 1 | Line 2 | Col 5,NUMERIC,H310181,"H-3, Part I: HHA 1",00200,00500,STATEMENT OF REVENUES AND EXPENSES,STATEMENT OF REVENUES AND EXPENSES,nan
H3_1_HHA1_C5_3,Home Health Agency 1 | Line 3 | Col 5,NUMERIC,H310181,"H-3, Part I: HHA 1",00300,00500,STATEMENT OF REVENUES AND EXPENSES,STATEMENT OF REVENUES AND EXPENSES,nan
H3_1_HHA1_C5_4,Home Health Agency 1 | Line 4 | Col 5,NUMERIC,H310181,"H-3, Part I: HHA 1",00400,00500,STATEMENT OF REVENUES AND EXPENSES,STATEMENT OF REVENUES AND EXPENSES,nan
H3_1_HHA1_C5_5,Home Health Agency 1 | Line 5 | Col 5,NUMERIC,H310181,"H-3, Part I: HHA 1",00500,00500,STATEMENT OF REVENUES AND EXPENSES,STATEMENT OF REVENUES AND EXPENSES,nan
H3_1_HHA1_C5_6,Home Health Agency 1 | Line 6 | Col 5,NUMERIC,H310181,"H-3, Part I: HHA 1",00600,00500,STATEMENT OF REVENUES AND EXPENSES,STATEMENT OF REVENUES AND EXPENSES,nan
H3_1_HHA1_C7_1,Home Health Agency 1 | Line 1 | Col 7,NUMERIC,H310181,"H-3, Part I: HHA 1",00100,00700,STATEMENT OF REVENUES AND EXPENSES,STATEMENT OF REVENUES AND EXPENSES,nan
H3_1_HHA1_C7_2,Home Health Agency 1 | Line 2 | Col 7,NUMERIC,H310181,"H-3, Part I: HHA 1",00200,00700,STATEMENT OF REVENUES AND EXPENSES,STATEMENT OF REVENUES AND EXPENSES,nan
H3_1_HHA1_C7_3,Home Health Agency 1 | Line 3 | Col 7,NUMERIC,H310181,"H-3, Part I: HHA 1",00300,00700,STATEMENT OF REVENUES AND EXPENSES,STATEMENT OF REVENUES AND EXPENSES,nan
H3_1_HHA1_C7_4,Home Health Agency 1 | Line 4 | Col 7,NUMERIC,H310181,"H-3, Part I: HHA 1",00400,00700,STATEMENT OF REVENUES AND EXPENSES,STATEMENT OF REVENUES AND EXPENSES,nan
H3_1_HHA1_C7_5,Home Health Agency 1 | Line 5 | Col 7,NUMERIC,H310181,"H-3, Part I: HHA 1",00500,00700,STATEMENT OF REVENUES AND EXPENSES,STATEMENT OF REVENUES AND EXPENSES,nan
H3_1_HHA1_C7_6,Home Health Agency 1 | Line 6 | Col 7,NUMERIC,H310181,"H-3, Part I: HHA 1",00600,00700,STATEMENT OF REVENUES AND EXPENSES,STATEMENT OF REVENUES AND EXPENSES,nan
H3_1_HHA1_C7_7,Home Health Agency 1 | Line 7 | Col 7,NUMERIC,H310181,"H-3, Part I: HHA 1",00700,00700,STATEMENT OF REVENUES AND EXPENSES,STATEMENT OF REVENUES AND EXPENSES,nan
H4_2_HHA1_C2_11,Home Health Agency 1 | Line 11 | Col 2,NUMERIC,H410182,"H-4, Part II: HHA 1",01100,00200,STATEMENT OF REVENUES AND EXPENSES,STATEMENT OF REVENUES AND EXPENSES,nan
H4_2_HHA1_C2_12,Home Health Agency 1 | Line 12 | Col 2,NUMERIC,H410182,"H-4, Part II: HHA 1",01200,00200,STATEMENT OF REVENUES AND EXPENSES,STATEMENT OF REVENUES AND EXPENSES,nan
H4_2_HHA1_C2_13,Home Health Agency 1 | Line 13 | Col 2,NUMERIC,H410182,"H-4, Part II: HHA 1",01300,00200,STATEMENT OF REVENUES AND EXPENSES,STATEMENT OF REVENUES AND EXPENSES,nan
H4_2_HHA1_C2_14,Home Health Agency 1 | Line 14 | Col 2,NUMERIC,H410182,"H-4, Part II: HHA 1",01400,00200,STATEMENT OF REVENUES AND EXPENSES,STATEMENT OF REVENUES AND EXPENSES,nan
H4_2_HHA1_C2_15,Home Health Agency 1 | Line 15 | Col 2,NUMERIC,H410182,"H-4, Part II: HHA 1",01500,00200,STATEMENT OF REVENUES AND EXPENSES,STATEMENT OF REVENUES AND EXPENSES,nan
H4_2_HHA1_C2_16,Home Health Agency 1 | Line 16 | Col 2,NUMERIC,H410182,"H-4, Part II: HHA 1",01600,00200,STATEMENT OF REVENUES AND EXPENSES,STATEMENT OF REVENUES AND EXPENSES,nan
H4_2_HHA1_C2_22,Home Health Agency 1 | Line 22 | Col 2,NUMERIC,H410182,"H-4, Part II: HHA 1",02200,00200,STATEMENT OF REVENUES AND EXPENSES,STATEMENT OF REVENUES AND EXPENSES,nan
H4_2_HHA1_C2_24,Home Health Agency 1 | Line 24 | Col 2,NUMERIC,H410182,"H-4, Part II: HHA 1",02400,00200,STATEMENT OF REVENUES AND EXPENSES,STATEMENT OF REVENUES AND EXPENSES,nan
H4_2_HHA1_C2_26,Home Health Agency 1 | Line 26 | Col 2,NUMERIC,H410182,"H-4, Part II: HHA 1",02600,00200,STATEMENT OF REVENUES AND EXPENSES,STATEMENT OF REVENUES AND EXPENSES,nan
H4_2_HHA1_C2_29,Home Health Agency 1 | Line 29 | Col 2,NUMERIC,H410182,"H-4, Part II: HHA 1",02900,00200,STATEMENT OF REVENUES AND EXPENSES,STATEMENT OF REVENUES AND EXPENSES,nan
H4_2_HHA1_C2_31,Home Health Agency 1 | Line 31 | Col 2,NUMERIC,H410182,"H-4, Part II: HHA 1",03100,00200,STATEMENT OF REVENUES AND EXPENSES,STATEMENT OF REVENUES AND EXPENSES,nan
H4_2_HHA1_C2_3101,Home Health Agency 1 | Line 31.01 | Col 2,NUMERIC,H410182,"H-4, Part II: HHA 1",03101,00200,STATEMENT OF REVENUES AND EXPENSES,STATEMENT OF REVENUES AND EXPENSES,nan
H4_2_HHA1_C2_32,Home Health Agency 1 | Line 32 | Col 2,NUMERIC,H410182,"H-4, Part II: HHA 1",03200,00200,STATEMENT OF REVENUES AND EXPENSES,STATEMENT OF REVENUES AND EXPENSES,nan
S4_HHA1_C1_33,Without Outliers:  Total Visits,NUMERIC,S410000,S410000,03300,00100,HHA STATISTICAL DATA - HHA I,HHA STATISTICAL DATA,HHA I
S4_HHA1_C1_35,Without Outliers:  Total Charges,NUMERIC,S410000,S410000,03500,00100,HHA STATISTICAL DATA - HHA I,HHA STATISTICAL DATA,HHA I
S4_HHA1_C1_36,W/Out Outliers:  Number of Episodes,NUMERIC,S410000,S410000,03600,00100,HHA STATISTICAL DATA - HHA I,HHA STATISTICAL DATA,HHA I
S4_HHA1_C1_38,Without Outliers:  Non Routine Med Sup Chgs,NUMERIC,S410000,S410000,03800,00100,HHA STATISTICAL DATA - HHA I,HHA STATISTICAL DATA,HHA I
S4_HHA1_C2_33,With Outliers:  Total Visits,NUMERIC,S410000,S410000,03300,00200,HHA STATISTICAL DATA - HHA I,HHA STATISTICAL DATA,HHA I
S4_HHA1_C2_35,With Outliers:  Total Charges,NUMERIC,S410000,S410000,03500,00200,HHA STATISTICAL DATA - HHA I,HHA STATISTICAL DATA,HHA I
S4_HHA1_C2_37,With Outliers:  Number of Episodes,NUMERIC,S410000,S410000,03700,00200,HHA STATISTICAL DATA - HHA I,HHA STATISTICAL DATA,HHA I
S4_HHA1_C2_38,With Outliers:  Non Routine Med Sup Chgs,NUMERIC,S410000,S410000,03800,00200,HHA STATISTICAL DATA - HHA I,HHA STATISTICAL DATA,HHA I
S4_HHA1_C3_33,LUPA Episodes:  Total Visits,NUMERIC,S410000,S410000,03300,00300,HHA STATISTICAL DATA - HHA I,HHA STATISTICAL DATA,HHA I
S4_HHA1_C3_35,Total Charges:  LUPA Episodes,NUMERIC,S410000,S410000,03500,00300,HHA STATISTICAL DATA - HHA I,HHA STATISTICAL DATA,HHA I
S4_HHA1_C3_36,LUPA Episodes:  Total Number of Episodes,NUMERIC,S410000,S410000,03600,00300,HHA STATISTICAL DATA - HHA I,HHA STATISTICAL DATA,HHA I
S4_HHA1_C3_38,LUPA:  Total Non Routine Med Sup Chgs,NUMERIC,S410000,S410000,03800,00300,HHA STATISTICAL DATA - HHA I,HHA STATISTICAL DATA,HHA I
S4_HHA1_C4_33,PEP Episodes:  Total Visits,NUMERIC,S410000,S410000,03300,00400,HHA STATISTICAL DATA - HHA I,HHA STATISTICAL DATA,HHA I
S4_HHA1_C4_35,PEP Episodes:  Total Charges:,NUMERIC,S410000,S410000,03500,00400,HHA STATISTICAL DATA - HHA I,HHA STATISTICAL DATA,HHA I
S4_HHA1_C4_36,PEP Episodes:  Total Number of Episodes,NUMERIC,S410000,S410000,03600,00400,HHA STATISTICAL DATA - HHA I,HHA STATISTICAL DATA,HHA I
S4_HHA1_C4_37,PEP:  Total Number of Outlier Episodes,NUMERIC,S410000,S410000,03700,00400,HHA STATISTICAL DATA - HHA I,HHA STATISTICAL DATA,HHA I
S4_HHA1_C4_38,PEP:  Total Non Routine Med Supply Chgs,NUMERIC,S410000,S410000,03800,00400,HHA STATISTICAL DATA - HHA I,HHA STATISTICAL DATA,HHA I
S4_HHA1_C5_33,Total Visits,NUMERIC,S410000,S410000,03300,00500,HHA STATISTICAL DATA - HHA I,HHA STATISTICAL DATA,HHA I
S4_HHA1_C5_35,Total Charges,NUMERIC,S410000,S410000,03500,00500,HHA STATISTICAL DATA - HHA I,HHA STATISTICAL DATA,HHA I
S4_HHA1_C5_36,Total Number of Episodes,NUMERIC,S410000,S410000,03600,00500,HHA STATISTICAL DATA - HHA I,HHA STATISTICAL DATA,HHA I
S4_HHA1_C5_37,Total Number of Outlier Episodes,NUMERIC,S410000,S410000,03700,00500,HHA STATISTICAL DATA - HHA I,HHA STATISTICAL DATA,HHA I
S4_HHA1_C5_38,Total Non Routine Medical  Supply Charges,NUMERIC,S410000,S410000,03800,00500,HHA STATISTICAL DATA - HHA I,HHA STATISTICAL DATA,HHA I
D1_HOS_C1_47,Hospital | Line 47 | Col 1,UNKNOWN,,,47,1,,nan,nan
E4_C1_1,Line 1 | Col 1,NUMERIC,E40A180,E-4: DSH Payment Adjustment,00100,00100,Amount / Factor,nan,nan
E4_C1_16,Line 16 | Col 1,NUMERIC,E40A180,E-4: DSH Payment Adjustment,01600,00100,Amount / Factor,nan,nan
E4_C1_3,Line 3 | Col 1,NUMERIC,E40A180,E-4: DSH Payment Adjustment,00300,00100,Amount / Factor,nan,nan
E4_C1_401,Line 4.01 | Col 1,NUMERIC,E40A180,E-4: DSH Payment Adjustment,00401,00100,Amount / Factor,nan,nan
E4_C2_10,Line 10 | Col 2,NUMERIC,E40A180,E-4: DSH Payment Adjustment,01000,00200,Secondary Amount,nan,nan
E_A_HOS_C1_11,Hospital | Line 11 | Col 1,NUMERIC,E00A18A,"E, Part A: Settlement - Hospital",01100,00100,Amount,nan,nan
E_A_HOS_C1_17,Hospital | Line 17 | Col 1,NUMERIC,E00A18A,"E, Part A: Settlement - Hospital",01700,00100,Amount,nan,nan
E_A_HOS_C1_35,Hospital | Line 35 | Col 1,NUMERIC,E00A18A,"E, Part A: Settlement - Hospital",03500,00100,Amount,nan,nan
E_A_HOS_C1_3501,Hospital | Line 35.01 | Col 1,NUMERIC,E00A18A,"E, Part A: Settlement - Hospital",03501,00100,Amount,nan,nan
E_A_HOS_C1_7,Hospital | Line 7 | Col 1,NUMERIC,E00A18A,"E, Part A: Settlement - Hospital",00700,00100,Amount,nan,nan
E_A_HOS_C1_801,Hospital | Line 8.01 | Col 1,NUMERIC,E00A18A,"E, Part A: Settlement - Hospital",00801,00100,Amount,nan,nan
A7_1_C7_10,Total,NUMERIC,A700001,"A-7, Part I: Capital Assets",01000,00700,Accumulated Depreciation,ANALYSIS OF CHANGES IN NEW CAPITAL BALANCES,Fully Depreciated Assets
A7_1_C7_2,Land Improvements,NUMERIC,A700001,"A-7, Part I: Capital Assets",00200,00700,Accumulated Depreciation,ANALYSIS OF CHANGES IN NEW CAPITAL BALANCES,Disposals and Retirements
A7_1_C7_3,Buildings and Fixtures,NUMERIC,A700001,"A-7, Part I: Capital Assets",00300,00700,Accumulated Depreciation,ANALYSIS OF CHANGES IN NEW CAPITAL BALANCES,Disposals and Retirements
A7_1_C7_4,Building Improvements,NUMERIC,A700001,"A-7, Part I: Capital Assets",00400,00700,Accumulated Depreciation,ANALYSIS OF CHANGES IN NEW CAPITAL BALANCES,Disposals and Retirements
A7_1_C7_6,Movable Equipment,NUMERIC,A700001,"A-7, Part I: Capital Assets",00600,00700,Accumulated Depreciation,ANALYSIS OF CHANGES IN NEW CAPITAL BALANCES,Disposals and Retirements
A7_1_C7_8,Subtotal,NUMERIC,A700001,"A-7, Part I: Capital Assets",00800,00700,Accumulated Depreciation,ANALYSIS OF CHANGES IN NEW CAPITAL BALANCES,Fully Depreciated Assets
A8_C2_16,Sale of medical and surgical supplies to,NUMERIC,A800000,A-8: Adjustments to Expenses,01600,00200,Reclassification,ADJUSTMENTS,nan
A_C1_41,Subprovider-IRF,NUMERIC,A000000,A: Reclassification & Adjustment of Trial Balance,04100,00100,Salaries,TRIAL BALANCE OF EXPENSE ACCOUNTS,nan
A_C2_41,Subprovider-IRF,NUMERIC,A000000,A: Reclassification & Adjustment of Trial Balance,04100,00200,Other Costs,TRIAL BALANCE OF EXPENSE ACCOUNTS,nan
A_C6_95,Ambulance Services,NUMERIC,A000000,A: Reclassification & Adjustment of Trial Balance,09500,00600,Reclassified Net Expenses,TRIAL BALANCE OF EXPENSE ACCOUNTS,nan
B_1_C0_41,Subprovider-IRF,NUMERIC,B000001,"B, Part I: Cost Allocation - General",04100,00000,Statistical Basis / Cost Center,COST ALLOCATION,Net Expense for Cost Allocation
B_1_C26_41,Subprovider-IRF,NUMERIC,B000001,"B, Part I: Cost Allocation - General",04100,02600,Stat Basis / Total,COST ALLOCATION,nan
B_2_C26_41,Subprovider-IRF,NUMERIC,B000002,"B, Part II: Cost Allocation",04100,02600,ALLOCATION OF NEW CAPITAL COSTS - TOTAL CAPITAL COSTS AFTER COST ALLOCATION,ALLOCATION OF NEW CAPITAL COSTS,TOTAL CAPITAL COSTS AFTER COST ALLOCATION
C_1_C5_41,Subprovider-IRF,NUMERIC,C000001,"C, Part I: Ancillary & Outpatient Cost",04100,00500,Medicare Charges (Title XVIII PPS),COMPUTATION OF RATIO OF COST TO CHARGES,nan
C_1_C6_41,Subprovider-IRF,NUMERIC,C000001,"C, Part I: Ancillary & Outpatient Cost",04100,00600,Medicare Charges (Title XVIII Other),COMPUTATION OF RATIO OF COST TO CHARGES,Total Inpatient Charges
D1_IRF_C1_27,net of Swing Bed Cost,NUMERIC,D10C181,D10C181,02700,00100,COMPUTATION OF INPATIENT OPERATING COSTS - General Inpatient Routine Service Cost,COMPUTATION OF INPATIENT OPERATING COSTS,General Inpatient Routine Service Cost
D1_IRF_C1_37,net of Swing Bed and Private Room Diff,NUMERIC,D10C181,D10C181,03700,00100,COMPUTATION OF INPATIENT OPERATING COSTS - General Inpatient Routine Service Cost,COMPUTATION OF INPATIENT OPERATING COSTS,General Inpatient Routine Service Cost
D1_IRF_C1_41,Total Program General Inpatient Routine,NUMERIC,D10C181,D10C181,04100,00100,COMPUTATION OF INPATIENT OPERATING COSTS - General Inpatient Routine Service Cost,COMPUTATION OF INPATIENT OPERATING COSTS,nan
D1_IRF_C1_48,Program Inpatient Ancillary Service Cost,NUMERIC,D10C181,D10C181,04800,00100,COMPUTATION OF INPATIENT OPERATING COSTS - General Inpatient Routine Service Cost,COMPUTATION OF INPATIENT OPERATING COSTS,nan
D1_IRF_C1_49,Total Program Inpatient Costs,NUMERIC,D10C181,D10C181,04900,00100,COMPUTATION OF INPATIENT OPERATING COSTS - General Inpatient Routine Service Cost,COMPUTATION OF INPATIENT OPERATING COSTS,nan
D1_IRF_C1_50,Pass through Cost for Program Inpatient,NUMERIC,D10C181,D10C181,05000,00100,COMPUTATION OF INPATIENT OPERATING COSTS - General Inpatient Routine Service Cost,COMPUTATION OF INPATIENT OPERATING COSTS,nan
D1_IRF_C1_51,Pass Through Cost for  Program Ancillary,NUMERIC,D10C181,D10C181,05100,00100,COMPUTATION OF INPATIENT OPERATING COSTS - General Inpatient Routine Service Cost,COMPUTATION OF INPATIENT OPERATING COSTS,nan
D1_IRF_C1_52,Total Program Excludable Costs,NUMERIC,D10C181,D10C181,05200,00100,COMPUTATION OF INPATIENT OPERATING COSTS - General Inpatient Routine Service Cost,COMPUTATION OF INPATIENT OPERATING COSTS,nan
D1_IRF_C1_53,"Anesthetist, and Medical Education Costs",NUMERIC,D10C181,D10C181,05300,00100,COMPUTATION OF INPATIENT OPERATING COSTS - General Inpatient Routine Service Cost,COMPUTATION OF INPATIENT OPERATING COSTS,"Total Program Inpatient Operating Cost excluding Capital Related, Nonphysician"
D3_IRF_C2_200,TOTAL,NUMERIC,D30C180,D-3: Apportionment - IRF,20000,00200,Medicare Charges,INPATIENT ANCILLARY SERVICE COST APPORTIONMENT,nan
D3_IRF_C2_41,Subprovider-IRF,NUMERIC,D30C180,D-3: Apportionment - IRF,04100,00200,Medicare Charges,INPATIENT ANCILLARY SERVICE COST APPORTIONMENT,nan
D3_IRF_C3_200,TOTAL,NUMERIC,D30C180,D-3: Apportionment - IRF,20000,00300,Cost / Charge Ratio,INPATIENT ANCILLARY SERVICE COST APPORTIONMENT,nan
D_1_HOS_C4_41,Subprovider-IRF,NUMERIC,D00A181,"D, Part I: Apportionment - Hospital",04100,00400,Title XVIII Days,APPORTIONMENT OF INPATIENT ROUTINE SERVICE CAPITAL COSTS,nan
D_1_HOS_C6_41,Subprovider-IRF,NUMERIC,D00A181,"D, Part I: Apportionment - Hospital",04100,00600,Title XVIII Discharges,APPORTIONMENT OF INPATIENT ROUTINE SERVICE CAPITAL COSTS,nan
D_1_HOS_C7_41,Subprovider-IRF,NUMERIC,D00A181,"D, Part I: Apportionment - Hospital",04100,00700,Total Days,APPORTIONMENT OF INPATIENT ROUTINE SERVICE CAPITAL COSTS,nan
D_2_IRF_C5_200,Total Salaries,NUMERIC,D00C182,"D, Part II: Apportionment - IRF",20000,00500,Settlement Amount,APPORTIONMENT OF INPATIENT ANCILLARY SERVICE CAPITAL COSTS,nan
D_4_IRF_C11_200,Total,NUMERIC,D00C184,"D, Part IV: Apportionment - IRF",20000,01100,Net Settlement Amount,APPORTIONMENT OF INPATIENT/OUTPATIENT ANCILLARY SERVICE OTHER PASS THROUGH COSTS,nan
D_4_IRF_C3_200,Total Allied Health,NUMERIC,D00C184,"D, Part IV: Apportionment - IRF",20000,00300,Program Cost,APPORTIONMENT OF INPATIENT/OUTPATIENT ANCILLARY SERVICE OTHER PASS THROUGH COSTS,nan
D_4_IRF_C6_200,Total Outpatient Program Pass Thru Cost,NUMERIC,D00C184,"D, Part IV: Apportionment - IRF",20000,00600,APPORTIONMENT OF INPATIENT/OUTPATIENT ANCILLARY SERVICE OTHER PASS THROUGH COSTS,APPORTIONMENT OF INPATIENT/OUTPATIENT ANCILLARY SERVICE OTHER PASS THROUGH COSTS,nan
E3_3_IRF_C1_1,Inpatient Rehabilitation Facility | Line 1 | Col 1,NUMERIC,E30C183,"E-3, Part III: Settlement - IRF",00100,00100,Amount,CALCULATION OF REIMBURSEMENT SETTLEMENT (PPS),nan
E3_3_IRF_C1_10,Inpatient Rehabilitation Facility | Line 10 | Col 1,NUMERIC,E30C183,"E-3, Part III: Settlement - IRF",01000,00100,Amount,CALCULATION OF REIMBURSEMENT SETTLEMENT (PPS),nan
E3_3_IRF_C1_13,Inpatient Rehabilitation Facility | Line 13 | Col 1,NUMERIC,E30C183,"E-3, Part III: Settlement - IRF",01300,00100,Amount,CALCULATION OF REIMBURSEMENT SETTLEMENT (PPS),nan
E3_3_IRF_C1_17,Inpatient Rehabilitation Facility | Line 17 | Col 1,NUMERIC,E30C183,"E-3, Part III: Settlement - IRF",01700,00100,Amount,CALCULATION OF REIMBURSEMENT SETTLEMENT (PPS),nan
E3_3_IRF_C1_19,Inpatient Rehabilitation Facility | Line 19 | Col 1,NUMERIC,E30C183,"E-3, Part III: Settlement - IRF",01900,00100,Amount,CALCULATION OF REIMBURSEMENT SETTLEMENT (PPS),nan
E3_3_IRF_C1_2,Inpatient Rehabilitation Facility | Line 2 | Col 1,NUMERIC,E30C183,"E-3, Part III: Settlement - IRF",00200,00100,Amount,CALCULATION OF REIMBURSEMENT SETTLEMENT (PPS),nan
E3_3_IRF_C1_20,Inpatient Rehabilitation Facility | Line 20 | Col 1,NUMERIC,E30C183,"E-3, Part III: Settlement - IRF",02000,00100,Amount,CALCULATION OF REIMBURSEMENT SETTLEMENT (PPS),nan
E3_3_IRF_C1_21,Inpatient Rehabilitation Facility | Line 21 | Col 1,NUMERIC,E30C183,"E-3, Part III: Settlement - IRF",02100,00100,Amount,CALCULATION OF REIMBURSEMENT SETTLEMENT (PPS),nan
E3_3_IRF_C1_22,Inpatient Rehabilitation Facility | Line 22 | Col 1,NUMERIC,E30C183,"E-3, Part III: Settlement - IRF",02200,00100,Amount,CALCULATION OF REIMBURSEMENT SETTLEMENT (PPS),nan
E3_3_IRF_C1_23,Inpatient Rehabilitation Facility | Line 23 | Col 1,NUMERIC,E30C183,"E-3, Part III: Settlement - IRF",02300,00100,Amount,CALCULATION OF REIMBURSEMENT SETTLEMENT (PPS),nan
E3_3_IRF_C1_24,Inpatient Rehabilitation Facility | Line 24 | Col 1,NUMERIC,E30C183,"E-3, Part III: Settlement - IRF",02400,00100,Amount,CALCULATION OF REIMBURSEMENT SETTLEMENT (PPS),nan
E3_3_IRF_C1_25,Inpatient Rehabilitation Facility | Line 25 | Col 1,NUMERIC,E30C183,"E-3, Part III: Settlement - IRF",02500,00100,Amount,CALCULATION OF REIMBURSEMENT SETTLEMENT (PPS),nan
E3_3_IRF_C1_26,Inpatient Rehabilitation Facility | Line 26 | Col 1,NUMERIC,E30C183,"E-3, Part III: Settlement - IRF",02600,00100,Amount,CALCULATION OF REIMBURSEMENT SETTLEMENT (PPS),nan
E3_3_IRF_C1_27,Inpatient Rehabilitation Facility | Line 27 | Col 1,NUMERIC,E30C183,"E-3, Part III: Settlement - IRF",02700,00100,Amount,CALCULATION OF REIMBURSEMENT SETTLEMENT (PPS),nan
E3_3_IRF_C1_29,Inpatient Rehabilitation Facility | Line 29 | Col 1,NUMERIC,E30C183,"E-3, Part III: Settlement - IRF",02900,00100,Amount,CALCULATION OF REIMBURSEMENT SETTLEMENT (PPS),nan
E3_3_IRF_C1_3,Inpatient Rehabilitation Facility | Line 3 | Col 1,NUMERIC,E30C183,"E-3, Part III: Settlement - IRF",00300,00100,Amount,CALCULATION OF REIMBURSEMENT SETTLEMENT (PPS),nan
E3_3_IRF_C1_32,Inpatient Rehabilitation Facility | Line 32 | Col 1,NUMERIC,E30C183,"E-3, Part III: Settlement - IRF",03200,00100,Amount,CALCULATION OF REIMBURSEMENT SETTLEMENT (PPS),nan
E3_3_IRF_C1_3201,Inpatient Rehabilitation Facility | Line 32.01 | Col 1,NUMERIC,E30C183,"E-3, Part III: Settlement - IRF",03201,00100,Amount,CALCULATION OF REIMBURSEMENT SETTLEMENT (PPS),nan
E3_3_IRF_C1_33,Inpatient Rehabilitation Facility | Line 33 | Col 1,NUMERIC,E30C183,"E-3, Part III: Settlement - IRF",03300,00100,Amount,CALCULATION OF REIMBURSEMENT SETTLEMENT (PPS),nan
E3_3_IRF_C1_35,Inpatient Rehabilitation Facility | Line 35 | Col 1,NUMERIC,E30C183,"E-3, Part III: Settlement - IRF",03500,00100,Amount,CALCULATION OF REIMBURSEMENT SETTLEMENT (PPS),nan
E3_3_IRF_C1_4,Inpatient Rehabilitation Facility | Line 4 | Col 1,NUMERIC,E30C183,"E-3, Part III: Settlement - IRF",00400,00100,Amount,CALCULATION OF REIMBURSEMENT SETTLEMENT (PPS),nan
E3_3_IRF_C1_50,Inpatient Rehabilitation Facility | Line 50 | Col 1,NUMERIC,E30C183,"E-3, Part III: Settlement - IRF",05000,00100,Amount,CALCULATION OF REIMBURSEMENT SETTLEMENT (PPS),nan
E4_C1_21,Line 21 | Col 1,NUMERIC,E40A180,E-4: DSH Payment Adjustment,02100,00100,Amount / Factor,nan,nan
E4_C1_40,Line 40 | Col 1,NUMERIC,E40A180,E-4: DSH Payment Adjustment,04000,00100,Amount / Factor,nan,nan
E4_C1_43,Line 43 | Col 1,NUMERIC,E40A180,E-4: DSH Payment Adjustment,04300,00100,Amount / Factor,nan,nan
G2_C1_3,Line 3 | Col 1,NUMERIC,G200000,G-2: Statement of Changes in Fund Balance,00300,00100,General Fund,nan,nan
G3_C1_18,Line 18 | Col 1,NUMERIC,G300000,G-3: Statement of Revenue & Expenses,01800,00100,Amount,nan,nan
G3_C1_19,Line 19 | Col 1,NUMERIC,G300000,G-3: Statement of Revenue & Expenses,01900,00100,Amount,nan,nan
G3_C1_6,Line 6 | Col 1,NUMERIC,G300000,G-3: Statement of Revenue & Expenses,00600,00100,Amount,nan,nan
S3_1_C10_17,IRF,NUMERIC,S300001,"S-3, Part I: Utilization Data",01700,01000,Discharges (Title XIX Medicaid),Total Inpatient Days/Outpatient Visits,nan
S3_1_C13_17,IRF,NUMERIC,S300001,"S-3, Part I: Utilization Data",01700,01300,Average Length of Stay,Total Inpatient Days/Outpatient Visits,nan
S3_1_C14_17,IRF,NUMERIC,S300001,"S-3, Part I: Utilization Data",01700,01400,Beds Available,Total Inpatient Days/Outpatient Visits,nan
S3_1_C14_4,Line 4 | Col 14,UNKNOWN,,,4,14,,nan,nan
S3_1_C15_17,IRF,NUMERIC,S300001,"S-3, Part I: Utilization Data",01700,01500,Bed Days Available,Total Inpatient Days/Outpatient Visits,nan
S3_1_C2_17,IRF,NUMERIC,S300001,"S-3, Part I: Utilization Data",01700,00200,Inpatient Days (Title V & XVIII),NUMBER OF BEDS,nan
S3_1_C3_17,IRF,NUMERIC,S300001,"S-3, Part I: Utilization Data",01700,00300,Inpatient Days (Title XVIII Medicare),BED DAYS AVAILABLE,nan
S3_1_C6_17,IRF,NUMERIC,S300001,"S-3, Part I: Utilization Data",01700,00600,Total Inpatient Days,Medicare Inpatient Days/Outpatient Visits,nan
S3_1_C6_4,Line 4 | Col 6,NUMERIC,S300001,"S-3, Part I: Utilization Data",00400,00600,Total Inpatient Days,nan,nan
S3_1_C7_17,IRF,NUMERIC,S300001,"S-3, Part I: Utilization Data",01700,00700,% Medicare Days / Total Days,Medicaid Inpatient Days/Outpatient Visits,nan
S3_1_C7_4,Line 4 | Col 7,NUMERIC,S300001,"S-3, Part I: Utilization Data",00400,00700,% Medicare Days / Total Days,nan,nan
S3_1_C8_17,IRF,NUMERIC,S300001,"S-3, Part I: Utilization Data",01700,00800,Total Discharges,Total Inpatient Days/Outpatient Visits,nan
S3_2_C2_12,Management and Administrative Services,NUMERIC,S300002,"S-3, Part II: Medicaid Ratio",01200,00200,Medicare Charges,HOSPITAL WAGE INDEX DATA,AMOUNT REPORTED
S3_2_C2_21,Non-Physician Anesthetist Part B,NUMERIC,S300002,"S-3, Part II: Medicaid Ratio",02100,00200,Medicare Charges,HOSPITAL WAGE INDEX DATA,AMOUNT REPORTED
S3_2_C2_2201,Physician Part A,NUMERIC,S300002,"S-3, Part II: Medicaid Ratio",02201,00200,Medicare Charges,HOSPITAL WAGE INDEX DATA,AMOUNT REPORTED
S3_2_C2_3,Non-Physician Anesthetist Part B,NUMERIC,S300002,"S-3, Part II: Medicaid Ratio",00300,00200,Medicare Charges,HOSPITAL WAGE INDEX DATA,AMOUNT REPORTED
S3_2_C2_43,Other General Service,NUMERIC,S300002,"S-3, Part II: Medicaid Ratio",04300,00200,Medicare Charges,HOSPITAL WAGE INDEX DATA,AMOUNT REPORTED
S3_2_C4_12,Management and Administrative Services,NUMERIC,S300002,"S-3, Part II: Medicaid Ratio",01200,00400,Cost Center Code,HOSPITAL WAGE INDEX DATA,ADJUSTED SALARIES
S3_2_C4_1601,Teaching Physician Salaries,NUMERIC,S300002,"S-3, Part II: Medicaid Ratio",01601,00400,Cost Center Code,HOSPITAL WAGE INDEX DATA,ADJUSTED SALARIES
S3_2_C4_21,Non-Physician Anesthetist Part B,NUMERIC,S300002,"S-3, Part II: Medicaid Ratio",02100,00400,Cost Center Code,HOSPITAL WAGE INDEX DATA,ADJUSTED SALARIES
S3_2_C4_2201,Physician Part A Teaching,NUMERIC,S300002,"S-3, Part II: Medicaid Ratio",02201,00400,Cost Center Code,HOSPITAL WAGE INDEX DATA,ADJUSTED SALARIES
S3_2_C4_3,Non-Physician Anesthetist Part B,NUMERIC,S300002,"S-3, Part II: Medicaid Ratio",00300,00400,Cost Center Code,HOSPITAL WAGE INDEX DATA,ADJUSTED SALARIES
S3_2_C4_401,Line 4.01 | Col 4,UNKNOWN,,,401,4,,nan,nan
S3_2_C4_43,Other General Service,NUMERIC,S300002,"S-3, Part II: Medicaid Ratio",04300,00400,Cost Center Code,HOSPITAL WAGE INDEX DATA,ADJUSTED SALARIES
S3_2_C4_701,Line 7.01 | Col 4,UNKNOWN,,,701,4,,nan,nan
S3_2_C5_12,Management and Administrative Services,NUMERIC,S300002,"S-3, Part II: Medicaid Ratio",01200,00500,Medicare Visits,HOSPITAL WAGE INDEX DATA,PAID HOURS RELATED TO SALARIES
S3_2_C5_3,Non-Physician Anesthetist Part B,NUMERIC,S300002,"S-3, Part II: Medicaid Ratio",00300,00500,Medicare Visits,HOSPITAL WAGE INDEX DATA,PAID HOURS RELATED TO SALARIES
S3_2_C5_43,Other General Service,NUMERIC,S300002,"S-3, Part II: Medicaid Ratio",04300,00500,Medicare Visits,HOSPITAL WAGE INDEX DATA,PAID HOURS RELATED TO SALARIES
S3_2_C6_12,Management and Administrative Services,NUMERIC,S300002,"S-3, Part II: Medicaid Ratio",01200,00600,Total Visits,HOSPITAL WAGE INDEX DATA,AVERAGE HOURLY WAGE
S3_2_C6_3,Non-Physician Anesthetist Part B,NUMERIC,S300002,"S-3, Part II: Medicaid Ratio",00300,00600,Total Visits,HOSPITAL WAGE INDEX DATA,AVERAGE HOURLY WAGE
S3_2_C6_43,Other General Service,NUMERIC,S300002,"S-3, Part II: Medicaid Ratio",04300,00600,Total Visits,HOSPITAL WAGE INDEX DATA,AVERAGE HOURLY WAGE
A8_C2_17,Sale of drugs to other than patients,NUMERIC,A800000,A-8: Adjustments to Expenses,01700,00200,Reclassification,ADJUSTMENTS,nan
A8_C2_18,Sale of medical records and abstracts,NUMERIC,A800000,A-8: Adjustments to Expenses,01800,00200,Reclassification,ADJUSTMENTS,nan
E_B_HOS_C1_38,MSP-LCC reconciliation amount,NUMERIC,E00A18B,"E, Part B: Settlement - Hospital",03800,00100,Amount,CALCULATION OF REIMBURSEMENT SETTLEMENT,
G3_C1_17,Line 17 | Col 1,NUMERIC,G300000,G-3: Statement of Revenue & Expenses,01700,00100,Amount,nan,nan
G3_C1_21,Line 21 | Col 1,NUMERIC,G300000,G-3: Statement of Revenue & Expenses,02100,00100,Amount,nan,nan
S3_5_C2_18,Line 18 | Col 2,NUMERIC,S300005,"S-3, Part V: Utilization Data",01800,00200,HOSPITAL CONTRACT LABOR AND BENEFIT COST,nan,nan
A_C6_113,Interest Expense,NUMERIC,A000000,A: Reclassification & Adjustment of Trial Balance,11300,00600,Reclassified Net Expenses,TRIAL BALANCE OF EXPENSE ACCOUNTS,nan
B_1_C21_43,Nursery,NUMERIC,B000001,"B, Part I: Cost Allocation - General",04300,02100,Inpatient Routine Services,COST ALLOCATION,Allocation of Interns & Residents Salary and Fringes
B_1_C21_74,Renal Dialysis,NUMERIC,B000001,"B, Part I: Cost Allocation - General",07400,02100,Inpatient Routine Services,COST ALLOCATION,nan
B_1_C22_43,Nursery,NUMERIC,B000001,"B, Part I: Cost Allocation - General",04300,02200,Ancillary Services,COST ALLOCATION,Allocation of Interns & Residents Program Costs
B_1_C22_74,Renal Dialysis,NUMERIC,B000001,"B, Part I: Cost Allocation - General",07400,02200,Ancillary Services,COST ALLOCATION,nan
C_1_C6_95,Ambulance Services,NUMERIC,C000001,"C, Part I: Ancillary & Outpatient Cost",09500,00600,Medicare Charges (Title XVIII Other),COMPUTATION OF RATIO OF COST TO CHARGES,nan
D3_IRF_C2_74,Renal Dialysis,NUMERIC,D30C180,D-3: Apportionment - IRF,07400,00200,Medicare Charges,INPATIENT ANCILLARY SERVICE COST APPORTIONMENT,nan
D3_IRF_C3_74,Renal Dialysis,NUMERIC,D30C180,D-3: Apportionment - IRF,07400,00300,Cost / Charge Ratio,INPATIENT ANCILLARY SERVICE COST APPORTIONMENT,nan
D_2_IRF_C5_74,Inpatient Rehabilitation Facility | Line 74 | Col 5,NUMERIC,D00C182,"D, Part II: Apportionment - IRF",07400,00500,Settlement Amount,APPORTIONMENT OF INPATIENT ANCILLARY SERVICE CAPITAL COSTS,nan
E3_2_IPF_C1_7,Inpatient Psychiatric Facility | Line 7 | Col 1,NUMERIC,E30B182,"E-3, Part II: Settlement - IPF",00700,00100,Amount,CALCULATION OF REIMBURSEMENT SETTLEMENT (PPS),nan
E3_3_IRF_C1_36,Inpatient Rehabilitation Facility | Line 36 | Col 1,NUMERIC,E30C183,"E-3, Part III: Settlement - IRF",03600,00100,Amount,CALCULATION OF REIMBURSEMENT SETTLEMENT (PPS),nan
E4_C1_20,Line 20 | Col 1,NUMERIC,E40A180,E-4: DSH Payment Adjustment,02000,00100,Amount / Factor,nan,nan
E4_C1_22,Line 22 | Col 1,NUMERIC,E40A180,E-4: DSH Payment Adjustment,02200,00100,Amount / Factor,nan,nan
E4_C1_23,Line 23 | Col 1,NUMERIC,E40A180,E-4: DSH Payment Adjustment,02300,00100,Amount / Factor,nan,nan
E4_C1_24,Line 24 | Col 1,NUMERIC,E40A180,E-4: DSH Payment Adjustment,02400,00100,Amount / Factor,nan,nan
E_A_HOS_C1_16,Hospital | Line 16 | Col 1,NUMERIC,E00A18A,"E, Part A: Settlement - Hospital",01600,00100,Amount,nan,nan
E_A_HOS_C1_23,Hospital | Line 23 | Col 1,NUMERIC,E00A18A,"E, Part A: Settlement - Hospital",02300,00100,Amount,nan,nan
E_A_HOS_C1_25,Hospital | Line 25 | Col 1,NUMERIC,E00A18A,"E, Part A: Settlement - Hospital",02500,00100,Amount,nan,nan
E_A_HOS_C1_26,Hospital | Line 26 | Col 1,NUMERIC,E00A18A,"E, Part A: Settlement - Hospital",02600,00100,Amount,nan,nan
E_A_HOS_C1_27,Hospital | Line 27 | Col 1,NUMERIC,E00A18A,"E, Part A: Settlement - Hospital",02700,00100,Amount,nan,nan
E_A_HOS_C1_28,Hospital | Line 28 | Col 1,NUMERIC,E00A18A,"E, Part A: Settlement - Hospital",02800,00100,Amount,nan,nan
G2_C1_23,Line 23 | Col 1,NUMERIC,G200000,G-2: Statement of Changes in Fund Balance,02300,00100,General Fund,nan,nan
S3_1_C14_3,Line 3 | Col 14,UNKNOWN,,,3,14,,nan,nan
A8_C2_6,Rental of Provider space by suppliers,NUMERIC,A800000,A-8: Adjustments to Expenses,00600,00200,Reclassification,ADJUSTMENTS,nan
E2_SWSNF_C1_17,Swing Bed SNF | Line 17 | Col 1,NUMERIC,E20F180,E-2: Swing Bed SNF,01700,00100,CALCULATION OF REIMBURSEMENT SETTLEMENT,CALCULATION OF REIMBURSEMENT SETTLEMENT,nan
E2_SWSNF_C1_22,Swing Bed SNF | Line 22 | Col 1,NUMERIC,E20F180,E-2: Swing Bed SNF,02200,00100,CALCULATION OF REIMBURSEMENT SETTLEMENT,CALCULATION OF REIMBURSEMENT SETTLEMENT,nan
E2_SWSNF_C1_3,Swing Bed SNF | Line 3 | Col 1,NUMERIC,E20F180,E-2: Swing Bed SNF,00300,00100,CALCULATION OF REIMBURSEMENT SETTLEMENT,CALCULATION OF REIMBURSEMENT SETTLEMENT,nan
E3_5_C1_25,Line 25 | Col 1,NUMERIC,E30A185,"E-3, Part V: Settlement - Hospital",02500,00100,Amount,nan,nan
E3_5_C1_26,Line 26 | Col 1,NUMERIC,E30A185,"E-3, Part V: Settlement - Hospital",02600,00100,Amount,nan,nan
E3_5_C1_27,Line 27 | Col 1,NUMERIC,E30A185,"E-3, Part V: Settlement - Hospital",02700,00100,Amount,nan,nan
E3_4_HOS_C1_1,Hospital | Line 1 | Col 1,NUMERIC,E30A184,"E-3, Part IV: Settlement - Hospital",00100,00100,Amount,nan,nan
E3_4_HOS_C1_10,Hospital | Line 10 | Col 1,NUMERIC,E30A184,"E-3, Part IV: Settlement - Hospital",01000,00100,Amount,nan,nan
E3_4_HOS_C1_101,Hospital | Line 1.01 | Col 1,UNKNOWN,,,101,1,,nan,nan
E3_4_HOS_C1_104,Hospital | Line 1.04 | Col 1,UNKNOWN,,,104,1,,nan,nan
E3_4_HOS_C1_11,Hospital | Line 11 | Col 1,NUMERIC,E30A184,"E-3, Part IV: Settlement - Hospital",01100,00100,Amount,nan,nan
E3_4_HOS_C1_12,Hospital | Line 12 | Col 1,NUMERIC,E30A184,"E-3, Part IV: Settlement - Hospital",01200,00100,Amount,nan,nan
E3_4_HOS_C1_13,Hospital | Line 13 | Col 1,NUMERIC,E30A184,"E-3, Part IV: Settlement - Hospital",01300,00100,Amount,nan,nan
E3_4_HOS_C1_14,Hospital | Line 14 | Col 1,NUMERIC,E30A184,"E-3, Part IV: Settlement - Hospital",01400,00100,Amount,nan,nan
E3_4_HOS_C1_15,Hospital | Line 15 | Col 1,NUMERIC,E30A184,"E-3, Part IV: Settlement - Hospital",01500,00100,Amount,nan,nan
E3_4_HOS_C1_16,Hospital | Line 16 | Col 1,NUMERIC,E30A184,"E-3, Part IV: Settlement - Hospital",01600,00100,Amount,nan,nan
E3_4_HOS_C1_17,Hospital | Line 17 | Col 1,NUMERIC,E30A184,"E-3, Part IV: Settlement - Hospital",01700,00100,Amount,nan,nan
E3_4_HOS_C1_2,Hospital | Line 2 | Col 1,NUMERIC,E30A184,"E-3, Part IV: Settlement - Hospital",00200,00100,Amount,nan,nan
E3_4_HOS_C1_22,Hospital | Line 22 | Col 1,NUMERIC,E30A184,"E-3, Part IV: Settlement - Hospital",02200,00100,Amount,nan,nan
E3_4_HOS_C1_2201,Hospital | Line 22.01 | Col 1,NUMERIC,E30A184,"E-3, Part IV: Settlement - Hospital",02201,00100,Amount,nan,nan
E3_4_HOS_C1_23,Hospital | Line 23 | Col 1,NUMERIC,E30A184,"E-3, Part IV: Settlement - Hospital",02300,00100,Amount,nan,nan
E3_4_HOS_C1_25,Hospital | Line 25 | Col 1,NUMERIC,E30A184,"E-3, Part IV: Settlement - Hospital",02500,00100,Amount,nan,nan
E3_4_HOS_C1_3,Hospital | Line 3 | Col 1,NUMERIC,E30A184,"E-3, Part IV: Settlement - Hospital",00300,00100,Amount,nan,nan
E3_4_HOS_C1_50,Hospital | Line 50 | Col 1,NUMERIC,E30A184,"E-3, Part IV: Settlement - Hospital",05000,00100,Amount,nan,nan
E3_4_HOS_C1_7,Hospital | Line 7 | Col 1,NUMERIC,E30A184,"E-3, Part IV: Settlement - Hospital",00700,00100,Amount,nan,nan
E3_4_HOS_C1_9,Hospital | Line 9 | Col 1,NUMERIC,E30A184,"E-3, Part IV: Settlement - Hospital",00900,00100,Amount,nan,nan
E_A_HOS_C1_7096,Hospital | Line 70.96 | Col 1,NUMERIC,E00A18A,"E, Part A: Settlement - Hospital",07096,00100,Amount,nan,nan
S3_1_C7_3,Line 3 | Col 7,NUMERIC,S300001,"S-3, Part I: Utilization Data",00300,00700,% Medicare Days / Total Days,nan,nan
A_C6_74,Renal Dialysis,NUMERIC,A000000,A: Reclassification & Adjustment of Trial Balance,07400,00600,Reclassified Net Expenses,TRIAL BALANCE OF EXPENSE ACCOUNTS,nan
E_A_HOS_C1_203,Hospital | Line 2.03 | Col 1,UNKNOWN,,,203,1,,nan,nan
G3_C1_15,Line 15 | Col 1,NUMERIC,G300000,G-3: Statement of Revenue & Expenses,01500,00100,Amount,nan,nan
A8_C2_3,Investment Income-Other,NUMERIC,A800000,A-8: Adjustments to Expenses,00300,00200,Reclassification,ADJUSTMENTS,nan
G3_C1_16,Line 16 | Col 1,NUMERIC,G300000,G-3: Statement of Revenue & Expenses,01600,00100,Amount,nan,nan
A8_C2_20,Vending Machines,NUMERIC,A800000,A-8: Adjustments to Expenses,02000,00200,Reclassification,ADJUSTMENTS,nan
A8_C2_26,Depreciation-New Bldgs & Fixtures,NUMERIC,A800000,A-8: Adjustments to Expenses,02600,00200,Reclassification,ADJUSTMENTS,nan
A8_C2_27,Depreciation-New Movable Equipment,NUMERIC,A800000,A-8: Adjustments to Expenses,02700,00200,Reclassification,ADJUSTMENTS,nan
A7_1_C5_1,Land,NUMERIC,A700001,"A-7, Part I: Capital Assets",00100,00500,ANALYSIS OF CHANGES IN NEW CAPITAL BALANCES - Disposals and Retirements,ANALYSIS OF CHANGES IN NEW CAPITAL BALANCES,Disposals and Retirements
S2_1_C1_37,Number of periods hospital was in MDH status,NUMERIC,S200001,"S-2, Part I: Hospital Identification",03700,00100,General Information,nan,nan
S2_1_C2_11801,Paid Losses,NUMERIC,S200001,"S-2, Part I: Hospital Identification",11801,00200,Provider Number / Address,nan,nan
A_C6_41,Subprovider-IRF,NUMERIC,A000000,A: Reclassification & Adjustment of Trial Balance,04100,00600,Reclassified Net Expenses,TRIAL BALANCE OF EXPENSE ACCOUNTS,nan
L_2_HOS_C1_1,Hospital | Line 1 | Col 1,NUMERIC,L00A182,"L, Part II: Hospital",00100,00100,STATEMENT OF REVENUES AND EXPENSES,nan,nan
L_2_HOS_C1_2,Hospital | Line 2 | Col 1,NUMERIC,L00A182,"L, Part II: Hospital",00200,00100,STATEMENT OF REVENUES AND EXPENSES,nan,nan
L_2_HOS_C1_3,Hospital | Line 3 | Col 1,NUMERIC,L00A182,"L, Part II: Hospital",00300,00100,STATEMENT OF REVENUES AND EXPENSES,nan,nan
L_2_HOS_C1_4,Hospital | Line 4 | Col 1,NUMERIC,L00A182,"L, Part II: Hospital",00400,00100,STATEMENT OF REVENUES AND EXPENSES,nan,nan
L_2_HOS_C1_5,Hospital | Line 5 | Col 1,NUMERIC,L00A182,"L, Part II: Hospital",00500,00100,STATEMENT OF REVENUES AND EXPENSES,nan,nan
S3_5_C2_4,Line 4 | Col 2,NUMERIC,S300005,"S-3, Part V: Utilization Data",00400,00200,HOSPITAL CONTRACT LABOR AND BENEFIT COST,nan,nan
E3_3_HOS_C1_1,Hospital | Line 1 | Col 1,NUMERIC,E30A183,"E-3, Part III: Settlement - Hospital",00100,00100,Amount,nan,nan
E3_3_HOS_C1_10,Hospital | Line 10 | Col 1,NUMERIC,E30A183,"E-3, Part III: Settlement - Hospital",01000,00100,Amount,nan,nan
E3_3_HOS_C1_13,Hospital | Line 13 | Col 1,NUMERIC,E30A183,"E-3, Part III: Settlement - Hospital",01300,00100,Amount,nan,nan
E3_3_HOS_C1_17,Hospital | Line 17 | Col 1,NUMERIC,E30A183,"E-3, Part III: Settlement - Hospital",01700,00100,Amount,nan,nan
E3_3_HOS_C1_19,Hospital | Line 19 | Col 1,NUMERIC,E30A183,"E-3, Part III: Settlement - Hospital",01900,00100,Amount,nan,nan
E3_3_HOS_C1_20,Hospital | Line 20 | Col 1,NUMERIC,E30A183,"E-3, Part III: Settlement - Hospital",02000,00100,Amount,nan,nan
E3_3_HOS_C1_21,Hospital | Line 21 | Col 1,NUMERIC,E30A183,"E-3, Part III: Settlement - Hospital",02100,00100,Amount,nan,nan
E3_3_HOS_C1_22,Hospital | Line 22 | Col 1,NUMERIC,E30A183,"E-3, Part III: Settlement - Hospital",02200,00100,Amount,nan,nan
E3_3_HOS_C1_23,Hospital | Line 23 | Col 1,NUMERIC,E30A183,"E-3, Part III: Settlement - Hospital",02300,00100,Amount,nan,nan
E3_3_HOS_C1_27,Hospital | Line 27 | Col 1,NUMERIC,E30A183,"E-3, Part III: Settlement - Hospital",02700,00100,Amount,nan,nan
E3_3_HOS_C1_3,Hospital | Line 3 | Col 1,NUMERIC,E30A183,"E-3, Part III: Settlement - Hospital",00300,00100,Amount,nan,nan
E3_3_HOS_C1_32,Hospital | Line 32 | Col 1,NUMERIC,E30A183,"E-3, Part III: Settlement - Hospital",03200,00100,Amount,nan,nan
E3_3_HOS_C1_3201,Hospital | Line 32.01 | Col 1,NUMERIC,E30A183,"E-3, Part III: Settlement - Hospital",03201,00100,Amount,nan,nan
E3_3_HOS_C1_33,Hospital | Line 33 | Col 1,NUMERIC,E30A183,"E-3, Part III: Settlement - Hospital",03300,00100,Amount,nan,nan
E3_3_HOS_C1_35,Hospital | Line 35 | Col 1,NUMERIC,E30A183,"E-3, Part III: Settlement - Hospital",03500,00100,Amount,nan,nan
E3_2_HOS_C1_1,Hospital | Line 1 | Col 1,NUMERIC,E30A182,"E-3, Part II: Settlement - Hospital",00100,00100,Amount,nan,nan
E3_2_HOS_C1_12,Hospital | Line 12 | Col 1,NUMERIC,E30A182,"E-3, Part II: Settlement - Hospital",01200,00100,Amount,nan,nan
E3_2_HOS_C1_16,Hospital | Line 16 | Col 1,NUMERIC,E30A182,"E-3, Part II: Settlement - Hospital",01600,00100,Amount,nan,nan
E3_2_HOS_C1_18,Hospital | Line 18 | Col 1,NUMERIC,E30A182,"E-3, Part II: Settlement - Hospital",01800,00100,Amount,nan,nan
E3_2_HOS_C1_20,Hospital | Line 20 | Col 1,NUMERIC,E30A182,"E-3, Part II: Settlement - Hospital",02000,00100,Amount,nan,nan
E3_2_HOS_C1_21,Hospital | Line 21 | Col 1,NUMERIC,E30A182,"E-3, Part II: Settlement - Hospital",02100,00100,Amount,nan,nan
E3_2_HOS_C1_22,Hospital | Line 22 | Col 1,NUMERIC,E30A182,"E-3, Part II: Settlement - Hospital",02200,00100,Amount,nan,nan
E3_2_HOS_C1_26,Hospital | Line 26 | Col 1,NUMERIC,E30A182,"E-3, Part II: Settlement - Hospital",02600,00100,Amount,nan,nan
E3_2_HOS_C1_31,Hospital | Line 31 | Col 1,NUMERIC,E30A182,"E-3, Part II: Settlement - Hospital",03100,00100,Amount,nan,nan
E3_2_HOS_C1_3101,Hospital | Line 31.01 | Col 1,NUMERIC,E30A182,"E-3, Part II: Settlement - Hospital",03101,00100,Amount,nan,nan
E3_2_HOS_C1_32,Hospital | Line 32 | Col 1,NUMERIC,E30A182,"E-3, Part II: Settlement - Hospital",03200,00100,Amount,nan,nan
E3_2_HOS_C1_34,Hospital | Line 34 | Col 1,NUMERIC,E30A182,"E-3, Part II: Settlement - Hospital",03400,00100,Amount,nan,nan
E3_2_HOS_C1_9,Hospital | Line 9 | Col 1,NUMERIC,E30A182,"E-3, Part II: Settlement - Hospital",00900,00100,Amount,nan,nan
E3_2_HOS_C1_10,Hospital | Line 10 | Col 1,NUMERIC,E30A182,"E-3, Part II: Settlement - Hospital",01000,00100,Amount,nan,nan
E3_2_HOS_C1_11,Hospital | Line 11 | Col 1,NUMERIC,E30A182,"E-3, Part II: Settlement - Hospital",01100,00100,Amount,nan,nan
E3_2_HOS_C1_19,Hospital | Line 19 | Col 1,NUMERIC,E30A182,"E-3, Part II: Settlement - Hospital",01900,00100,Amount,nan,nan
E3_2_HOS_C1_27,Hospital | Line 27 | Col 1,NUMERIC,E30A182,"E-3, Part II: Settlement - Hospital",02700,00100,Amount,nan,nan
E3_2_HOS_C1_4,Hospital | Line 4 | Col 1,NUMERIC,E30A182,"E-3, Part II: Settlement - Hospital",00400,00100,Amount,nan,nan
E3_2_HOS_C1_6,Hospital | Line 6 | Col 1,NUMERIC,E30A182,"E-3, Part II: Settlement - Hospital",00600,00100,Amount,nan,nan
E3_2_HOS_C1_8,Hospital | Line 8 | Col 1,NUMERIC,E30A182,"E-3, Part II: Settlement - Hospital",00800,00100,Amount,nan,nan
E4_C1_4,Line 4 | Col 1,NUMERIC,E40A180,E-4: DSH Payment Adjustment,00400,00100,Amount / Factor,nan,nan
E_B_HOS_C1_2850,Hospital | Line 28.50 | Col 1,UNKNOWN,,,2850,1,,nan,nan
A8_C2_29,Physicians' Assistant,NUMERIC,A800000,A-8: Adjustments to Expenses,02900,00200,Reclassification,ADJUSTMENTS,nan
A_C6_43,Nursery,NUMERIC,A000000,A: Reclassification & Adjustment of Trial Balance,04300,00600,Reclassified Net Expenses,TRIAL BALANCE OF EXPENSE ACCOUNTS,nan
A8_C2_15,Rental of quarters to employee and oths,NUMERIC,A800000,A-8: Adjustments to Expenses,01500,00200,Reclassification,ADJUSTMENTS,nan
E_A_HOS_C1_73,Hospital | Line 73 | Col 1,NUMERIC,E00A18A,"E, Part A: Settlement - Hospital",07300,00100,Amount,nan,nan
E_B_HOS_C1_42,Tentative settlement,NUMERIC,E00A18B,"E, Part B: Settlement - Hospital",04200,00100,Amount,CALCULATION OF REIMBURSEMENT SETTLEMENT,
S3_2_C2_36,Cafeteria,NUMERIC,S300002,"S-3, Part II: Medicaid Ratio",03600,00200,Medicare Charges,HOSPITAL WAGE INDEX DATA,AMOUNT REPORTED
S3_2_C3_22,Physician Part A,NUMERIC,S300002,"S-3, Part II: Medicaid Ratio",02200,00300,Total Charges,HOSPITAL WAGE INDEX DATA,AMOUNT REPORTED
S3_2_C3_23,Physician Part B,NUMERIC,S300002,"S-3, Part II: Medicaid Ratio",02300,00300,Total Charges,HOSPITAL WAGE INDEX DATA,AMOUNT REPORTED
A7_3_C7_3,Total,NUMERIC,A700003,"A-7, Part III: Capital Assets",00300,00700,RECONCILIATION OF CAPITAL COST CENTERS - Other Capital Related Costs,RECONCILIATION OF CAPITAL COST CENTERS,Other Capital Related Costs
A8_C2_11,"Sale of scrap, waste, etc.",NUMERIC,A800000,A-8: Adjustments to Expenses,01100,00200,Reclassification,ADJUSTMENTS,nan
A8_C2_23,Adj for Respiratory therapy costs in excess,NUMERIC,A800000,A-8: Adjustments to Expenses,02300,00200,Reclassification,ADJUSTMENTS,nan
D3_HOS_C2_41,Subprovider-IRF,NUMERIC,D30A180,D-3: Apportionment - Hospital,04100,00200,Medicare Charges,INPATIENT ANCILLARY SERVICE COST APPORTIONMENT,nan
E_B_HOS_C1_5,Payment to cost ratio,NUMERIC,E00A18B,"E, Part B: Settlement - Hospital",00500,00100,Amount,CALCULATION OF REIMBURSEMENT SETTLEMENT,
E_B_HOS_C1_6,Line 2 times line 5,NUMERIC,E00A18B,"E, Part B: Settlement - Hospital",00600,00100,Amount,CALCULATION OF REIMBURSEMENT SETTLEMENT,
E_B_IPF_C1_26,Inpatient Psychiatric Facility | Line 26 | Col 1,NUMERIC,E00B18B,"E, Part B: Settlement - IPF",02600,00100,Amount,CALCULATION OF REIMBURSEMENT SETTLEMENT,nan
S3_1_C12_16,IPF,NUMERIC,S300001,"S-3, Part I: Utilization Data",01600,01200,Total Patient Days,Total Inpatient Days/Outpatient Visits,nan
S3_1_C12_17,IRF,NUMERIC,S300001,"S-3, Part I: Utilization Data",01700,01200,Total Patient Days,Total Inpatient Days/Outpatient Visits,nan
S3_5_C2_14,Line 14 | Col 2,NUMERIC,S300005,"S-3, Part V: Utilization Data",01400,00200,HOSPITAL CONTRACT LABOR AND BENEFIT COST,nan,nan
A7_1_C2_1,Land,NUMERIC,A700001,"A-7, Part I: Capital Assets",00100,00200,ANALYSIS OF CHANGES IN NEW CAPITAL BALANCES - Purchases,ANALYSIS OF CHANGES IN NEW CAPITAL BALANCES,Purchases
E2_SWSNF_C1_11,Swing Bed SNF | Line 11 | Col 1,NUMERIC,E20F180,E-2: Swing Bed SNF,01100,00100,CALCULATION OF REIMBURSEMENT SETTLEMENT,CALCULATION OF REIMBURSEMENT SETTLEMENT,nan
G2_C1_5,Line 5 | Col 1,NUMERIC,G200000,G-2: Statement of Changes in Fund Balance,00500,00100,General Fund,nan,nan
S3_1_C8_6,Hospital Adlts & Ped Swing Bed NF,NUMERIC,S300001,"S-3, Part I: Utilization Data",00600,00800,Total Discharges,Total Inpatient Days/Outpatient Visits,nan
E_A_HOS_C1_8,Hospital | Line 8 | Col 1,NUMERIC,E00A18A,"E, Part A: Settlement - Hospital",00800,00100,Amount,nan,nan
S10_1_C1_13,Line 13 | Col 1,UNKNOWN,,,13,1,,nan,nan
S10_1_C1_14,Line 14 | Col 1,UNKNOWN,,,14,1,,nan,nan
S10_1_C1_15,Line 15 | Col 1,UNKNOWN,,,15,1,,nan,nan
S10_1_C1_16,Line 16 | Col 1,UNKNOWN,,,16,1,,nan,nan
A7_1_C5_2,Land Improvements,NUMERIC,A700001,"A-7, Part I: Capital Assets",00200,00500,ANALYSIS OF CHANGES IN NEW CAPITAL BALANCES - Disposals and Retirements,ANALYSIS OF CHANGES IN NEW CAPITAL BALANCES,Disposals and Retirements
D_4_HOS_C1_200,Total,NUMERIC,D00A184,"D, Part IV: Apportionment - Hospital",20000,00100,Cost / Charge Ratio,APPORTIONMENT OF INPATIENT/OUTPATIENT ANCILLARY SERVICE OTHER PASS THROUGH COSTS,nan
S3_2_C2_20,Non-Physician Anesthetist Part A,NUMERIC,S300002,"S-3, Part II: Medicaid Ratio",02000,00200,Medicare Charges,HOSPITAL WAGE INDEX DATA,AMOUNT REPORTED
S3_2_C2_2552,Interns & Residents,NUMERIC,S300002,"S-3, Part II: Medicaid Ratio",02552,00200,Medicare Charges,HOSPITAL WAGE INDEX DATA,AMOUNT REPORTED
S3_2_C4_20,Non-Physician Anesthetist Part A,NUMERIC,S300002,"S-3, Part II: Medicaid Ratio",02000,00400,Cost Center Code,HOSPITAL WAGE INDEX DATA,ADJUSTED SALARIES
S3_2_C4_2552,Interns & Residents,NUMERIC,S300002,"S-3, Part II: Medicaid Ratio",02552,00400,Cost Center Code,HOSPITAL WAGE INDEX DATA,ADJUSTED SALARIES
E3_2_HOS_C1_2,Hospital | Line 2 | Col 1,NUMERIC,E30A182,"E-3, Part II: Settlement - Hospital",00200,00100,Amount,nan,nan
E3_2_HOS_C1_23,Hospital | Line 23 | Col 1,NUMERIC,E30A182,"E-3, Part II: Settlement - Hospital",02300,00100,Amount,nan,nan
E3_2_HOS_C1_24,Hospital | Line 24 | Col 1,NUMERIC,E30A182,"E-3, Part II: Settlement - Hospital",02400,00100,Amount,nan,nan
E3_2_HOS_C1_25,Hospital | Line 25 | Col 1,NUMERIC,E30A182,"E-3, Part II: Settlement - Hospital",02500,00100,Amount,nan,nan
A8_C2_19,Nursing School,NUMERIC,A800000,A-8: Adjustments to Expenses,01900,00200,Reclassification,ADJUSTMENTS,nan
D_3_HOS_C9_41,Subprovider-IRF,NUMERIC,D00A183,"D, Part III: Apportionment - Hospital",04100,00900,APPORTIONMENT OF INPATIENT ROUTINE SERVICE OTHER PASS THROUGH COSTS,APPORTIONMENT OF INPATIENT ROUTINE SERVICE OTHER PASS THROUGH COSTS,nan
D_4_HOS_C11_74,Renal Dialysis,NUMERIC,D00A184,"D, Part IV: Apportionment - Hospital",07400,01100,Net Settlement Amount,APPORTIONMENT OF INPATIENT/OUTPATIENT ANCILLARY SERVICE OTHER PASS THROUGH COSTS,nan
D_4_HOS_C2_200,Total Nursing School,NUMERIC,D00A184,"D, Part IV: Apportionment - Hospital",20000,00200,Program Charges,APPORTIONMENT OF INPATIENT/OUTPATIENT ANCILLARY SERVICE OTHER PASS THROUGH COSTS,nan
D_4_HOS_C2_74,Renal Dialysis,NUMERIC,D00A184,"D, Part IV: Apportionment - Hospital",07400,00200,Program Charges,APPORTIONMENT OF INPATIENT/OUTPATIENT ANCILLARY SERVICE OTHER PASS THROUGH COSTS,nan
D_4_IRF_C11_74,Renal Dialysis,NUMERIC,D00C184,"D, Part IV: Apportionment - IRF",07400,01100,Net Settlement Amount,APPORTIONMENT OF INPATIENT/OUTPATIENT ANCILLARY SERVICE OTHER PASS THROUGH COSTS,nan
D_4_IRF_C2_200,Total Nursing School,NUMERIC,D00C184,"D, Part IV: Apportionment - IRF",20000,00200,Program Charges,APPORTIONMENT OF INPATIENT/OUTPATIENT ANCILLARY SERVICE OTHER PASS THROUGH COSTS,nan
S3_5_C2_13,Line 13 | Col 2,NUMERIC,S300005,"S-3, Part V: Utilization Data",01300,00200,HOSPITAL CONTRACT LABOR AND BENEFIT COST,nan,nan
A7_1_C1_7,Begin Balance,NUMERIC,A700001,"A-7, Part I: Capital Assets",00700,00100,ANALYSIS OF CHANGES IN NEW CAPITAL BALANCES - Beginning Balances,ANALYSIS OF CHANGES IN NEW CAPITAL BALANCES,Fully Depreciated Assets
A7_1_C6_7,Ending Balance,NUMERIC,A700001,"A-7, Part I: Capital Assets",00700,00600,ANALYSIS OF CHANGES IN NEW CAPITAL BALANCES - Fully Depreciated Assets,ANALYSIS OF CHANGES IN NEW CAPITAL BALANCES,Fully Depreciated Assets
E3_5_C1_5,Line 5 | Col 1,NUMERIC,E30A185,"E-3, Part V: Settlement - Hospital",00500,00100,Amount,nan,nan
A7_1_C5_7,Disp. And Retirement,NUMERIC,A700001,"A-7, Part I: Capital Assets",00700,00500,ANALYSIS OF CHANGES IN NEW CAPITAL BALANCES - Disposals and Retirements,ANALYSIS OF CHANGES IN NEW CAPITAL BALANCES,Fully Depreciated Assets
A8_C2_24,Adj for Physical therapy costs in excess,NUMERIC,A800000,A-8: Adjustments to Expenses,02400,00200,Reclassification,ADJUSTMENTS,nan
D1_SNF_C1_74,Total Program General Inp. Rtn Service,NUMERIC,D10E181,D10E181,07400,00100,COMPUTATION OF INPATIENT OPERATING COSTS - General Inpatient Routine Service Cost,COMPUTATION OF INPATIENT OPERATING COSTS,nan
E3_6_SNF_C1_1,Skilled Nursing Facility | Line 1 | Col 1,NUMERIC,E30E186,"E-3, Part VI: Settlement - SNF",00100,00100,Amount,CALCULATION OF REIMBURSEMENT SETTLEMENT,nan
E3_6_SNF_C1_12,Skilled Nursing Facility | Line 12 | Col 1,NUMERIC,E30E186,"E-3, Part VI: Settlement - SNF",01200,00100,Amount,CALCULATION OF REIMBURSEMENT SETTLEMENT,nan
E3_6_SNF_C1_15,Skilled Nursing Facility | Line 15 | Col 1,NUMERIC,E30E186,"E-3, Part VI: Settlement - SNF",01500,00100,Amount,CALCULATION OF REIMBURSEMENT SETTLEMENT,nan
E3_6_SNF_C1_1501,Skilled Nursing Facility | Line 15.01 | Col 1,NUMERIC,E30E186,"E-3, Part VI: Settlement - SNF",01501,00100,Amount,CALCULATION OF REIMBURSEMENT SETTLEMENT,nan
E3_6_SNF_C1_16,Skilled Nursing Facility | Line 16 | Col 1,NUMERIC,E30E186,"E-3, Part VI: Settlement - SNF",01600,00100,Amount,CALCULATION OF REIMBURSEMENT SETTLEMENT,nan
E3_6_SNF_C1_4,Skilled Nursing Facility | Line 4 | Col 1,NUMERIC,E30E186,"E-3, Part VI: Settlement - SNF",00400,00100,Amount,CALCULATION OF REIMBURSEMENT SETTLEMENT,nan
E3_6_SNF_C1_7,Skilled Nursing Facility | Line 7 | Col 1,NUMERIC,E30E186,"E-3, Part VI: Settlement - SNF",00700,00100,Amount,CALCULATION OF REIMBURSEMENT SETTLEMENT,nan
H3_1_HHA1_C10_15,Home Health Agency 1 | Line 15 | Col 10,NUMERIC,H310181,"H-3, Part I: HHA 1",01500,01000,STATEMENT OF REVENUES AND EXPENSES,STATEMENT OF REVENUES AND EXPENSES,nan
S3_1_C6_19,SNF,NUMERIC,S300001,"S-3, Part I: Utilization Data",01900,00600,Total Inpatient Days,Medicare Inpatient Days/Outpatient Visits,nan
E3_3_HOS_C1_2,Hospital | Line 2 | Col 1,NUMERIC,E30A183,"E-3, Part III: Settlement - Hospital",00200,00100,Amount,nan,nan
E3_6_SNF_C1_10,Skilled Nursing Facility | Line 10 | Col 1,NUMERIC,E30E186,"E-3, Part VI: Settlement - SNF",01000,00100,Amount,CALCULATION OF REIMBURSEMENT SETTLEMENT,nan
E3_6_SNF_C1_18,Skilled Nursing Facility | Line 18 | Col 1,NUMERIC,E30E186,"E-3, Part VI: Settlement - SNF",01800,00100,Amount,CALCULATION OF REIMBURSEMENT SETTLEMENT,nan
E3_6_SNF_C1_8,Skilled Nursing Facility | Line 8 | Col 1,NUMERIC,E30E186,"E-3, Part VI: Settlement - SNF",00800,00100,Amount,CALCULATION OF REIMBURSEMENT SETTLEMENT,nan
E3_2_IPF_C1_2,Inpatient Psychiatric Facility | Line 2 | Col 1,NUMERIC,E30B182,"E-3, Part II: Settlement - IPF",00200,00100,Amount,CALCULATION OF REIMBURSEMENT SETTLEMENT (PPS),nan
E3_2_IPF_C1_35,Inpatient Psychiatric Facility | Line 35 | Col 1,NUMERIC,E30B182,"E-3, Part II: Settlement - IPF",03500,00100,Amount,CALCULATION OF REIMBURSEMENT SETTLEMENT (PPS),nan
E3_3_HOS_C1_4,Hospital | Line 4 | Col 1,NUMERIC,E30A183,"E-3, Part III: Settlement - Hospital",00400,00100,Amount,nan,nan
E3_3_HOS_C1_50,Hospital | Line 50 | Col 1,NUMERIC,E30A183,"E-3, Part III: Settlement - Hospital",05000,00100,Amount,nan,nan
A7_1_C7_5,Fixed Equipment,NUMERIC,A700001,"A-7, Part I: Capital Assets",00500,00700,Accumulated Depreciation,ANALYSIS OF CHANGES IN NEW CAPITAL BALANCES,Disposals and Retirements
A8_C2_13,Laundry and Linen Service,NUMERIC,A800000,A-8: Adjustments to Expenses,01300,00200,Reclassification,ADJUSTMENTS,nan
D3_HOS_C2_40,Subprovider-IPF,NUMERIC,D30A180,D-3: Apportionment - Hospital,04000,00200,Medicare Charges,INPATIENT ANCILLARY SERVICE COST APPORTIONMENT,nan
E3_2_IPF_C1_3,Inpatient Psychiatric Facility | Line 3 | Col 1,NUMERIC,E30B182,"E-3, Part II: Settlement - IPF",00300,00100,Amount,CALCULATION OF REIMBURSEMENT SETTLEMENT (PPS),nan
E_B_IRF_C1_1,Inpatient Rehabilitation Facility | Line 1 | Col 1,NUMERIC,E00C18B,"E, Part B: Settlement - IRF",00100,00100,Amount,CALCULATION OF REIMBURSEMENT SETTLEMENT,nan
E_B_IRF_C1_11,Inpatient Rehabilitation Facility | Line 11 | Col 1,NUMERIC,E00C18B,"E, Part B: Settlement - IRF",01100,00100,Amount,CALCULATION OF REIMBURSEMENT SETTLEMENT,nan
E_B_IRF_C1_12,Inpatient Rehabilitation Facility | Line 12 | Col 1,NUMERIC,E00C18B,"E, Part B: Settlement - IRF",01200,00100,Amount,CALCULATION OF REIMBURSEMENT SETTLEMENT,nan
E_B_IRF_C1_14,Inpatient Rehabilitation Facility | Line 14 | Col 1,NUMERIC,E00C18B,"E, Part B: Settlement - IRF",01400,00100,Amount,CALCULATION OF REIMBURSEMENT SETTLEMENT,nan
E_B_IRF_C1_18,Inpatient Rehabilitation Facility | Line 18 | Col 1,NUMERIC,E00C18B,"E, Part B: Settlement - IRF",01800,00100,Amount,CALCULATION OF REIMBURSEMENT SETTLEMENT,nan
E_B_IRF_C1_19,Inpatient Rehabilitation Facility | Line 19 | Col 1,NUMERIC,E00C18B,"E, Part B: Settlement - IRF",01900,00100,Amount,CALCULATION OF REIMBURSEMENT SETTLEMENT,nan
E_B_IRF_C1_2,Inpatient Rehabilitation Facility | Line 2 | Col 1,NUMERIC,E00C18B,"E, Part B: Settlement - IRF",00200,00100,Amount,CALCULATION OF REIMBURSEMENT SETTLEMENT,nan
E_B_IRF_C1_21,Inpatient Rehabilitation Facility | Line 21 | Col 1,NUMERIC,E00C18B,"E, Part B: Settlement - IRF",02100,00100,Amount,CALCULATION OF REIMBURSEMENT SETTLEMENT,nan
E_B_IRF_C1_24,Inpatient Rehabilitation Facility | Line 24 | Col 1,NUMERIC,E00C18B,"E, Part B: Settlement - IRF",02400,00100,Amount,CALCULATION OF REIMBURSEMENT SETTLEMENT,nan
E_B_IRF_C1_27,Inpatient Rehabilitation Facility | Line 27 | Col 1,NUMERIC,E00C18B,"E, Part B: Settlement - IRF",02700,00100,Amount,CALCULATION OF REIMBURSEMENT SETTLEMENT,nan
E_B_IRF_C1_3,Inpatient Rehabilitation Facility | Line 3 | Col 1,NUMERIC,E00C18B,"E, Part B: Settlement - IRF",00300,00100,Amount,CALCULATION OF REIMBURSEMENT SETTLEMENT,nan
E_B_IRF_C1_30,Inpatient Rehabilitation Facility | Line 30 | Col 1,NUMERIC,E00C18B,"E, Part B: Settlement - IRF",03000,00100,Amount,CALCULATION OF REIMBURSEMENT SETTLEMENT,nan
E_B_IRF_C1_32,Inpatient Rehabilitation Facility | Line 32 | Col 1,NUMERIC,E00C18B,"E, Part B: Settlement - IRF",03200,00100,Amount,CALCULATION OF REIMBURSEMENT SETTLEMENT,nan
E_B_IRF_C1_37,Inpatient Rehabilitation Facility | Line 37 | Col 1,NUMERIC,E00C18B,"E, Part B: Settlement - IRF",03700,00100,Amount,CALCULATION OF REIMBURSEMENT SETTLEMENT,nan
E_B_IRF_C1_40,Inpatient Rehabilitation Facility | Line 40 | Col 1,NUMERIC,E00C18B,"E, Part B: Settlement - IRF",04000,00100,Amount,CALCULATION OF REIMBURSEMENT SETTLEMENT,nan
E_B_IRF_C1_41,Inpatient Rehabilitation Facility | Line 41 | Col 1,NUMERIC,E00C18B,"E, Part B: Settlement - IRF",04100,00100,Amount,CALCULATION OF REIMBURSEMENT SETTLEMENT,nan
E_B_IRF_C1_43,Inpatient Rehabilitation Facility | Line 43 | Col 1,NUMERIC,E00C18B,"E, Part B: Settlement - IRF",04300,00100,Amount,CALCULATION OF REIMBURSEMENT SETTLEMENT,nan
S3_1_C8_31,Line 31 | Col 8,NUMERIC,S300001,"S-3, Part I: Utilization Data",03100,00800,Total Discharges,nan,nan
S3_5_C1_11,Line 11 | Col 1,NUMERIC,S300005,"S-3, Part V: Utilization Data",01100,00100,HOSPITAL CONTRACT LABOR AND BENEFIT COST,nan,nan
S3_5_C1_4,Line 4 | Col 1,NUMERIC,S300005,"S-3, Part V: Utilization Data",00400,00100,HOSPITAL CONTRACT LABOR AND BENEFIT COST,nan,nan
D_4_IPF_C1_200,Total Nonphysician Anesthetist Cost,NUMERIC,D00B184,"D, Part IV: Apportionment - IPF",20000,00100,Cost / Charge Ratio,APPORTIONMENT OF INPATIENT/OUTPATIENT ANCILLARY SERVICE OTHER PASS THROUGH COSTS,nan
A_C6_3,Other Capital,NUMERIC,A000000,A: Reclassification & Adjustment of Trial Balance,00300,00600,Reclassified Net Expenses,TRIAL BALANCE OF EXPENSE ACCOUNTS,nan
G2_C1_37,Line 37 | Col 1,NUMERIC,G200000,G-2: Statement of Changes in Fund Balance,03700,00100,General Fund,nan,nan
G2_C2_42,Line 42 | Col 2,NUMERIC,G200000,G-2: Statement of Changes in Fund Balance,04200,00200,Specific Purpose Fund,nan,nan
D_4_SNF_C11_200,Total,NUMERIC,D00E184,"D, Part IV: Apportionment - SNF",20000,01100,Net Settlement Amount,APPORTIONMENT OF INPATIENT/OUTPATIENT ANCILLARY SERVICE OTHER PASS THROUGH COSTS,nan
E3_6_SNF_C1_3,Skilled Nursing Facility | Line 3 | Col 1,NUMERIC,E30E186,"E-3, Part VI: Settlement - SNF",00300,00100,Amount,CALCULATION OF REIMBURSEMENT SETTLEMENT,nan
E3_6_SNF_C1_9,Skilled Nursing Facility | Line 9 | Col 1,NUMERIC,E30E186,"E-3, Part VI: Settlement - SNF",00900,00100,Amount,CALCULATION OF REIMBURSEMENT SETTLEMENT,nan
E4_C1_15,Line 15 | Col 1,NUMERIC,E40A180,E-4: DSH Payment Adjustment,01500,00100,Amount / Factor,nan,nan
E_A_HOS_C101_41,Hospital | Line 41 | Col 101,NUMERIC,E00A18A,"E, Part A: Settlement - Hospital",04100,00101,CALCULATION OF REIMBURSEMENT SETTLEMENT (PPS),nan,nan
E_A_HOS_C101_45,Hospital | Line 45 | Col 101,NUMERIC,E00A18A,"E, Part A: Settlement - Hospital",04500,00101,CALCULATION OF REIMBURSEMENT SETTLEMENT (PPS),nan,nan
E_A_HOS_C1_40,Hospital | Line 40 | Col 1,NUMERIC,E00A18A,"E, Part A: Settlement - Hospital",04000,00100,Amount,nan,nan
E_A_HOS_C1_41,Hospital | Line 41 | Col 1,NUMERIC,E00A18A,"E, Part A: Settlement - Hospital",04100,00100,Amount,nan,nan
E_A_HOS_C1_4101,Hospital | Line 41.01 | Col 1,NUMERIC,E00A18A,"E, Part A: Settlement - Hospital",04101,00100,Amount,nan,nan
E_A_HOS_C1_42,Hospital | Line 42 | Col 1,NUMERIC,E00A18A,"E, Part A: Settlement - Hospital",04200,00100,Amount,nan,nan
E_A_HOS_C1_43,Hospital | Line 43 | Col 1,NUMERIC,E00A18A,"E, Part A: Settlement - Hospital",04300,00100,Amount,nan,nan
E_A_HOS_C1_44,Hospital | Line 44 | Col 1,NUMERIC,E00A18A,"E, Part A: Settlement - Hospital",04400,00100,Amount,nan,nan
E_A_HOS_C1_45,Hospital | Line 45 | Col 1,NUMERIC,E00A18A,"E, Part A: Settlement - Hospital",04500,00100,Amount,nan,nan
E_A_HOS_C1_46,Hospital | Line 46 | Col 1,NUMERIC,E00A18A,"E, Part A: Settlement - Hospital",04600,00100,Amount,nan,nan
E_B_SNF_C1_1,Skilled Nursing Facility | Line 1 | Col 1,NUMERIC,E00E18B,"E, Part B: Settlement - SNF",00100,00100,Amount,CALCULATION OF REIMBURSEMENT SETTLEMENT,nan
E_B_SNF_C1_11,Skilled Nursing Facility | Line 11 | Col 1,NUMERIC,E00E18B,"E, Part B: Settlement - SNF",01100,00100,Amount,CALCULATION OF REIMBURSEMENT SETTLEMENT,nan
E_B_SNF_C1_12,Skilled Nursing Facility | Line 12 | Col 1,NUMERIC,E00E18B,"E, Part B: Settlement - SNF",01200,00100,Amount,CALCULATION OF REIMBURSEMENT SETTLEMENT,nan
E_B_SNF_C1_14,Skilled Nursing Facility | Line 14 | Col 1,NUMERIC,E00E18B,"E, Part B: Settlement - SNF",01400,00100,Amount,CALCULATION OF REIMBURSEMENT SETTLEMENT,nan
E_B_SNF_C1_18,Skilled Nursing Facility | Line 18 | Col 1,NUMERIC,E00E18B,"E, Part B: Settlement - SNF",01800,00100,Amount,CALCULATION OF REIMBURSEMENT SETTLEMENT,nan
E_B_SNF_C1_19,Skilled Nursing Facility | Line 19 | Col 1,NUMERIC,E00E18B,"E, Part B: Settlement - SNF",01900,00100,Amount,CALCULATION OF REIMBURSEMENT SETTLEMENT,nan
E_B_SNF_C1_21,Skilled Nursing Facility | Line 21 | Col 1,NUMERIC,E00E18B,"E, Part B: Settlement - SNF",02100,00100,Amount,CALCULATION OF REIMBURSEMENT SETTLEMENT,nan
E_B_SNF_C1_27,Skilled Nursing Facility | Line 27 | Col 1,NUMERIC,E00E18B,"E, Part B: Settlement - SNF",02700,00100,Amount,CALCULATION OF REIMBURSEMENT SETTLEMENT,nan
E_B_SNF_C1_30,Skilled Nursing Facility | Line 30 | Col 1,NUMERIC,E00E18B,"E, Part B: Settlement - SNF",03000,00100,Amount,CALCULATION OF REIMBURSEMENT SETTLEMENT,nan
E_B_SNF_C1_32,Skilled Nursing Facility | Line 32 | Col 1,NUMERIC,E00E18B,"E, Part B: Settlement - SNF",03200,00100,Amount,CALCULATION OF REIMBURSEMENT SETTLEMENT,nan
E_B_SNF_C1_37,Skilled Nursing Facility | Line 37 | Col 1,NUMERIC,E00E18B,"E, Part B: Settlement - SNF",03700,00100,Amount,CALCULATION OF REIMBURSEMENT SETTLEMENT,nan
E_B_SNF_C1_40,Skilled Nursing Facility | Line 40 | Col 1,NUMERIC,E00E18B,"E, Part B: Settlement - SNF",04000,00100,Amount,CALCULATION OF REIMBURSEMENT SETTLEMENT,nan
E_B_SNF_C1_41,Skilled Nursing Facility | Line 41 | Col 1,NUMERIC,E00E18B,"E, Part B: Settlement - SNF",04100,00100,Amount,CALCULATION OF REIMBURSEMENT SETTLEMENT,nan
E_B_SNF_C1_43,Skilled Nursing Facility | Line 43 | Col 1,NUMERIC,E00E18B,"E, Part B: Settlement - SNF",04300,00100,Amount,CALCULATION OF REIMBURSEMENT SETTLEMENT,nan
S3_1_C7_19,SNF,NUMERIC,S300001,"S-3, Part I: Utilization Data",01900,00700,% Medicare Days / Total Days,Medicaid Inpatient Days/Outpatient Visits,nan
S3_2_C2_8,Home Office Personnel,NUMERIC,S300002,"S-3, Part II: Medicaid Ratio",00800,00200,Medicare Charges,HOSPITAL WAGE INDEX DATA,AMOUNT REPORTED
S3_2_C4_1602,Teaching Physician Salaries,NUMERIC,S300002,"S-3, Part II: Medicaid Ratio",01602,00400,Cost Center Code,HOSPITAL WAGE INDEX DATA,ADJUSTED SALARIES
S3_2_C4_8,Home Office Personnel,NUMERIC,S300002,"S-3, Part II: Medicaid Ratio",00800,00400,Cost Center Code,HOSPITAL WAGE INDEX DATA,ADJUSTED SALARIES
S3_2_C5_8,Home Office Personnel,NUMERIC,S300002,"S-3, Part II: Medicaid Ratio",00800,00500,Medicare Visits,HOSPITAL WAGE INDEX DATA,PAID HOURS RELATED TO SALARIES
S3_2_C6_8,Home Office Personnel,NUMERIC,S300002,"S-3, Part II: Medicaid Ratio",00800,00600,Total Visits,HOSPITAL WAGE INDEX DATA,AVERAGE HOURLY WAGE
S3_5_C2_8,Line 8 | Col 2,NUMERIC,S300005,"S-3, Part V: Utilization Data",00800,00200,HOSPITAL CONTRACT LABOR AND BENEFIT COST,nan,nan
A7_1_C2_7,Purchase,NUMERIC,A700001,"A-7, Part I: Capital Assets",00700,00200,ANALYSIS OF CHANGES IN NEW CAPITAL BALANCES - Purchases,ANALYSIS OF CHANGES IN NEW CAPITAL BALANCES,Fully Depreciated Assets
A7_1_C4_7,Total,NUMERIC,A700001,"A-7, Part I: Capital Assets",00700,00400,ANALYSIS OF CHANGES IN NEW CAPITAL BALANCES - Fully Depreciated Assets,ANALYSIS OF CHANGES IN NEW CAPITAL BALANCES,Fully Depreciated Assets
G2_C1_38,Line 38 | Col 1,NUMERIC,G200000,G-2: Statement of Changes in Fund Balance,03800,00100,General Fund,nan,nan
S10_1_C1_17,Line 17 | Col 1,UNKNOWN,,,17,1,,nan,nan
A_C1_45,NF,NUMERIC,A000000,A: Reclassification & Adjustment of Trial Balance,04500,00100,Salaries,TRIAL BALANCE OF EXPENSE ACCOUNTS,nan
A_C2_45,NF,NUMERIC,A000000,A: Reclassification & Adjustment of Trial Balance,04500,00200,Other Costs,TRIAL BALANCE OF EXPENSE ACCOUNTS,nan
B_1_C0_45,NF,NUMERIC,B000001,"B, Part I: Cost Allocation - General",04500,00000,Statistical Basis / Cost Center,COST ALLOCATION,Net Expense for Cost Allocation
B_1_C26_45,NF,NUMERIC,B000001,"B, Part I: Cost Allocation - General",04500,02600,Stat Basis / Total,COST ALLOCATION,nan
B_2_C26_45,NF,NUMERIC,B000002,"B, Part II: Cost Allocation",04500,02600,ALLOCATION OF NEW CAPITAL COSTS - TOTAL CAPITAL COSTS AFTER COST ALLOCATION,ALLOCATION OF NEW CAPITAL COSTS,TOTAL CAPITAL COSTS AFTER COST ALLOCATION
C_1_C5_45,NF,NUMERIC,C000001,"C, Part I: Ancillary & Outpatient Cost",04500,00500,Medicare Charges (Title XVIII PPS),COMPUTATION OF RATIO OF COST TO CHARGES,nan
C_1_C6_45,NF,NUMERIC,C000001,"C, Part I: Ancillary & Outpatient Cost",04500,00600,Medicare Charges (Title XVIII Other),COMPUTATION OF RATIO OF COST TO CHARGES,Total Inpatient Charges
G2_C1_8,Line 8 | Col 1,NUMERIC,G200000,G-2: Statement of Changes in Fund Balance,00800,00100,General Fund,nan,nan
S3_1_C10_20,NF,NUMERIC,S300001,"S-3, Part I: Utilization Data",02000,01000,Discharges (Title XIX Medicaid),Total Inpatient Days/Outpatient Visits,nan
S3_1_C2_20,NF,NUMERIC,S300001,"S-3, Part I: Utilization Data",02000,00200,Inpatient Days (Title V & XVIII),NUMBER OF BEDS,nan
S3_1_C3_20,NF,NUMERIC,S300001,"S-3, Part I: Utilization Data",02000,00300,Inpatient Days (Title XVIII Medicare),BED DAYS AVAILABLE,nan
S3_1_C8_20,NF,NUMERIC,S300001,"S-3, Part I: Utilization Data",02000,00800,Total Discharges,Total Inpatient Days/Outpatient Visits,nan
S3_5_C2_9,Line 9 | Col 2,NUMERIC,S300005,"S-3, Part V: Utilization Data",00900,00200,HOSPITAL CONTRACT LABOR AND BENEFIT COST,nan,nan
_NAME_,SAS Internal Row Identifier,ID,,,,,,nan,nan
G3_C0_2450,Line 24.50 | Col 0,ALPHANUMERIC,G300000,G-3: Statement of Revenue & Expenses,02450,00000,Description,nan,nan
S10_C1_3,Received DSH or supplemental payments from Medicaid? (Y/N),ALPHANUMERIC,S100000,S-10: Uncompensated/Indigent Care,00300,00100,Amount,S-10 DATA,
S10_C1_4,Line 4 | Col 1,ALPHANUMERIC,S100000,S-10: Uncompensated/Indigent Care,00400,00100,Amount,nan,nan
S10_C1_24,Line 24 | Col 1,ALPHANUMERIC,S100000,S-10: Uncompensated/Indigent Care,02400,00100,Amount,nan,nan
S2_1_C2_6,Subprovider 1 Provider Number,ALPHANUMERIC,S200001,"S-2, Part I: Hospital Identification",00600,00200,Provider Number / Address,nan,nan
S2_1_C7_6,Sub 1 Title 18 Payment System (P/T/O),ALPHANUMERIC,S200001,"S-2, Part I: Hospital Identification",00600,00700,Provider Number (Swing Bed),nan,nan
S2_1_C2_601,Subprovider 2 Provider Number,ALPHANUMERIC,S200001,"S-2, Part I: Hospital Identification",00601,00200,Provider Number / Address,nan,nan
S2_1_C7_601,Sub 2 Title 18 Payment System (P/T/O),ALPHANUMERIC,S200001,"S-2, Part I: Hospital Identification",00601,00700,Provider Number (Swing Bed),nan,nan
S2_1_C2_1001,ICF Provider Number,ALPHANUMERIC,S200001,"S-2, Part I: Hospital Identification",01001,00200,Provider Number / Address,nan,nan
S2_1_C2_1201,HHA 2 Provider Number,ALPHANUMERIC,S200001,"S-2, Part I: Hospital Identification",01201,00200,Provider Number / Address,nan,nan
S2_1_C2_1202,HHA 3 Provider Number,ALPHANUMERIC,S200001,"S-2, Part I: Hospital Identification",01202,00200,Provider Number / Address,nan,nan
S2_1_C2_1203,HHA 4 Provider Number,ALPHANUMERIC,S200001,"S-2, Part I: Hospital Identification",01203,00200,Provider Number / Address,nan,nan
S2_1_C2_1204,HHA 5 Provider Number,ALPHANUMERIC,S200001,"S-2, Part I: Hospital Identification",01204,00200,Provider Number / Address,nan,nan
S2_1_C2_1205,HHA 6 Provider Number,ALPHANUMERIC,S200001,"S-2, Part I: Hospital Identification",01205,00200,Provider Number / Address,nan,nan
S2_1_C2_1206,HHA 7 Provider Number,ALPHANUMERIC,S200001,"S-2, Part I: Hospital Identification",01206,00200,Provider Number / Address,nan,nan
S2_1_C2_1207,HHA 8 Provider Number,ALPHANUMERIC,S200001,"S-2, Part I: Hospital Identification",01207,00200,Provider Number / Address,nan,nan
S2_1_C2_1208,HHA 9 Provider Number,ALPHANUMERIC,S200001,"S-2, Part I: Hospital Identification",01208,00200,Provider Number / Address,nan,nan
S2_1_C2_1209,HHA 10 Provider Number,ALPHANUMERIC,S200001,"S-2, Part I: Hospital Identification",01209,00200,Provider Number / Address,nan,nan
S2_1_C2_13,ASC 1 Provider Number,ALPHANUMERIC,S200001,"S-2, Part I: Hospital Identification",01300,00200,Provider Number / Address,nan,nan
S2_1_C2_1301,ASC 2 Provider Number,ALPHANUMERIC,S200001,"S-2, Part I: Hospital Identification",01301,00200,Provider Number / Address,nan,nan
S2_1_C2_1302,ASC 3 Provider Number,ALPHANUMERIC,S200001,"S-2, Part I: Hospital Identification",01302,00200,Provider Number / Address,nan,nan
S2_1_C2_1303,ASC 4 Provider Number,ALPHANUMERIC,S200001,"S-2, Part I: Hospital Identification",01303,00200,Provider Number / Address,nan,nan
S2_1_C2_1304,ASC 5 Provider Number,ALPHANUMERIC,S200001,"S-2, Part I: Hospital Identification",01304,00200,Provider Number / Address,nan,nan
S2_1_C2_1305,ASC 6 Provider Number,ALPHANUMERIC,S200001,"S-2, Part I: Hospital Identification",01305,00200,Provider Number / Address,nan,nan
S2_1_C2_1306,ASC 7 Provider Number,ALPHANUMERIC,S200001,"S-2, Part I: Hospital Identification",01306,00200,Provider Number / Address,nan,nan
S2_1_C2_1307,ASC 8 Provider Number,ALPHANUMERIC,S200001,"S-2, Part I: Hospital Identification",01307,00200,Provider Number / Address,nan,nan
S2_1_C2_1308,ASC 9 Provider Number,ALPHANUMERIC,S200001,"S-2, Part I: Hospital Identification",01308,00200,Provider Number / Address,nan,nan
S2_1_C2_1309,ASC 10 Provider Number,ALPHANUMERIC,S200001,"S-2, Part I: Hospital Identification",01309,00200,Provider Number / Address,nan,nan
S2_1_C2_1401,Hospice 2 Provider Number,ALPHANUMERIC,S200001,"S-2, Part I: Hospital Identification",01401,00200,Provider Number / Address,nan,nan
S2_1_C2_1402,Hospice 3 Provider Number,ALPHANUMERIC,S200001,"S-2, Part I: Hospital Identification",01402,00200,Provider Number / Address,nan,nan
S2_1_C2_1403,Hospice 4 Provider Number,ALPHANUMERIC,S200001,"S-2, Part I: Hospital Identification",01403,00200,Provider Number / Address,nan,nan
S2_1_C2_1404,Hospice 5 Provider Number,ALPHANUMERIC,S200001,"S-2, Part I: Hospital Identification",01404,00200,Provider Number / Address,nan,nan
S2_1_C2_1405,Hospice 6 Provider Number,ALPHANUMERIC,S200001,"S-2, Part I: Hospital Identification",01405,00200,Provider Number / Address,nan,nan
S2_1_C2_1523,RHC 24 Provider Number,ALPHANUMERIC,S200001,"S-2, Part I: Hospital Identification",01523,00200,Provider Number / Address,nan,nan
S2_1_C2_1524,RHC 25 Provider Number,ALPHANUMERIC,S200001,"S-2, Part I: Hospital Identification",01524,00200,Provider Number / Address,nan,nan
S2_1_C2_1602,FQHC 3 Provider Number,ALPHANUMERIC,S200001,"S-2, Part I: Hospital Identification",01602,00200,Provider Number / Address,nan,nan
S2_1_C2_1603,FQHC 4 Provider Number,ALPHANUMERIC,S200001,"S-2, Part I: Hospital Identification",01603,00200,Provider Number / Address,nan,nan
S2_1_C2_1604,FQHC 5 Provider Number,ALPHANUMERIC,S200001,"S-2, Part I: Hospital Identification",01604,00200,Provider Number / Address,nan,nan
S2_1_C2_1605,FQHC 6 Provider Number,ALPHANUMERIC,S200001,"S-2, Part I: Hospital Identification",01605,00200,Provider Number / Address,nan,nan
S2_1_C2_1606,FQHC 7 Provider Number,ALPHANUMERIC,S200001,"S-2, Part I: Hospital Identification",01606,00200,Provider Number / Address,nan,nan
S2_1_C2_1607,FQHC 8 Provider Number,ALPHANUMERIC,S200001,"S-2, Part I: Hospital Identification",01607,00200,Provider Number / Address,nan,nan
S2_1_C2_1608,FQHC 9 Provider Number,ALPHANUMERIC,S200001,"S-2, Part I: Hospital Identification",01608,00200,Provider Number / Address,nan,nan
S2_1_C2_1609,FQHC 10 Provider Number,ALPHANUMERIC,S200001,"S-2, Part I: Hospital Identification",01609,00200,Provider Number / Address,nan,nan
S2_1_C2_1610,FQHC 11 Provider Number,ALPHANUMERIC,S200001,"S-2, Part I: Hospital Identification",01610,00200,Provider Number / Address,nan,nan
S2_1_C2_1611,FQHC 12 Provider Number,ALPHANUMERIC,S200001,"S-2, Part I: Hospital Identification",01611,00200,Provider Number / Address,nan,nan
S2_1_C2_1612,FQHC 13 Provider Number,ALPHANUMERIC,S200001,"S-2, Part I: Hospital Identification",01612,00200,Provider Number / Address,nan,nan
S2_1_C2_1613,FQHC 14 Provider Number,ALPHANUMERIC,S200001,"S-2, Part I: Hospital Identification",01613,00200,Provider Number / Address,nan,nan
S2_1_C2_1614,FQHC 15 Provider Number,ALPHANUMERIC,S200001,"S-2, Part I: Hospital Identification",01614,00200,Provider Number / Address,nan,nan
S2_1_C2_1615,FQHC 16 Provider Number,ALPHANUMERIC,S200001,"S-2, Part I: Hospital Identification",01615,00200,Provider Number / Address,nan,nan
S2_1_C2_1616,FQHC 17 Provider Number,ALPHANUMERIC,S200001,"S-2, Part I: Hospital Identification",01616,00200,Provider Number / Address,nan,nan
S2_1_C2_1617,FQHC 18 Provider Number,ALPHANUMERIC,S200001,"S-2, Part I: Hospital Identification",01617,00200,Provider Number / Address,nan,nan
S2_1_C2_1618,FQHC 19 Provider Number,ALPHANUMERIC,S200001,"S-2, Part I: Hospital Identification",01618,00200,Provider Number / Address,nan,nan
S2_1_C2_1619,FQHC 20 Provider Number,ALPHANUMERIC,S200001,"S-2, Part I: Hospital Identification",01619,00200,Provider Number / Address,nan,nan
S2_1_C2_1620,FQHC 21 Provider Number,ALPHANUMERIC,S200001,"S-2, Part I: Hospital Identification",01620,00200,Provider Number / Address,nan,nan
S2_1_C2_1621,FQHC 22 Provider Number,ALPHANUMERIC,S200001,"S-2, Part I: Hospital Identification",01621,00200,Provider Number / Address,nan,nan
S2_1_C2_1622,FQHC 23 Provider Number,ALPHANUMERIC,S200001,"S-2, Part I: Hospital Identification",01622,00200,Provider Number / Address,nan,nan
S2_1_C2_1623,FQHC 24 Provider Number,ALPHANUMERIC,S200001,"S-2, Part I: Hospital Identification",01623,00200,Provider Number / Address,nan,nan
S2_1_C2_1624,FQHC 25 Provider Number,ALPHANUMERIC,S200001,"S-2, Part I: Hospital Identification",01624,00200,Provider Number / Address,nan,nan
S2_1_C2_17,CMHC 1 Provider Number,ALPHANUMERIC,S200001,"S-2, Part I: Hospital Identification",01700,00200,Provider Number / Address,nan,nan
S2_1_C2_1701,CMHC 2 Provider Number,ALPHANUMERIC,S200001,"S-2, Part I: Hospital Identification",01701,00200,Provider Number / Address,nan,nan
S2_1_C2_1702,CMHC 3 Provider Number,ALPHANUMERIC,S200001,"S-2, Part I: Hospital Identification",01702,00200,Provider Number / Address,nan,nan
S2_1_C2_1703,CMHC 4 Provider Number,ALPHANUMERIC,S200001,"S-2, Part I: Hospital Identification",01703,00200,Provider Number / Address,nan,nan
S2_1_C2_1704,CMHC 5 Provider Number,ALPHANUMERIC,S200001,"S-2, Part I: Hospital Identification",01704,00200,Provider Number / Address,nan,nan
S2_1_C2_1705,CMHC 6 Provider Number,ALPHANUMERIC,S200001,"S-2, Part I: Hospital Identification",01705,00200,Provider Number / Address,nan,nan
S2_1_C2_1706,CMHC 7 Provider Number,ALPHANUMERIC,S200001,"S-2, Part I: Hospital Identification",01706,00200,Provider Number / Address,nan,nan
S2_1_C2_1707,CMHC 8 Provider Number,ALPHANUMERIC,S200001,"S-2, Part I: Hospital Identification",01707,00200,Provider Number / Address,nan,nan
S2_1_C2_1708,CMHC 9 Provider Number,ALPHANUMERIC,S200001,"S-2, Part I: Hospital Identification",01708,00200,Provider Number / Address,nan,nan
S2_1_C2_1709,CMHC 10 Provider Number,ALPHANUMERIC,S200001,"S-2, Part I: Hospital Identification",01709,00200,Provider Number / Address,nan,nan
S2_1_C2_1801,Renal 2 Provider Number,ALPHANUMERIC,S200001,"S-2, Part I: Hospital Identification",01801,00200,Provider Number / Address,nan,nan
S2_1_C2_1804,Renal 5 Provider Number,ALPHANUMERIC,S200001,"S-2, Part I: Hospital Identification",01804,00200,Provider Number / Address,nan,nan
S2_1_C2_1805,Renal 6 Provider Number,ALPHANUMERIC,S200001,"S-2, Part I: Hospital Identification",01805,00200,Provider Number / Address,nan,nan
S2_1_C2_1806,Renal 7 Provider Number,ALPHANUMERIC,S200001,"S-2, Part I: Hospital Identification",01806,00200,Provider Number / Address,nan,nan
S2_1_C2_1807,Renal 8 Provider Number,ALPHANUMERIC,S200001,"S-2, Part I: Hospital Identification",01807,00200,Provider Number / Address,nan,nan
S2_1_C2_1808,Renal 9 Provider Number,ALPHANUMERIC,S200001,"S-2, Part I: Hospital Identification",01808,00200,Provider Number / Address,nan,nan
S2_1_C2_1809,Renal 10 Provider Number,ALPHANUMERIC,S200001,"S-2, Part I: Hospital Identification",01809,00200,Provider Number / Address,nan,nan
S2_1_C1_3601,Beginning Date of SCH status,ALPHANUMERIC,S200001,"S-2, Part I: Hospital Identification",03601,00100,General Information,nan,nan
S2_1_C2_3601,Ending Date of SCH status,ALPHANUMERIC,S200001,"S-2, Part I: Hospital Identification",03601,00200,Provider Number / Address,nan,nan
S2_1_C1_3801,MDH status beginning date  (MM/DD/YY),ALPHANUMERIC,S200001,"S-2, Part I: Hospital Identification",03801,00100,General Information,nan,nan
S2_1_C2_3801,MDH status ending date (MM/DD/YY),ALPHANUMERIC,S200001,"S-2, Part I: Hospital Identification",03801,00200,Provider Number / Address,nan,nan
S2_1_C1_86,Have you established a new subprovider excluded unit under 42 CFR 413.40(f)(1)(I)?(Y/N),ALPHANUMERIC,S200001,"S-2, Part I: Hospital Identification",08600,00100,General Information,nan,nan
S2_1_C1_92,Are Title XIX NF patients occupying Title XVIII SNF beds? (Y/N),ALPHANUMERIC,S200001,"S-2, Part I: Hospital Identification",09200,00100,General Information,nan,nan
S2_1_C2_107,Line 1.07 | Col 2,ALPHANUMERIC,S200001,"S-2, Part I: Hospital Identification",10700,00200,Provider Number / Address,nan,nan
S2_1_C2_115,"If Line 32, Col 1 is yes, enter the method used: (A, B, or E only)",ALPHANUMERIC,S200001,"S-2, Part I: Hospital Identification",11500,00200,Provider Number / Address,nan,nan
S2_1_C1_126,"Medicare certified kidney 
transplant center cert date",ALPHANUMERIC,S200001,"S-2, Part I: Hospital Identification",12600,00100,General Information,nan,nan
S2_1_C2_126,Medicare Certified Kidney TC term date,ALPHANUMERIC,S200001,"S-2, Part I: Hospital Identification",12600,00200,Provider Number / Address,nan,nan
S2_1_C1_127,"Medicare certified heart
transplant center cert date",ALPHANUMERIC,S200001,"S-2, Part I: Hospital Identification",12700,00100,General Information,nan,nan
S2_1_C2_127,Medicare Certified Heart TC term date,ALPHANUMERIC,S200001,"S-2, Part I: Hospital Identification",12700,00200,Provider Number / Address,nan,nan
S2_1_C1_128,"Medical certified liver 
transplant center cert date",ALPHANUMERIC,S200001,"S-2, Part I: Hospital Identification",12800,00100,General Information,nan,nan
S2_1_C2_128,Medicare Certified Liver TC term date,ALPHANUMERIC,S200001,"S-2, Part I: Hospital Identification",12800,00200,Provider Number / Address,nan,nan
S2_1_C1_129,"Medical certified lung
transplant center cert date",ALPHANUMERIC,S200001,"S-2, Part I: Hospital Identification",12900,00100,General Information,nan,nan
S2_1_C2_129,Medicare Certified Lung TC term date,ALPHANUMERIC,S200001,"S-2, Part I: Hospital Identification",12900,00200,Provider Number / Address,nan,nan
S2_1_C2_130,Medicare Certified Pancreas TC term date,ALPHANUMERIC,S200001,"S-2, Part I: Hospital Identification",13000,00200,Provider Number / Address,nan,nan
S2_1_C1_131,certification date,ALPHANUMERIC,S200001,"S-2, Part I: Hospital Identification",13100,00100,General Information,nan,nan
S2_1_C2_131,Medicare Certified Intestinal TC term date,ALPHANUMERIC,S200001,"S-2, Part I: Hospital Identification",13100,00200,Provider Number / Address,nan,nan
S2_1_C1_132,certification date,ALPHANUMERIC,S200001,"S-2, Part I: Hospital Identification",13200,00100,General Information,nan,nan
S2_1_C2_132,Medicare Certified Islet TC term date,ALPHANUMERIC,S200001,"S-2, Part I: Hospital Identification",13200,00200,Provider Number / Address,nan,nan
S2_1_C1_134,"If an Organ Procurement Organization, enter the OPO number",ALPHANUMERIC,S200001,"S-2, Part I: Hospital Identification",13400,00100,General Information,nan,nan
S2_1_C2_134,OPO Term Date,ALPHANUMERIC,S200001,"S-2, Part I: Hospital Identification",13400,00200,Provider Number / Address,nan,nan
S2_1_C3_140,FI/Contractor's Number,ALPHANUMERIC,S200001,"S-2, Part I: Hospital Identification",14000,00300,MSA / Payment System,nan,nan
S5_C2_21,Initial Physician Payment Method (Y/N),ALPHANUMERIC,S500000,S500000,02100,00200,RENAL STATISTICAL DATA,RENAL STATISTICAL DATA,nan
S10_1_C1_3,Line 3 | Col 1,UNKNOWN,,,3,1,,nan,nan
S10_1_C1_24,Line 24 | Col 1,UNKNOWN,,,24,1,,nan,nan
S10_2_C1_24,Line 24 | Col 1,UNKNOWN,,,24,1,,nan,nan
S2_1_C1_1,Hospital Street Address,ALPHANUMERIC,S200001,"S-2, Part I: Hospital Identification",00100,00100,General Information,nan,nan
S2_1_C1_2,Hospital City,ALPHANUMERIC,S200001,"S-2, Part I: Hospital Identification",00200,00100,General Information,nan,nan
S2_1_C2_2,Hospital State,ALPHANUMERIC,S200001,"S-2, Part I: Hospital Identification",00200,00200,Provider Number / Address,nan,nan
S2_1_C3_2,Hospital Zip Code,ALPHANUMERIC,S200001,"S-2, Part I: Hospital Identification",00200,00300,MSA / Payment System,nan,nan
S2_1_C4_2,Hospital County,ALPHANUMERIC,S200001,"S-2, Part I: Hospital Identification",00200,00400,Hospital Type / Provider Type,nan,nan
S2_1_C1_3,Hospital Name,ALPHANUMERIC,S200001,"S-2, Part I: Hospital Identification",00300,00100,General Information,nan,nan
S2_1_C3_3,Provider's actual MSA or CBSA,ALPHANUMERIC,S200001,"S-2, Part I: Hospital Identification",00300,00300,MSA / Payment System,nan,nan
S2_1_C7_3,Hospital Title 18 Payment System (P/T/O),ALPHANUMERIC,S200001,"S-2, Part I: Hospital Identification",00300,00700,Provider Number (Swing Bed),nan,nan
S2_1_C2_7,Swing Bed SNF Provider Number,ALPHANUMERIC,S200001,"S-2, Part I: Hospital Identification",00700,00200,Provider Number / Address,nan,nan
S2_1_C1_21,Type of Control of Hospital (See Table I),ALPHANUMERIC,S200001,"S-2, Part I: Hospital Identification",02100,00100,General Information,nan,nan
S2_1_C1_22,"Does the facility qualify and is it receiving payments for 
disproportionate share? (Y/N)",ALPHANUMERIC,S200001,"S-2, Part I: Hospital Identification",02200,00100,General Information,nan,nan
S2_1_C2_22,Line 22 | Col 2,UNKNOWN,,,22,2,,nan,nan
S2_1_C1_47,"Is this a New Hospital under
42 CFR 412.300 PPS capital
(Y/N)",ALPHANUMERIC,S200001,"S-2, Part I: Hospital Identification",04700,00100,General Information,nan,nan
S2_1_C2_47,Line 47 | Col 2,UNKNOWN,,,47,2,,nan,nan
S2_1_C1_48,Does the hospital elect a fully prospective payment method for capital costs? (Y/N),ALPHANUMERIC,S200001,"S-2, Part I: Hospital Identification",04800,00100,General Information,nan,nan
S2_1_C2_48,Line 48 | Col 2,UNKNOWN,,,48,2,,nan,nan
S2_1_C1_56,"Is this a teaching hospital or
affiliated with a teaching hospital? (Y/N)",ALPHANUMERIC,S200001,"S-2, Part I: Hospital Identification",05600,00100,General Information,nan,nan
S2_1_C1_60,or allied health costs?,ALPHANUMERIC,S200001,"S-2, Part I: Hospital Identification",06000,00100,General Information,nan,nan
S2_1_C1_85,Is this a New Hospital under 42 CFR 413.40(f)(1)(I) (TEFRA)? (Y/N),ALPHANUMERIC,S200001,"S-2, Part I: Hospital Identification",08500,00100,General Information,nan,nan
S2_1_C1_93,Does the facility operate an ICF/MR facility for purposes of Title XIX? (Y/N),ALPHANUMERIC,S200001,"S-2, Part I: Hospital Identification",09300,00100,General Information,nan,nan
S2_1_C1_105,Does the hospital qualify as RPCH/CAH? (Y/N),ALPHANUMERIC,S200001,"S-2, Part I: Hospital Identification",10500,00100,General Information,nan,nan
S2_1_C1_108,Is this a rural hospital qualifying for an exception to the certified registered nurse anesthetist the CRNA fee schedule? (Y/N),ALPHANUMERIC,S200001,"S-2, Part I: Hospital Identification",10800,00100,General Information,nan,nan
S2_1_C1_115,Is this hospital an All-Inclusive rate provider? (Y/N),ALPHANUMERIC,S200001,"S-2, Part I: Hospital Identification",11500,00100,General Information,nan,nan
S2_1_C1_116,Is this hospital classified as a referral center? (Y/N),ALPHANUMERIC,S200001,"S-2, Part I: Hospital Identification",11600,00100,General Information,nan,nan
S2_1_C1_125,"Does this facility operate 
transplant center? (Y/N)",ALPHANUMERIC,S200001,"S-2, Part I: Hospital Identification",12500,00100,General Information,nan,nan
S2_1_C1_140,"Are there any related organization or how office costs as defined in HCFA Pub. 15-I, chapter 10? (Y/N)",ALPHANUMERIC,S200001,"S-2, Part I: Hospital Identification",14000,00100,General Information,nan,nan
S2_1_C1_144,Are provider based physicians' costs included in Worksheet A? (Y/N),ALPHANUMERIC,S200001,"S-2, Part I: Hospital Identification",14400,00100,General Information,nan,nan
S2_1_C1_145,"If this Hospital is claiming cost for renal services on Worksheet A, are they inpatient services only? (Y/N)",ALPHANUMERIC,S200001,"S-2, Part I: Hospital Identification",14500,00100,General Information,nan,nan
S5_C1_21,MCP Physician Payment Method (Y/N),ALPHANUMERIC,S500000,S500000,02100,00100,RENAL STATISTICAL DATA,RENAL STATISTICAL DATA,nan
S10_1_C1_4,Line 4 | Col 1,UNKNOWN,,,4,1,,nan,nan
S2_1_C1_4,IPF Provider Number,ALPHANUMERIC,S200001,"S-2, Part I: Hospital Identification",00400,00100,General Information,nan,nan
S2_1_C2_4,IPF Provider Number,ALPHANUMERIC,S200001,"S-2, Part I: Hospital Identification",00400,00200,Provider Number / Address,nan,nan
S2_1_C2_8,Swing Bed NF Provider Number,ALPHANUMERIC,S200001,"S-2, Part I: Hospital Identification",00800,00200,Provider Number / Address,nan,nan
S2_1_C2_9,SNF Provider Number,ALPHANUMERIC,S200001,"S-2, Part I: Hospital Identification",00900,00200,Provider Number / Address,nan,nan
S2_1_C2_15,RHC 1 Provider Number,ALPHANUMERIC,S200001,"S-2, Part I: Hospital Identification",01500,00200,Provider Number / Address,nan,nan
S2_1_C1_36,Beginning Date of SCH status,ALPHANUMERIC,S200001,"S-2, Part I: Hospital Identification",03600,00100,General Information,nan,nan
S2_1_C2_36,Ending Date of SCH status,ALPHANUMERIC,S200001,"S-2, Part I: Hospital Identification",03600,00200,Provider Number / Address,nan,nan
S2_1_C1_106,"If this facility qualifies as a RPCH/CAH, has it elected the all inclusive payment for outpatient service? (Y/N)",ALPHANUMERIC,S200001,"S-2, Part I: Hospital Identification",10600,00100,General Information,nan,nan
S2_1_C1_107,Line 1.07 | Col 1,ALPHANUMERIC,S200001,"S-2, Part I: Hospital Identification",10700,00100,General Information,nan,nan
S2_1_C2_140,FI/Contractor's Name,ALPHANUMERIC,S200001,"S-2, Part I: Hospital Identification",14000,00200,Provider Number / Address,nan,nan
S2_1_C1_141,Home Office Name,ALPHANUMERIC,S200001,"S-2, Part I: Hospital Identification",14100,00100,General Information,nan,nan
S2_1_C1_142,Home Office Street,ALPHANUMERIC,S200001,"S-2, Part I: Hospital Identification",14200,00100,General Information,nan,nan
S2_1_C1_143,City,ALPHANUMERIC,S200001,"S-2, Part I: Hospital Identification",14300,00100,General Information,nan,nan
S2_1_C2_143,State,ALPHANUMERIC,S200001,"S-2, Part I: Hospital Identification",14300,00200,Provider Number / Address,nan,nan
S2_1_C3_143,Zip Code,ALPHANUMERIC,S200001,"S-2, Part I: Hospital Identification",14300,00300,MSA / Payment System,nan,nan
S2_1_C2_1,Hospital PO Box,ALPHANUMERIC,S200001,"S-2, Part I: Hospital Identification",00100,00200,Provider Number / Address,nan,nan
S2_1_C2_1501,RHC 2 Provider Number,ALPHANUMERIC,S200001,"S-2, Part I: Hospital Identification",01501,00200,Provider Number / Address,nan,nan
S2_1_C2_12,HHA 1 Provider Number,ALPHANUMERIC,S200001,"S-2, Part I: Hospital Identification",01200,00200,Provider Number / Address,nan,nan
S2_1_C1_5,IRF Provider Number,ALPHANUMERIC,S200001,"S-2, Part I: Hospital Identification",00500,00100,General Information,nan,nan
S2_1_C2_5,IRF Provider Number,ALPHANUMERIC,S200001,"S-2, Part I: Hospital Identification",00500,00200,Provider Number / Address,nan,nan
S2_1_C2_142,Home Office PO Box,ALPHANUMERIC,S200001,"S-2, Part I: Hospital Identification",14200,00200,Provider Number / Address,nan,nan
S2_1_C1_38,MDH status beginning date (MM/DD/YY),ALPHANUMERIC,S200001,"S-2, Part I: Hospital Identification",03800,00100,General Information,nan,nan
S2_1_C2_38,MDH status ending date (MM/DD/YY),ALPHANUMERIC,S200001,"S-2, Part I: Hospital Identification",03800,00200,Provider Number / Address,nan,nan
S2_1_C2_18,Renal 1 Provider Number,ALPHANUMERIC,S200001,"S-2, Part I: Hospital Identification",01800,00200,Provider Number / Address,nan,nan
S2_1_C2_1502,RHC 3 Provider Number,ALPHANUMERIC,S200001,"S-2, Part I: Hospital Identification",01502,00200,Provider Number / Address,nan,nan
S2_1_C2_1503,RHC 4 Provider Number,ALPHANUMERIC,S200001,"S-2, Part I: Hospital Identification",01503,00200,Provider Number / Address,nan,nan
S2_1_C2_1504,RHC 5 Provider Number,ALPHANUMERIC,S200001,"S-2, Part I: Hospital Identification",01504,00200,Provider Number / Address,nan,nan
S2_1_C2_1505,RHC 6 Provider Number,ALPHANUMERIC,S200001,"S-2, Part I: Hospital Identification",01505,00200,Provider Number / Address,nan,nan
S2_1_C2_1506,RHC 7 Provider Number,ALPHANUMERIC,S200001,"S-2, Part I: Hospital Identification",01506,00200,Provider Number / Address,nan,nan
S2_1_C2_1507,RHC 8 Provider Number,ALPHANUMERIC,S200001,"S-2, Part I: Hospital Identification",01507,00200,Provider Number / Address,nan,nan
S2_1_C2_1508,RHC 9 Provider Number,ALPHANUMERIC,S200001,"S-2, Part I: Hospital Identification",01508,00200,Provider Number / Address,nan,nan
S2_1_C2_1509,RHC 10 Provider Number,ALPHANUMERIC,S200001,"S-2, Part I: Hospital Identification",01509,00200,Provider Number / Address,nan,nan
S2_1_C2_1510,RHC 11 Provider Number,ALPHANUMERIC,S200001,"S-2, Part I: Hospital Identification",01510,00200,Provider Number / Address,nan,nan
S2_1_C2_16,FQHC 1 Provider Number,ALPHANUMERIC,S200001,"S-2, Part I: Hospital Identification",01600,00200,Provider Number / Address,nan,nan
S2_1_C2_1601,FQHC 2 Provider Number,ALPHANUMERIC,S200001,"S-2, Part I: Hospital Identification",01601,00200,Provider Number / Address,nan,nan
S2_1_C2_14,Hospice 1 Provider Number,ALPHANUMERIC,S200001,"S-2, Part I: Hospital Identification",01400,00200,Provider Number / Address,nan,nan
S2_1_C2_1802,Renal 3 Provider Number,ALPHANUMERIC,S200001,"S-2, Part I: Hospital Identification",01802,00200,Provider Number / Address,nan,nan
S2_1_C2_1803,Renal 4 Provider Number,ALPHANUMERIC,S200001,"S-2, Part I: Hospital Identification",01803,00200,Provider Number / Address,nan,nan
S2_1_C2_1511,RHC 12 Provider Number,ALPHANUMERIC,S200001,"S-2, Part I: Hospital Identification",01511,00200,Provider Number / Address,nan,nan
S2_1_C2_1512,RHC 13 Provider Number,ALPHANUMERIC,S200001,"S-2, Part I: Hospital Identification",01512,00200,Provider Number / Address,nan,nan
S2_1_C2_1513,RHC 14 Provider Number,ALPHANUMERIC,S200001,"S-2, Part I: Hospital Identification",01513,00200,Provider Number / Address,nan,nan
S2_1_C2_1514,RHC 15 Provider Number,ALPHANUMERIC,S200001,"S-2, Part I: Hospital Identification",01514,00200,Provider Number / Address,nan,nan
S2_1_C2_1515,RHC 16 Provider Number,ALPHANUMERIC,S200001,"S-2, Part I: Hospital Identification",01515,00200,Provider Number / Address,nan,nan
S2_1_C2_1516,RHC 17 Provider Number,ALPHANUMERIC,S200001,"S-2, Part I: Hospital Identification",01516,00200,Provider Number / Address,nan,nan
S2_1_C2_1517,RHC 18 Provider Number,ALPHANUMERIC,S200001,"S-2, Part I: Hospital Identification",01517,00200,Provider Number / Address,nan,nan
S2_1_C2_1518,RHC 19 Provider Number,ALPHANUMERIC,S200001,"S-2, Part I: Hospital Identification",01518,00200,Provider Number / Address,nan,nan
S2_1_C2_1519,RHC 20 Provider Number,ALPHANUMERIC,S200001,"S-2, Part I: Hospital Identification",01519,00200,Provider Number / Address,nan,nan
S2_1_C2_1520,RHC 21 Provider Number,ALPHANUMERIC,S200001,"S-2, Part I: Hospital Identification",01520,00200,Provider Number / Address,nan,nan
S2_1_C2_1521,RHC 22 Provider Number,ALPHANUMERIC,S200001,"S-2, Part I: Hospital Identification",01521,00200,Provider Number / Address,nan,nan
S2_1_C2_1522,RHC 23 Provider Number,ALPHANUMERIC,S200001,"S-2, Part I: Hospital Identification",01522,00200,Provider Number / Address,nan,nan
S2_1_C2_10,NF Provider Number,ALPHANUMERIC,S200001,"S-2, Part I: Hospital Identification",01000,00200,Provider Number / Address,nan,nan
A_C1_112,Other Organ Acquisition,ROLLUP,A000000,A: Reclassification & Adjustment of Trial Balance,11200,00100,Salaries,TRIAL BALANCE OF EXPENSE ACCOUNTS,nan
A_C1_115,ASC (Distinct Part),ROLLUP,A000000,A: Reclassification & Adjustment of Trial Balance,11500,00100,Salaries,TRIAL BALANCE OF EXPENSE ACCOUNTS,nan
A_C1_117,Other Special Purpose,ROLLUP,A000000,A: Reclassification & Adjustment of Trial Balance,11700,00100,Salaries,TRIAL BALANCE OF EXPENSE ACCOUNTS,nan
A_C1_12,Maintenance of Personnel,ROLLUP,A000000,A: Reclassification & Adjustment of Trial Balance,01200,00100,Salaries,TRIAL BALANCE OF EXPENSE ACCOUNTS,nan
A_C1_19,Nonphysician Anesthetists,ROLLUP,A000000,A: Reclassification & Adjustment of Trial Balance,01900,00100,Salaries,TRIAL BALANCE OF EXPENSE ACCOUNTS,nan
A_C1_191,Research,ROLLUP,A000000,A: Reclassification & Adjustment of Trial Balance,19100,00100,Salaries,TRIAL BALANCE OF EXPENSE ACCOUNTS,nan
A_C1_32,Coronary Care Unit,ROLLUP,A000000,A: Reclassification & Adjustment of Trial Balance,03200,00100,Salaries,TRIAL BALANCE OF EXPENSE ACCOUNTS,nan
A_C1_6250,Blood Clotting Factors for Hemoph.,ROLLUP,A000000,A: Reclassification & Adjustment of Trial Balance,06250,00100,Salaries,TRIAL BALANCE OF EXPENSE ACCOUNTS,nan
A_C1_72,Impl. Dev. Charged to Patients,ROLLUP,A000000,A: Reclassification & Adjustment of Trial Balance,07200,00100,Salaries,TRIAL BALANCE OF EXPENSE ACCOUNTS,nan
A_C1_96,Durable Medical Equipment Rented,ROLLUP,A000000,A: Reclassification & Adjustment of Trial Balance,09600,00100,Salaries,TRIAL BALANCE OF EXPENSE ACCOUNTS,nan
A_C1_97,Durable Medical Equipment Sold,ROLLUP,A000000,A: Reclassification & Adjustment of Trial Balance,09700,00100,Salaries,TRIAL BALANCE OF EXPENSE ACCOUNTS,nan
A_C1_98,Other Reimbursable,ROLLUP,A000000,A: Reclassification & Adjustment of Trial Balance,09800,00100,Salaries,TRIAL BALANCE OF EXPENSE ACCOUNTS,nan
A_C1_99,CMHC,ROLLUP,A000000,A: Reclassification & Adjustment of Trial Balance,09900,00100,Salaries,TRIAL BALANCE OF EXPENSE ACCOUNTS,nan
A_C1_9910,CORF,ROLLUP,A000000,A: Reclassification & Adjustment of Trial Balance,09910,00100,Salaries,TRIAL BALANCE OF EXPENSE ACCOUNTS,nan
A_C1_9920,OPT,ROLLUP,A000000,A: Reclassification & Adjustment of Trial Balance,09920,00100,Salaries,TRIAL BALANCE OF EXPENSE ACCOUNTS,nan
A_C1_9930,OOT,ROLLUP,A000000,A: Reclassification & Adjustment of Trial Balance,09930,00100,Salaries,TRIAL BALANCE OF EXPENSE ACCOUNTS,nan
A_C1_9940,OSP,ROLLUP,A000000,A: Reclassification & Adjustment of Trial Balance,09940,00100,Salaries,TRIAL BALANCE OF EXPENSE ACCOUNTS,nan
A_C2_112,Other Organ Acquisition,ROLLUP,A000000,A: Reclassification & Adjustment of Trial Balance,11200,00200,Other Costs,TRIAL BALANCE OF EXPENSE ACCOUNTS,nan
A_C2_115,ASC (Distinct Part),ROLLUP,A000000,A: Reclassification & Adjustment of Trial Balance,11500,00200,Other Costs,TRIAL BALANCE OF EXPENSE ACCOUNTS,nan
A_C2_117,Other Special Purpose,ROLLUP,A000000,A: Reclassification & Adjustment of Trial Balance,11700,00200,Other Costs,TRIAL BALANCE OF EXPENSE ACCOUNTS,nan
A_C2_12,Maintenance of Personnel,ROLLUP,A000000,A: Reclassification & Adjustment of Trial Balance,01200,00200,Other Costs,TRIAL BALANCE OF EXPENSE ACCOUNTS,nan
A_C2_32,Coronary Care Unit,ROLLUP,A000000,A: Reclassification & Adjustment of Trial Balance,03200,00200,Other Costs,TRIAL BALANCE OF EXPENSE ACCOUNTS,nan
A_C2_6250,Blood Clotting Factors for Hemoph.,ROLLUP,A000000,A: Reclassification & Adjustment of Trial Balance,06250,00200,Other Costs,TRIAL BALANCE OF EXPENSE ACCOUNTS,nan
A_C2_97,Durable Medical Equipment Sold,ROLLUP,A000000,A: Reclassification & Adjustment of Trial Balance,09700,00200,Other Costs,TRIAL BALANCE OF EXPENSE ACCOUNTS,nan
A_C2_98,Other Reimbursable,ROLLUP,A000000,A: Reclassification & Adjustment of Trial Balance,09800,00200,Other Costs,TRIAL BALANCE OF EXPENSE ACCOUNTS,nan
A_C2_99,CMHC,ROLLUP,A000000,A: Reclassification & Adjustment of Trial Balance,09900,00200,Other Costs,TRIAL BALANCE OF EXPENSE ACCOUNTS,nan
A_C2_9910,CORF,ROLLUP,A000000,A: Reclassification & Adjustment of Trial Balance,09910,00200,Other Costs,TRIAL BALANCE OF EXPENSE ACCOUNTS,nan
A_C2_9920,OPT,ROLLUP,A000000,A: Reclassification & Adjustment of Trial Balance,09920,00200,Other Costs,TRIAL BALANCE OF EXPENSE ACCOUNTS,nan
A_C2_9930,OOT,ROLLUP,A000000,A: Reclassification & Adjustment of Trial Balance,09930,00200,Other Costs,TRIAL BALANCE OF EXPENSE ACCOUNTS,nan
A_C2_9940,OSP,ROLLUP,A000000,A: Reclassification & Adjustment of Trial Balance,09940,00200,Other Costs,TRIAL BALANCE OF EXPENSE ACCOUNTS,nan
A_C6_112,Other Organ Acquisition,ROLLUP,A000000,A: Reclassification & Adjustment of Trial Balance,11200,00600,Reclassified Net Expenses,TRIAL BALANCE OF EXPENSE ACCOUNTS,nan
A_C6_115,ASC (Distinct Part),ROLLUP,A000000,A: Reclassification & Adjustment of Trial Balance,11500,00600,Reclassified Net Expenses,TRIAL BALANCE OF EXPENSE ACCOUNTS,nan
A_C6_117,Other Special Purpose,ROLLUP,A000000,A: Reclassification & Adjustment of Trial Balance,11700,00600,Reclassified Net Expenses,TRIAL BALANCE OF EXPENSE ACCOUNTS,nan
A_C6_12,Maintenance of Personnel,ROLLUP,A000000,A: Reclassification & Adjustment of Trial Balance,01200,00600,Reclassified Net Expenses,TRIAL BALANCE OF EXPENSE ACCOUNTS,nan
A_C6_190,"Gift, Flower, Coffee Shop, Canteen",ROLLUP,A000000,A: Reclassification & Adjustment of Trial Balance,19000,00600,Reclassified Net Expenses,TRIAL BALANCE OF EXPENSE ACCOUNTS,nan
A_C6_191,Research,ROLLUP,A000000,A: Reclassification & Adjustment of Trial Balance,19100,00600,Reclassified Net Expenses,TRIAL BALANCE OF EXPENSE ACCOUNTS,nan
A_C6_32,Coronary Care Unit,ROLLUP,A000000,A: Reclassification & Adjustment of Trial Balance,03200,00600,Reclassified Net Expenses,TRIAL BALANCE OF EXPENSE ACCOUNTS,nan
A_C6_34,Surgical Intensive Care Unit,ROLLUP,A000000,A: Reclassification & Adjustment of Trial Balance,03400,00600,Reclassified Net Expenses,TRIAL BALANCE OF EXPENSE ACCOUNTS,nan
A_C6_6250,Blood Clotting Factors for Hemoph.,ROLLUP,A000000,A: Reclassification & Adjustment of Trial Balance,06250,00600,Reclassified Net Expenses,TRIAL BALANCE OF EXPENSE ACCOUNTS,nan
A_C6_96,Durable Medical Equipment Rented,ROLLUP,A000000,A: Reclassification & Adjustment of Trial Balance,09600,00600,Reclassified Net Expenses,TRIAL BALANCE OF EXPENSE ACCOUNTS,nan
A_C6_97,Durable Medical Equipment Sold,ROLLUP,A000000,A: Reclassification & Adjustment of Trial Balance,09700,00600,Reclassified Net Expenses,TRIAL BALANCE OF EXPENSE ACCOUNTS,nan
A_C6_98,Other Reimbursable,ROLLUP,A000000,A: Reclassification & Adjustment of Trial Balance,09800,00600,Reclassified Net Expenses,TRIAL BALANCE OF EXPENSE ACCOUNTS,nan
A_C6_99,CMHC,ROLLUP,A000000,A: Reclassification & Adjustment of Trial Balance,09900,00600,Reclassified Net Expenses,TRIAL BALANCE OF EXPENSE ACCOUNTS,nan
A_C6_9910,CORF,ROLLUP,A000000,A: Reclassification & Adjustment of Trial Balance,09910,00600,Reclassified Net Expenses,TRIAL BALANCE OF EXPENSE ACCOUNTS,nan
A_C6_9920,OPT,ROLLUP,A000000,A: Reclassification & Adjustment of Trial Balance,09920,00600,Reclassified Net Expenses,TRIAL BALANCE OF EXPENSE ACCOUNTS,nan
A_C6_9930,OOT,ROLLUP,A000000,A: Reclassification & Adjustment of Trial Balance,09930,00600,Reclassified Net Expenses,TRIAL BALANCE OF EXPENSE ACCOUNTS,nan
A_C6_9940,OSP,ROLLUP,A000000,A: Reclassification & Adjustment of Trial Balance,09940,00600,Reclassified Net Expenses,TRIAL BALANCE OF EXPENSE ACCOUNTS,nan
B_1_C0_112,Other Organ Acquisition,ROLLUP,B000001,"B, Part I: Cost Allocation - General",11200,00000,Statistical Basis / Cost Center,COST ALLOCATION,Net Expense for Cost Allocation
B_1_C0_115,ASC (Distinct Part),ROLLUP,B000001,"B, Part I: Cost Allocation - General",11500,00000,Statistical Basis / Cost Center,COST ALLOCATION,Net Expense for Cost Allocation
B_1_C0_117,Other Special Purpose,ROLLUP,B000001,"B, Part I: Cost Allocation - General",11700,00000,Statistical Basis / Cost Center,COST ALLOCATION,Net Expense for Cost Allocation
B_1_C0_12,Maintenance of Personnel,ROLLUP,B000001,"B, Part I: Cost Allocation - General",01200,00000,Statistical Basis / Cost Center,COST ALLOCATION,Net Expense for Cost Allocation
B_1_C0_32,Coronary Care Unit,ROLLUP,B000001,"B, Part I: Cost Allocation - General",03200,00000,Statistical Basis / Cost Center,COST ALLOCATION,Net Expense for Cost Allocation
B_1_C0_6250,Blood Clotting Factors for Hemoph.,ROLLUP,B000001,"B, Part I: Cost Allocation - General",06250,00000,Statistical Basis / Cost Center,COST ALLOCATION,Net Expense for Cost Allocation
B_1_C0_97,Durable Medical Equipment Sold,ROLLUP,B000001,"B, Part I: Cost Allocation - General",09700,00000,Statistical Basis / Cost Center,COST ALLOCATION,Net Expense for Cost Allocation
B_1_C0_98,Other Reimbursable,ROLLUP,B000001,"B, Part I: Cost Allocation - General",09800,00000,Statistical Basis / Cost Center,COST ALLOCATION,Net Expense for Cost Allocation
B_1_C0_9910,CORF,ROLLUP,B000001,"B, Part I: Cost Allocation - General",09910,00000,Statistical Basis / Cost Center,COST ALLOCATION,Net Expense for Cost Allocation
B_1_C0_9920,OPT,ROLLUP,B000001,"B, Part I: Cost Allocation - General",09920,00000,Statistical Basis / Cost Center,COST ALLOCATION,Net Expense for Cost Allocation
B_1_C0_9930,OOT,ROLLUP,B000001,"B, Part I: Cost Allocation - General",09930,00000,Statistical Basis / Cost Center,COST ALLOCATION,Net Expense for Cost Allocation
B_1_C0_9940,OSP,ROLLUP,B000001,"B, Part I: Cost Allocation - General",09940,00000,Statistical Basis / Cost Center,COST ALLOCATION,Net Expense for Cost Allocation
B_1_C19_202,Total NonPhysican Anesthetist,ROLLUP,B000001,"B, Part I: Cost Allocation - General",20200,01900,Cap Rel Costs - Bldg & Fixtures,COST ALLOCATION,Total Costs
B_1_C20_202,Total Nursing School,ROLLUP,B000001,"B, Part I: Cost Allocation - General",20200,02000,Cap Rel Costs - Movable Equipment,COST ALLOCATION,Total Costs
B_1_C21_101,HHA,ROLLUP,B000001,"B, Part I: Cost Allocation - General",10100,02100,Inpatient Routine Services,COST ALLOCATION,nan
B_1_C21_112,Other Organ Acquisition,ROLLUP,B000001,"B, Part I: Cost Allocation - General",11200,02100,Inpatient Routine Services,COST ALLOCATION,nan
B_1_C21_115,ASC (Distinct Part),ROLLUP,B000001,"B, Part I: Cost Allocation - General",11500,02100,Inpatient Routine Services,COST ALLOCATION,nan
B_1_C21_116,Hospice,ROLLUP,B000001,"B, Part I: Cost Allocation - General",11600,02100,Inpatient Routine Services,COST ALLOCATION,nan
B_1_C21_117,Other Special Purpose,ROLLUP,B000001,"B, Part I: Cost Allocation - General",11700,02100,Inpatient Routine Services,COST ALLOCATION,nan
B_1_C21_190,"Gift, Flower, Coffee Shop, Canteen",ROLLUP,B000001,"B, Part I: Cost Allocation - General",19000,02100,Inpatient Routine Services,COST ALLOCATION,nan
B_1_C21_191,Research,ROLLUP,B000001,"B, Part I: Cost Allocation - General",19100,02100,Inpatient Routine Services,COST ALLOCATION,nan
B_1_C21_193,Nonpaid Workers,ROLLUP,B000001,"B, Part I: Cost Allocation - General",19300,02100,Inpatient Routine Services,COST ALLOCATION,nan
B_1_C21_201,Negative Cost Centers,ROLLUP,B000001,"B, Part I: Cost Allocation - General",20100,02100,Inpatient Routine Services,COST ALLOCATION,nan
B_1_C21_202,Total,ROLLUP,B000001,"B, Part I: Cost Allocation - General",20200,02100,Inpatient Routine Services,COST ALLOCATION,nan
B_1_C21_32,Coronary Care Unit,ROLLUP,B000001,"B, Part I: Cost Allocation - General",03200,02100,Inpatient Routine Services,COST ALLOCATION,Allocation of Interns & Residents Salary and Fringes
B_1_C21_33,Burn Intensive Care Unit,ROLLUP,B000001,"B, Part I: Cost Allocation - General",03300,02100,Inpatient Routine Services,COST ALLOCATION,Allocation of Interns & Residents Salary and Fringes
B_1_C21_34,Surgical Intensive Care Unit,ROLLUP,B000001,"B, Part I: Cost Allocation - General",03400,02100,Inpatient Routine Services,COST ALLOCATION,Allocation of Interns & Residents Salary and Fringes
B_1_C21_55,Radiology-Therapeutic,ROLLUP,B000001,"B, Part I: Cost Allocation - General",05500,02100,Inpatient Routine Services,COST ALLOCATION,Allocation of Interns & Residents Salary and Fringes
B_1_C21_57,CT Scan,ROLLUP,B000001,"B, Part I: Cost Allocation - General",05700,02100,Inpatient Routine Services,COST ALLOCATION,Allocation of Interns & Residents Salary and Fringes
B_1_C21_58,MRI,ROLLUP,B000001,"B, Part I: Cost Allocation - General",05800,02100,Inpatient Routine Services,COST ALLOCATION,Allocation of Interns & Residents Salary and Fringes
B_1_C21_62,Whole Blood & Packed Red Blood Cells,ROLLUP,B000001,"B, Part I: Cost Allocation - General",06200,02100,Inpatient Routine Services,COST ALLOCATION,Allocation of Interns & Residents Salary and Fringes
B_1_C21_6250,Blood Clotting Factors for Hemoph.,ROLLUP,B000001,"B, Part I: Cost Allocation - General",06250,02100,Inpatient Routine Services,COST ALLOCATION,Allocation of Interns & Residents Salary and Fringes
B_1_C21_63,"Blood Storing, Processing, Trans",ROLLUP,B000001,"B, Part I: Cost Allocation - General",06300,02100,Inpatient Routine Services,COST ALLOCATION,Allocation of Interns & Residents Salary and Fringes
B_1_C21_64,Intravenous Therapy,ROLLUP,B000001,"B, Part I: Cost Allocation - General",06400,02100,Inpatient Routine Services,COST ALLOCATION,Allocation of Interns & Residents Salary and Fringes
B_1_C21_65,Respiratory Therapy,ROLLUP,B000001,"B, Part I: Cost Allocation - General",06500,02100,Inpatient Routine Services,COST ALLOCATION,Allocation of Interns & Residents Salary and Fringes
B_1_C21_67,Occupational Therapy,ROLLUP,B000001,"B, Part I: Cost Allocation - General",06700,02100,Inpatient Routine Services,COST ALLOCATION,Allocation of Interns & Residents Salary and Fringes
B_1_C21_68,Speech Pathology,ROLLUP,B000001,"B, Part I: Cost Allocation - General",06800,02100,Inpatient Routine Services,COST ALLOCATION,Allocation of Interns & Residents Salary and Fringes
B_1_C21_71,Medical Supplies Charged to Patients,ROLLUP,B000001,"B, Part I: Cost Allocation - General",07100,02100,Inpatient Routine Services,COST ALLOCATION,Allocation of Interns & Residents Salary and Fringes
B_1_C21_72,Impl. Dev. Charged to Patients,ROLLUP,B000001,"B, Part I: Cost Allocation - General",07200,02100,Inpatient Routine Services,COST ALLOCATION,Allocation of Interns & Residents Salary and Fringes
B_1_C21_73,Drugs Charged to Patients,ROLLUP,B000001,"B, Part I: Cost Allocation - General",07300,02100,Inpatient Routine Services,COST ALLOCATION,nan
B_1_C21_75,ASC (Non Distinct Part),ROLLUP,B000001,"B, Part I: Cost Allocation - General",07500,02100,Inpatient Routine Services,COST ALLOCATION,nan
B_1_C21_88,RHC,ROLLUP,B000001,"B, Part I: Cost Allocation - General",08800,02100,Inpatient Routine Services,COST ALLOCATION,nan
B_1_C21_89,FQHC,ROLLUP,B000001,"B, Part I: Cost Allocation - General",08900,02100,Inpatient Routine Services,COST ALLOCATION,nan
B_1_C21_9201,Observation Beds (Distinct Unit),ROLLUP,B000001,"B, Part I: Cost Allocation - General",09201,02100,Inpatient Routine Services,COST ALLOCATION,nan
B_1_C21_93,Other Outpatient Services,ROLLUP,B000001,"B, Part I: Cost Allocation - General",09300,02100,Inpatient Routine Services,COST ALLOCATION,nan
B_1_C21_96,Durable Medical Equipment Rented,ROLLUP,B000001,"B, Part I: Cost Allocation - General",09600,02100,Inpatient Routine Services,COST ALLOCATION,nan
B_1_C21_97,Durable Medical Equipment Sold,ROLLUP,B000001,"B, Part I: Cost Allocation - General",09700,02100,Inpatient Routine Services,COST ALLOCATION,nan
B_1_C21_98,Other Reimbursable,ROLLUP,B000001,"B, Part I: Cost Allocation - General",09800,02100,Inpatient Routine Services,COST ALLOCATION,nan
B_1_C21_99,CMHC,ROLLUP,B000001,"B, Part I: Cost Allocation - General",09900,02100,Inpatient Routine Services,COST ALLOCATION,nan
B_1_C21_9910,CORF,ROLLUP,B000001,"B, Part I: Cost Allocation - General",09910,02100,Inpatient Routine Services,COST ALLOCATION,nan
B_1_C21_9920,OPT,ROLLUP,B000001,"B, Part I: Cost Allocation - General",09920,02100,Inpatient Routine Services,COST ALLOCATION,nan
B_1_C21_9930,OOT,ROLLUP,B000001,"B, Part I: Cost Allocation - General",09930,02100,Inpatient Routine Services,COST ALLOCATION,nan
B_1_C21_9940,OSP,ROLLUP,B000001,"B, Part I: Cost Allocation - General",09940,02100,Inpatient Routine Services,COST ALLOCATION,nan
B_1_C22_101,HHA,ROLLUP,B000001,"B, Part I: Cost Allocation - General",10100,02200,Ancillary Services,COST ALLOCATION,nan
B_1_C22_112,Other Organ Acquisition,ROLLUP,B000001,"B, Part I: Cost Allocation - General",11200,02200,Ancillary Services,COST ALLOCATION,nan
B_1_C22_115,ASC (Distinct Part),ROLLUP,B000001,"B, Part I: Cost Allocation - General",11500,02200,Ancillary Services,COST ALLOCATION,nan
B_1_C22_116,Hospice,ROLLUP,B000001,"B, Part I: Cost Allocation - General",11600,02200,Ancillary Services,COST ALLOCATION,nan
B_1_C22_117,Other Special Purpose,ROLLUP,B000001,"B, Part I: Cost Allocation - General",11700,02200,Ancillary Services,COST ALLOCATION,nan
B_1_C22_190,"Gift, Flower, Coffee Shop, Canteen",ROLLUP,B000001,"B, Part I: Cost Allocation - General",19000,02200,Ancillary Services,COST ALLOCATION,nan
B_1_C22_191,Research,ROLLUP,B000001,"B, Part I: Cost Allocation - General",19100,02200,Ancillary Services,COST ALLOCATION,nan
B_1_C22_193,Nonpaid Workers,ROLLUP,B000001,"B, Part I: Cost Allocation - General",19300,02200,Ancillary Services,COST ALLOCATION,nan
B_1_C22_201,Negative Cost Centers,ROLLUP,B000001,"B, Part I: Cost Allocation - General",20100,02200,Ancillary Services,COST ALLOCATION,nan
B_1_C22_202,Total,ROLLUP,B000001,"B, Part I: Cost Allocation - General",20200,02200,Ancillary Services,COST ALLOCATION,nan
B_1_C22_32,Coronary Care Unit,ROLLUP,B000001,"B, Part I: Cost Allocation - General",03200,02200,Ancillary Services,COST ALLOCATION,Allocation of Interns & Residents Program Costs
B_1_C22_33,Burn Intensive Care Unit,ROLLUP,B000001,"B, Part I: Cost Allocation - General",03300,02200,Ancillary Services,COST ALLOCATION,Allocation of Interns & Residents Program Costs
B_1_C22_34,Surgical Intensive Care Unit,ROLLUP,B000001,"B, Part I: Cost Allocation - General",03400,02200,Ancillary Services,COST ALLOCATION,Allocation of Interns & Residents Program Costs
B_1_C22_55,Radiology-Therapeutic,ROLLUP,B000001,"B, Part I: Cost Allocation - General",05500,02200,Ancillary Services,COST ALLOCATION,Allocation of Interns & Residents Program Costs
B_1_C22_57,CT Scan,ROLLUP,B000001,"B, Part I: Cost Allocation - General",05700,02200,Ancillary Services,COST ALLOCATION,Allocation of Interns & Residents Program Costs
B_1_C22_58,MRI,ROLLUP,B000001,"B, Part I: Cost Allocation - General",05800,02200,Ancillary Services,COST ALLOCATION,Allocation of Interns & Residents Program Costs
B_1_C22_62,Whole Blood & Packed Red Blood Cells,ROLLUP,B000001,"B, Part I: Cost Allocation - General",06200,02200,Ancillary Services,COST ALLOCATION,Allocation of Interns & Residents Program Costs
B_1_C22_6250,Blood Clotting Factors for Hemoph.,ROLLUP,B000001,"B, Part I: Cost Allocation - General",06250,02200,Ancillary Services,COST ALLOCATION,Allocation of Interns & Residents Program Costs
B_1_C22_63,"Blood Storing, Processing, Trans",ROLLUP,B000001,"B, Part I: Cost Allocation - General",06300,02200,Ancillary Services,COST ALLOCATION,Allocation of Interns & Residents Program Costs
B_1_C22_64,Intravenous Therapy,ROLLUP,B000001,"B, Part I: Cost Allocation - General",06400,02200,Ancillary Services,COST ALLOCATION,Allocation of Interns & Residents Program Costs
B_1_C22_65,Respiratory Therapy,ROLLUP,B000001,"B, Part I: Cost Allocation - General",06500,02200,Ancillary Services,COST ALLOCATION,Allocation of Interns & Residents Program Costs
B_1_C22_67,Occupational Therapy,ROLLUP,B000001,"B, Part I: Cost Allocation - General",06700,02200,Ancillary Services,COST ALLOCATION,Allocation of Interns & Residents Program Costs
B_1_C22_68,Speech Pathology,ROLLUP,B000001,"B, Part I: Cost Allocation - General",06800,02200,Ancillary Services,COST ALLOCATION,Allocation of Interns & Residents Program Costs
B_1_C22_71,Medical Supplies Charged to Patients,ROLLUP,B000001,"B, Part I: Cost Allocation - General",07100,02200,Ancillary Services,COST ALLOCATION,Allocation of Interns & Residents Program Costs
B_1_C22_72,Impl. Dev. Charged to Patients,ROLLUP,B000001,"B, Part I: Cost Allocation - General",07200,02200,Ancillary Services,COST ALLOCATION,Allocation of Interns & Residents Program Costs
B_1_C22_73,Drugs Charged to Patients,ROLLUP,B000001,"B, Part I: Cost Allocation - General",07300,02200,Ancillary Services,COST ALLOCATION,nan
B_1_C22_75,ASC (Non Distinct Part),ROLLUP,B000001,"B, Part I: Cost Allocation - General",07500,02200,Ancillary Services,COST ALLOCATION,nan
B_1_C22_88,RHC,ROLLUP,B000001,"B, Part I: Cost Allocation - General",08800,02200,Ancillary Services,COST ALLOCATION,nan
B_1_C22_89,FQHC,ROLLUP,B000001,"B, Part I: Cost Allocation - General",08900,02200,Ancillary Services,COST ALLOCATION,nan
B_1_C22_9201,Observation Beds (Distinct Unit),ROLLUP,B000001,"B, Part I: Cost Allocation - General",09201,02200,Ancillary Services,COST ALLOCATION,nan
B_1_C22_93,Other Outpatient Services,ROLLUP,B000001,"B, Part I: Cost Allocation - General",09300,02200,Ancillary Services,COST ALLOCATION,nan
B_1_C22_96,Durable Medical Equipment Rented,ROLLUP,B000001,"B, Part I: Cost Allocation - General",09600,02200,Ancillary Services,COST ALLOCATION,nan
B_1_C22_97,Durable Medical Equipment Sold,ROLLUP,B000001,"B, Part I: Cost Allocation - General",09700,02200,Ancillary Services,COST ALLOCATION,nan
B_1_C22_98,Other Reimbursable,ROLLUP,B000001,"B, Part I: Cost Allocation - General",09800,02200,Ancillary Services,COST ALLOCATION,nan
B_1_C22_99,CMHC,ROLLUP,B000001,"B, Part I: Cost Allocation - General",09900,02200,Ancillary Services,COST ALLOCATION,nan
B_1_C22_9910,CORF,ROLLUP,B000001,"B, Part I: Cost Allocation - General",09910,02200,Ancillary Services,COST ALLOCATION,nan
B_1_C22_9920,OPT,ROLLUP,B000001,"B, Part I: Cost Allocation - General",09920,02200,Ancillary Services,COST ALLOCATION,nan
B_1_C22_9930,OOT,ROLLUP,B000001,"B, Part I: Cost Allocation - General",09930,02200,Ancillary Services,COST ALLOCATION,nan
B_1_C22_9940,OSP,ROLLUP,B000001,"B, Part I: Cost Allocation - General",09940,02200,Ancillary Services,COST ALLOCATION,nan
B_1_C23_200,Crossfoot Adj- Paramedical Ed,ROLLUP,B000001,"B, Part I: Cost Allocation - General",20000,02300,Outpatient Services,COST ALLOCATION,Total Costs
B_1_C23_201,Negative Cost Cntr- Paramedical Ed,ROLLUP,B000001,"B, Part I: Cost Allocation - General",20100,02300,Outpatient Services,COST ALLOCATION,Total Costs
B_1_C23_202,Total Paramedical Education,ROLLUP,B000001,"B, Part I: Cost Allocation - General",20200,02300,Outpatient Services,COST ALLOCATION,Total Costs
B_1_C26_112,Other Organ Acquisition,ROLLUP,B000001,"B, Part I: Cost Allocation - General",11200,02600,Stat Basis / Total,COST ALLOCATION,nan
B_1_C26_115,ASC (Distinct Part),ROLLUP,B000001,"B, Part I: Cost Allocation - General",11500,02600,Stat Basis / Total,COST ALLOCATION,nan
B_1_C26_117,Other Special Purpose,ROLLUP,B000001,"B, Part I: Cost Allocation - General",11700,02600,Stat Basis / Total,COST ALLOCATION,nan
B_1_C26_32,Coronary Care Unit,ROLLUP,B000001,"B, Part I: Cost Allocation - General",03200,02600,Stat Basis / Total,COST ALLOCATION,nan
B_1_C26_6250,Blood Clotting Factors for Hemoph.,ROLLUP,B000001,"B, Part I: Cost Allocation - General",06250,02600,Stat Basis / Total,COST ALLOCATION,nan
B_1_C26_97,Durable Medical Equipment Sold,ROLLUP,B000001,"B, Part I: Cost Allocation - General",09700,02600,Stat Basis / Total,COST ALLOCATION,nan
B_1_C26_98,Other Reimbursable,ROLLUP,B000001,"B, Part I: Cost Allocation - General",09800,02600,Stat Basis / Total,COST ALLOCATION,nan
B_1_C26_9910,CORF,ROLLUP,B000001,"B, Part I: Cost Allocation - General",09910,02600,Stat Basis / Total,COST ALLOCATION,nan
B_1_C26_9920,OPT,ROLLUP,B000001,"B, Part I: Cost Allocation - General",09920,02600,Stat Basis / Total,COST ALLOCATION,nan
B_1_C26_9930,OOT,ROLLUP,B000001,"B, Part I: Cost Allocation - General",09930,02600,Stat Basis / Total,COST ALLOCATION,nan
B_1_C26_9940,OSP,ROLLUP,B000001,"B, Part I: Cost Allocation - General",09940,02600,Stat Basis / Total,COST ALLOCATION,nan
B_2_C26_112,Other Organ Acquisition,ROLLUP,B000002,"B, Part II: Cost Allocation",11200,02600,ALLOCATION OF NEW CAPITAL COSTS - TOTAL CAPITAL COSTS AFTER COST ALLOCATION,ALLOCATION OF NEW CAPITAL COSTS,nan
B_2_C26_115,ASC (Distinct Part),ROLLUP,B000002,"B, Part II: Cost Allocation",11500,02600,ALLOCATION OF NEW CAPITAL COSTS - TOTAL CAPITAL COSTS AFTER COST ALLOCATION,ALLOCATION OF NEW CAPITAL COSTS,nan
B_2_C26_117,Other Special Purpose,ROLLUP,B000002,"B, Part II: Cost Allocation",11700,02600,ALLOCATION OF NEW CAPITAL COSTS - TOTAL CAPITAL COSTS AFTER COST ALLOCATION,ALLOCATION OF NEW CAPITAL COSTS,nan
B_2_C26_191,Research,ROLLUP,B000002,"B, Part II: Cost Allocation",19100,02600,ALLOCATION OF NEW CAPITAL COSTS - TOTAL CAPITAL COSTS AFTER COST ALLOCATION,ALLOCATION OF NEW CAPITAL COSTS,nan
B_2_C26_32,Coronary Care Unit,ROLLUP,B000002,"B, Part II: Cost Allocation",03200,02600,ALLOCATION OF NEW CAPITAL COSTS - TOTAL CAPITAL COSTS AFTER COST ALLOCATION,ALLOCATION OF NEW CAPITAL COSTS,TOTAL CAPITAL COSTS AFTER COST ALLOCATION
B_2_C26_6250,Blood Clotting Factors for Hemoph.,ROLLUP,B000002,"B, Part II: Cost Allocation",06250,02600,ALLOCATION OF NEW CAPITAL COSTS - TOTAL CAPITAL COSTS AFTER COST ALLOCATION,ALLOCATION OF NEW CAPITAL COSTS,TOTAL CAPITAL COSTS AFTER COST ALLOCATION
B_2_C26_97,Durable Medical Equipment Sold,ROLLUP,B000002,"B, Part II: Cost Allocation",09700,02600,ALLOCATION OF NEW CAPITAL COSTS - TOTAL CAPITAL COSTS AFTER COST ALLOCATION,ALLOCATION OF NEW CAPITAL COSTS,nan
B_2_C26_98,Other Reimbursable,ROLLUP,B000002,"B, Part II: Cost Allocation",09800,02600,ALLOCATION OF NEW CAPITAL COSTS - TOTAL CAPITAL COSTS AFTER COST ALLOCATION,ALLOCATION OF NEW CAPITAL COSTS,nan
B_2_C26_9910,CORF,ROLLUP,B000002,"B, Part II: Cost Allocation",09910,02600,ALLOCATION OF NEW CAPITAL COSTS - TOTAL CAPITAL COSTS AFTER COST ALLOCATION,ALLOCATION OF NEW CAPITAL COSTS,nan
B_2_C26_9920,OPT,ROLLUP,B000002,"B, Part II: Cost Allocation",09920,02600,ALLOCATION OF NEW CAPITAL COSTS - TOTAL CAPITAL COSTS AFTER COST ALLOCATION,ALLOCATION OF NEW CAPITAL COSTS,nan
B_2_C26_9930,OOT,ROLLUP,B000002,"B, Part II: Cost Allocation",09930,02600,ALLOCATION OF NEW CAPITAL COSTS - TOTAL CAPITAL COSTS AFTER COST ALLOCATION,ALLOCATION OF NEW CAPITAL COSTS,nan
B_2_C26_9940,OSP,ROLLUP,B000002,"B, Part II: Cost Allocation",09940,02600,ALLOCATION OF NEW CAPITAL COSTS - TOTAL CAPITAL COSTS AFTER COST ALLOCATION,ALLOCATION OF NEW CAPITAL COSTS,nan
C_1_C2_65,Respiratory Therapy,ROLLUP,C000001,"C, Part I: Ancillary & Outpatient Cost",06500,00200,Total Charges (All Patients),COMPUTATION OF RATIO OF COST TO CHARGES,nan
C_1_C2_66,Physical Therapy,ROLLUP,C000001,"C, Part I: Ancillary & Outpatient Cost",06600,00200,Total Charges (All Patients),COMPUTATION OF RATIO OF COST TO CHARGES,nan
C_1_C2_67,Occupational Therapy,ROLLUP,C000001,"C, Part I: Ancillary & Outpatient Cost",06700,00200,Total Charges (All Patients),COMPUTATION OF RATIO OF COST TO CHARGES,nan
C_1_C2_68,Speech Pathology,ROLLUP,C000001,"C, Part I: Ancillary & Outpatient Cost",06800,00200,Total Charges (All Patients),COMPUTATION OF RATIO OF COST TO CHARGES,nan
C_1_C5_112,Other Organ Acquisition,ROLLUP,C000001,"C, Part I: Ancillary & Outpatient Cost",11200,00500,Medicare Charges (Title XVIII PPS),COMPUTATION OF RATIO OF COST TO CHARGES,nan
C_1_C5_115,ASC (Distinct Part),ROLLUP,C000001,"C, Part I: Ancillary & Outpatient Cost",11500,00500,Medicare Charges (Title XVIII PPS),COMPUTATION OF RATIO OF COST TO CHARGES,nan
C_1_C5_117,Other Special Purpose,ROLLUP,C000001,"C, Part I: Ancillary & Outpatient Cost",11700,00500,Medicare Charges (Title XVIII PPS),COMPUTATION OF RATIO OF COST TO CHARGES,nan
C_1_C5_32,Coronary Care Unit,ROLLUP,C000001,"C, Part I: Ancillary & Outpatient Cost",03200,00500,Medicare Charges (Title XVIII PPS),COMPUTATION OF RATIO OF COST TO CHARGES,nan
C_1_C5_6250,Blood Clotting Factors for Hemoph.,ROLLUP,C000001,"C, Part I: Ancillary & Outpatient Cost",06250,00500,Medicare Charges (Title XVIII PPS),COMPUTATION OF RATIO OF COST TO CHARGES,nan
C_1_C5_97,Durable Medical Equipment Sold,ROLLUP,C000001,"C, Part I: Ancillary & Outpatient Cost",09700,00500,Medicare Charges (Title XVIII PPS),COMPUTATION OF RATIO OF COST TO CHARGES,nan
C_1_C5_98,Other Reimbursable,ROLLUP,C000001,"C, Part I: Ancillary & Outpatient Cost",09800,00500,Medicare Charges (Title XVIII PPS),COMPUTATION OF RATIO OF COST TO CHARGES,nan
C_1_C5_9910,CORF,ROLLUP,C000001,"C, Part I: Ancillary & Outpatient Cost",09910,00500,Medicare Charges (Title XVIII PPS),COMPUTATION OF RATIO OF COST TO CHARGES,nan
C_1_C5_9920,OPT,ROLLUP,C000001,"C, Part I: Ancillary & Outpatient Cost",09920,00500,Medicare Charges (Title XVIII PPS),COMPUTATION OF RATIO OF COST TO CHARGES,nan
C_1_C5_9930,OOT,ROLLUP,C000001,"C, Part I: Ancillary & Outpatient Cost",09930,00500,Medicare Charges (Title XVIII PPS),COMPUTATION OF RATIO OF COST TO CHARGES,nan
C_1_C5_9940,OSP,ROLLUP,C000001,"C, Part I: Ancillary & Outpatient Cost",09940,00500,Medicare Charges (Title XVIII PPS),COMPUTATION OF RATIO OF COST TO CHARGES,nan
C_1_C6_101,HHA,ROLLUP,C000001,"C, Part I: Ancillary & Outpatient Cost",10100,00600,Medicare Charges (Title XVIII Other),COMPUTATION OF RATIO OF COST TO CHARGES,nan
C_1_C6_112,Other Organ Acquisition,ROLLUP,C000001,"C, Part I: Ancillary & Outpatient Cost",11200,00600,Medicare Charges (Title XVIII Other),COMPUTATION OF RATIO OF COST TO CHARGES,nan
C_1_C6_115,ASC (Distinct Part),ROLLUP,C000001,"C, Part I: Ancillary & Outpatient Cost",11500,00600,Medicare Charges (Title XVIII Other),COMPUTATION OF RATIO OF COST TO CHARGES,nan
C_1_C6_116,Hospice,ROLLUP,C000001,"C, Part I: Ancillary & Outpatient Cost",11600,00600,Medicare Charges (Title XVIII Other),COMPUTATION OF RATIO OF COST TO CHARGES,nan
C_1_C6_117,Other Special Purpose,ROLLUP,C000001,"C, Part I: Ancillary & Outpatient Cost",11700,00600,Medicare Charges (Title XVIII Other),COMPUTATION OF RATIO OF COST TO CHARGES,nan
C_1_C6_32,Coronary Care Unit,ROLLUP,C000001,"C, Part I: Ancillary & Outpatient Cost",03200,00600,Medicare Charges (Title XVIII Other),COMPUTATION OF RATIO OF COST TO CHARGES,Total Inpatient Charges
C_1_C6_6250,Blood Clotting Factors for Hemoph.,ROLLUP,C000001,"C, Part I: Ancillary & Outpatient Cost",06250,00600,Medicare Charges (Title XVIII Other),COMPUTATION OF RATIO OF COST TO CHARGES,Total Inpatient Charges
C_1_C6_89,FQHC,ROLLUP,C000001,"C, Part I: Ancillary & Outpatient Cost",08900,00600,Medicare Charges (Title XVIII Other),COMPUTATION OF RATIO OF COST TO CHARGES,nan
C_1_C6_96,Durable Medical Equipment Rented,ROLLUP,C000001,"C, Part I: Ancillary & Outpatient Cost",09600,00600,Medicare Charges (Title XVIII Other),COMPUTATION OF RATIO OF COST TO CHARGES,nan
C_1_C6_97,Durable Medical Equipment Sold,ROLLUP,C000001,"C, Part I: Ancillary & Outpatient Cost",09700,00600,Medicare Charges (Title XVIII Other),COMPUTATION OF RATIO OF COST TO CHARGES,nan
C_1_C6_98,Other Reimbursable,ROLLUP,C000001,"C, Part I: Ancillary & Outpatient Cost",09800,00600,Medicare Charges (Title XVIII Other),COMPUTATION OF RATIO OF COST TO CHARGES,nan
C_1_C6_99,CMHC,ROLLUP,C000001,"C, Part I: Ancillary & Outpatient Cost",09900,00600,Medicare Charges (Title XVIII Other),COMPUTATION OF RATIO OF COST TO CHARGES,nan
C_1_C6_9910,CORF,ROLLUP,C000001,"C, Part I: Ancillary & Outpatient Cost",09910,00600,Medicare Charges (Title XVIII Other),COMPUTATION OF RATIO OF COST TO CHARGES,nan
C_1_C6_9920,OPT,ROLLUP,C000001,"C, Part I: Ancillary & Outpatient Cost",09920,00600,Medicare Charges (Title XVIII Other),COMPUTATION OF RATIO OF COST TO CHARGES,nan
C_1_C6_9930,OOT,ROLLUP,C000001,"C, Part I: Ancillary & Outpatient Cost",09930,00600,Medicare Charges (Title XVIII Other),COMPUTATION OF RATIO OF COST TO CHARGES,nan
C_1_C6_9940,OSP,ROLLUP,C000001,"C, Part I: Ancillary & Outpatient Cost",09940,00600,Medicare Charges (Title XVIII Other),COMPUTATION OF RATIO OF COST TO CHARGES,nan
C_1_C7_112,Other Organ Acquisition,ROLLUP,C000001,"C, Part I: Ancillary & Outpatient Cost",11200,00700,Total Medicare Charges (Title XVIII),COMPUTATION OF RATIO OF COST TO CHARGES,nan
C_1_C7_115,ASC (Distinct Part),ROLLUP,C000001,"C, Part I: Ancillary & Outpatient Cost",11500,00700,Total Medicare Charges (Title XVIII),COMPUTATION OF RATIO OF COST TO CHARGES,nan
C_1_C7_117,Other Special Purpose,ROLLUP,C000001,"C, Part I: Ancillary & Outpatient Cost",11700,00700,Total Medicare Charges (Title XVIII),COMPUTATION OF RATIO OF COST TO CHARGES,nan
C_1_C7_31,Intensive Care Unit,ROLLUP,C000001,"C, Part I: Ancillary & Outpatient Cost",03100,00700,Total Medicare Charges (Title XVIII),COMPUTATION OF RATIO OF COST TO CHARGES,Total Outpatient Charges
C_1_C7_32,Coronary Care Unit,ROLLUP,C000001,"C, Part I: Ancillary & Outpatient Cost",03200,00700,Total Medicare Charges (Title XVIII),COMPUTATION OF RATIO OF COST TO CHARGES,Total Outpatient Charges
C_1_C7_33,Burn Intensive Care Unit,ROLLUP,C000001,"C, Part I: Ancillary & Outpatient Cost",03300,00700,Total Medicare Charges (Title XVIII),COMPUTATION OF RATIO OF COST TO CHARGES,Total Outpatient Charges
C_1_C7_34,Surgical Intensive Care Unit,ROLLUP,C000001,"C, Part I: Ancillary & Outpatient Cost",03400,00700,Total Medicare Charges (Title XVIII),COMPUTATION OF RATIO OF COST TO CHARGES,Total Outpatient Charges
C_1_C7_35,Other Special Care Unit,ROLLUP,C000001,"C, Part I: Ancillary & Outpatient Cost",03500,00700,Total Medicare Charges (Title XVIII),COMPUTATION OF RATIO OF COST TO CHARGES,Total Outpatient Charges
C_1_C7_6250,Blood Clotting Factors for Hemoph.,ROLLUP,C000001,"C, Part I: Ancillary & Outpatient Cost",06250,00700,Total Medicare Charges (Title XVIII),COMPUTATION OF RATIO OF COST TO CHARGES,Total Outpatient Charges
C_1_C7_97,Durable Medical Equipment Sold,ROLLUP,C000001,"C, Part I: Ancillary & Outpatient Cost",09700,00700,Total Medicare Charges (Title XVIII),COMPUTATION OF RATIO OF COST TO CHARGES,nan
C_1_C7_98,Other Reimbursable,ROLLUP,C000001,"C, Part I: Ancillary & Outpatient Cost",09800,00700,Total Medicare Charges (Title XVIII),COMPUTATION OF RATIO OF COST TO CHARGES,nan
C_1_C7_99,CMHC,ROLLUP,C000001,"C, Part I: Ancillary & Outpatient Cost",09900,00700,Total Medicare Charges (Title XVIII),COMPUTATION OF RATIO OF COST TO CHARGES,nan
C_1_C7_9910,CORF,ROLLUP,C000001,"C, Part I: Ancillary & Outpatient Cost",09910,00700,Total Medicare Charges (Title XVIII),COMPUTATION OF RATIO OF COST TO CHARGES,nan
C_1_C7_9920,OPT,ROLLUP,C000001,"C, Part I: Ancillary & Outpatient Cost",09920,00700,Total Medicare Charges (Title XVIII),COMPUTATION OF RATIO OF COST TO CHARGES,nan
C_1_C7_9930,OOT,ROLLUP,C000001,"C, Part I: Ancillary & Outpatient Cost",09930,00700,Total Medicare Charges (Title XVIII),COMPUTATION OF RATIO OF COST TO CHARGES,nan
C_1_C7_9940,OSP,ROLLUP,C000001,"C, Part I: Ancillary & Outpatient Cost",09940,00700,Total Medicare Charges (Title XVIII),COMPUTATION OF RATIO OF COST TO CHARGES,nan
D1_HOS_C5_44,Coronary Care Unit Program Cost,ROLLUP,D10A181,D-1: Apportionment - Hospital (Old Age),04400,00500,COMPUTATION OF INPATIENT OPERATING COSTS,COMPUTATION OF INPATIENT OPERATING COSTS,nan
D1_HOS_C5_45,Burn Intensive Care Unit Program Cost,ROLLUP,D10A181,D-1: Apportionment - Hospital (Old Age),04500,00500,COMPUTATION OF INPATIENT OPERATING COSTS,COMPUTATION OF INPATIENT OPERATING COSTS,nan
D1_HOS_C5_46,Surgical Intensive Care Unit Program Cost,ROLLUP,D10A181,D-1: Apportionment - Hospital (Old Age),04600,00500,COMPUTATION OF INPATIENT OPERATING COSTS,COMPUTATION OF INPATIENT OPERATING COSTS,nan
D1_HOS_C5_47,Other Special Care Unit Program Cost,ROLLUP,D10A181,D-1: Apportionment - Hospital (Old Age),04700,00500,COMPUTATION OF INPATIENT OPERATING COSTS,COMPUTATION OF INPATIENT OPERATING COSTS,nan
D3_HOS_C2_32,Coronary Care Unit,ROLLUP,D30A180,D-3: Apportionment - Hospital,03200,00200,Medicare Charges,INPATIENT ANCILLARY SERVICE COST APPORTIONMENT,nan
D3_HOS_C2_35,Other Special Care Unit,ROLLUP,D30A180,D-3: Apportionment - Hospital,03500,00200,Medicare Charges,INPATIENT ANCILLARY SERVICE COST APPORTIONMENT,nan
D3_HOS_C2_6250,Blood Clotting Factors for Hemoph.,ROLLUP,D30A180,D-3: Apportionment - Hospital,06250,00200,Medicare Charges,INPATIENT ANCILLARY SERVICE COST APPORTIONMENT,nan
D3_HOS_C2_88,RHC,ROLLUP,D30A180,D-3: Apportionment - Hospital,08800,00200,Medicare Charges,INPATIENT ANCILLARY SERVICE COST APPORTIONMENT,nan
D3_HOS_C2_89,FQHC,ROLLUP,D30A180,D-3: Apportionment - Hospital,08900,00200,Medicare Charges,INPATIENT ANCILLARY SERVICE COST APPORTIONMENT,nan
D3_HOS_C2_96,Durable Medical Equipment Rented,ROLLUP,D30A180,D-3: Apportionment - Hospital,09600,00200,Medicare Charges,INPATIENT ANCILLARY SERVICE COST APPORTIONMENT,nan
D3_HOS_C2_97,Durable Medical Equipment Sold,ROLLUP,D30A180,D-3: Apportionment - Hospital,09700,00200,Medicare Charges,INPATIENT ANCILLARY SERVICE COST APPORTIONMENT,nan
D3_HOS_C2_98,Other Reimbursable,ROLLUP,D30A180,D-3: Apportionment - Hospital,09800,00200,Medicare Charges,INPATIENT ANCILLARY SERVICE COST APPORTIONMENT,nan
D3_HOS_C3_31,Intensive Care Unit,ROLLUP,D30A180,D-3: Apportionment - Hospital,03100,00300,Cost / Charge Ratio,INPATIENT ANCILLARY SERVICE COST APPORTIONMENT,nan
D3_HOS_C3_32,Coronary Care Unit,ROLLUP,D30A180,D-3: Apportionment - Hospital,03200,00300,Cost / Charge Ratio,INPATIENT ANCILLARY SERVICE COST APPORTIONMENT,nan
D3_HOS_C3_33,Burn Intensive Care Unit,ROLLUP,D30A180,D-3: Apportionment - Hospital,03300,00300,Cost / Charge Ratio,INPATIENT ANCILLARY SERVICE COST APPORTIONMENT,nan
D3_HOS_C3_34,Surgical Intensive Care Unit,ROLLUP,D30A180,D-3: Apportionment - Hospital,03400,00300,Cost / Charge Ratio,INPATIENT ANCILLARY SERVICE COST APPORTIONMENT,nan
D3_HOS_C3_35,Other Special Care Unit,ROLLUP,D30A180,D-3: Apportionment - Hospital,03500,00300,Cost / Charge Ratio,INPATIENT ANCILLARY SERVICE COST APPORTIONMENT,nan
D3_HOS_C3_6250,Blood Clotting Factors for Hemoph.,ROLLUP,D30A180,D-3: Apportionment - Hospital,06250,00300,Cost / Charge Ratio,INPATIENT ANCILLARY SERVICE COST APPORTIONMENT,nan
D3_HOS_C3_88,RHC,ROLLUP,D30A180,D-3: Apportionment - Hospital,08800,00300,Cost / Charge Ratio,INPATIENT ANCILLARY SERVICE COST APPORTIONMENT,nan
D3_HOS_C3_89,FQHC,ROLLUP,D30A180,D-3: Apportionment - Hospital,08900,00300,Cost / Charge Ratio,INPATIENT ANCILLARY SERVICE COST APPORTIONMENT,nan
D3_HOS_C3_96,Durable Medical Equipment Rented,ROLLUP,D30A180,D-3: Apportionment - Hospital,09600,00300,Cost / Charge Ratio,INPATIENT ANCILLARY SERVICE COST APPORTIONMENT,nan
D3_HOS_C3_97,Durable Medical Equipment Sold,ROLLUP,D30A180,D-3: Apportionment - Hospital,09700,00300,Cost / Charge Ratio,INPATIENT ANCILLARY SERVICE COST APPORTIONMENT,nan
D3_HOS_C3_98,Other Reimbursable,ROLLUP,D30A180,D-3: Apportionment - Hospital,09800,00300,Cost / Charge Ratio,INPATIENT ANCILLARY SERVICE COST APPORTIONMENT,nan
D3_IPF_C2_31,Intensive Care Unit,ROLLUP,D30B180,D-3: Apportionment - IPF,03100,00200,Medicare Charges,INPATIENT ANCILLARY SERVICE COST APPORTIONMENT,nan
D3_IPF_C2_32,Coronary Care Unit,ROLLUP,D30B180,D-3: Apportionment - IPF,03200,00200,Medicare Charges,INPATIENT ANCILLARY SERVICE COST APPORTIONMENT,nan
D3_IPF_C2_33,Burn Intensive Care Unit,ROLLUP,D30B180,D-3: Apportionment - IPF,03300,00200,Medicare Charges,INPATIENT ANCILLARY SERVICE COST APPORTIONMENT,nan
D3_IPF_C2_34,Surgical Intensive Care Unit,ROLLUP,D30B180,D-3: Apportionment - IPF,03400,00200,Medicare Charges,INPATIENT ANCILLARY SERVICE COST APPORTIONMENT,nan
D3_IPF_C2_35,Other Special Care Unit,ROLLUP,D30B180,D-3: Apportionment - IPF,03500,00200,Medicare Charges,INPATIENT ANCILLARY SERVICE COST APPORTIONMENT,nan
D3_IPF_C2_55,Radiology-Therapeutic,ROLLUP,D30B180,D-3: Apportionment - IPF,05500,00200,Medicare Charges,INPATIENT ANCILLARY SERVICE COST APPORTIONMENT,nan
D3_IPF_C2_56,Radioisotope,ROLLUP,D30B180,D-3: Apportionment - IPF,05600,00200,Medicare Charges,INPATIENT ANCILLARY SERVICE COST APPORTIONMENT,nan
D3_IPF_C2_62,Whole Blood & Packed Red Blood Cells,ROLLUP,D30B180,D-3: Apportionment - IPF,06200,00200,Medicare Charges,INPATIENT ANCILLARY SERVICE COST APPORTIONMENT,nan
D3_IPF_C2_6250,Blood Clotting Factors for Hemoph.,ROLLUP,D30B180,D-3: Apportionment - IPF,06250,00200,Medicare Charges,INPATIENT ANCILLARY SERVICE COST APPORTIONMENT,nan
D3_IPF_C2_68,Speech Pathology,ROLLUP,D30B180,D-3: Apportionment - IPF,06800,00200,Medicare Charges,INPATIENT ANCILLARY SERVICE COST APPORTIONMENT,nan
D3_IPF_C2_70,Electroencephalography,ROLLUP,D30B180,D-3: Apportionment - IPF,07000,00200,Medicare Charges,INPATIENT ANCILLARY SERVICE COST APPORTIONMENT,nan
D3_IPF_C2_72,Impl. Dev. Charged to Patients,ROLLUP,D30B180,D-3: Apportionment - IPF,07200,00200,Medicare Charges,INPATIENT ANCILLARY SERVICE COST APPORTIONMENT,nan
D3_IPF_C2_76,Other Ancillary,ROLLUP,D30B180,D-3: Apportionment - IPF,07600,00200,Medicare Charges,INPATIENT ANCILLARY SERVICE COST APPORTIONMENT,nan
D3_IPF_C2_88,RHC,ROLLUP,D30B180,D-3: Apportionment - IPF,08800,00200,Medicare Charges,INPATIENT ANCILLARY SERVICE COST APPORTIONMENT,nan
D3_IPF_C2_89,FQHC,ROLLUP,D30B180,D-3: Apportionment - IPF,08900,00200,Medicare Charges,INPATIENT ANCILLARY SERVICE COST APPORTIONMENT,nan
D3_IPF_C2_9201,Observation Beds (Distinct Unit),ROLLUP,D30B180,D-3: Apportionment - IPF,09201,00200,Medicare Charges,INPATIENT ANCILLARY SERVICE COST APPORTIONMENT,nan
D3_IPF_C2_96,Durable Medical Equipment Rented,ROLLUP,D30B180,D-3: Apportionment - IPF,09600,00200,Medicare Charges,INPATIENT ANCILLARY SERVICE COST APPORTIONMENT,nan
D3_IPF_C2_97,Durable Medical Equipment Sold,ROLLUP,D30B180,D-3: Apportionment - IPF,09700,00200,Medicare Charges,INPATIENT ANCILLARY SERVICE COST APPORTIONMENT,nan
D3_IPF_C2_98,Other Reimbursable,ROLLUP,D30B180,D-3: Apportionment - IPF,09800,00200,Medicare Charges,INPATIENT ANCILLARY SERVICE COST APPORTIONMENT,nan
D3_IPF_C3_31,Intensive Care Unit,ROLLUP,D30B180,D-3: Apportionment - IPF,03100,00300,Cost / Charge Ratio,INPATIENT ANCILLARY SERVICE COST APPORTIONMENT,nan
D3_IPF_C3_32,Coronary Care Unit,ROLLUP,D30B180,D-3: Apportionment - IPF,03200,00300,Cost / Charge Ratio,INPATIENT ANCILLARY SERVICE COST APPORTIONMENT,nan
D3_IPF_C3_33,Burn Intensive Care Unit,ROLLUP,D30B180,D-3: Apportionment - IPF,03300,00300,Cost / Charge Ratio,INPATIENT ANCILLARY SERVICE COST APPORTIONMENT,nan
D3_IPF_C3_34,Surgical Intensive Care Unit,ROLLUP,D30B180,D-3: Apportionment - IPF,03400,00300,Cost / Charge Ratio,INPATIENT ANCILLARY SERVICE COST APPORTIONMENT,nan
D3_IPF_C3_35,Other Special Care Unit,ROLLUP,D30B180,D-3: Apportionment - IPF,03500,00300,Cost / Charge Ratio,INPATIENT ANCILLARY SERVICE COST APPORTIONMENT,nan
D3_IPF_C3_51,Recovery Room,ROLLUP,D30B180,D-3: Apportionment - IPF,05100,00300,Cost / Charge Ratio,INPATIENT ANCILLARY SERVICE COST APPORTIONMENT,nan
D3_IPF_C3_55,Radiology-Therapeutic,ROLLUP,D30B180,D-3: Apportionment - IPF,05500,00300,Cost / Charge Ratio,INPATIENT ANCILLARY SERVICE COST APPORTIONMENT,nan
D3_IPF_C3_56,Radioisotope,ROLLUP,D30B180,D-3: Apportionment - IPF,05600,00300,Cost / Charge Ratio,INPATIENT ANCILLARY SERVICE COST APPORTIONMENT,nan
D3_IPF_C3_62,Whole Blood & Packed Red Blood Cells,ROLLUP,D30B180,D-3: Apportionment - IPF,06200,00300,Cost / Charge Ratio,INPATIENT ANCILLARY SERVICE COST APPORTIONMENT,nan
D3_IPF_C3_6250,Blood Clotting Factors for Hemoph.,ROLLUP,D30B180,D-3: Apportionment - IPF,06250,00300,Cost / Charge Ratio,INPATIENT ANCILLARY SERVICE COST APPORTIONMENT,nan
D3_IPF_C3_68,Speech Pathology,ROLLUP,D30B180,D-3: Apportionment - IPF,06800,00300,Cost / Charge Ratio,INPATIENT ANCILLARY SERVICE COST APPORTIONMENT,nan
D3_IPF_C3_70,Electroencephalography,ROLLUP,D30B180,D-3: Apportionment - IPF,07000,00300,Cost / Charge Ratio,INPATIENT ANCILLARY SERVICE COST APPORTIONMENT,nan
D3_IPF_C3_72,Impl. Dev. Charged to Patients,ROLLUP,D30B180,D-3: Apportionment - IPF,07200,00300,Cost / Charge Ratio,INPATIENT ANCILLARY SERVICE COST APPORTIONMENT,nan
D3_IPF_C3_76,Other Ancillary,ROLLUP,D30B180,D-3: Apportionment - IPF,07600,00300,Cost / Charge Ratio,INPATIENT ANCILLARY SERVICE COST APPORTIONMENT,nan
D3_IPF_C3_88,RHC,ROLLUP,D30B180,D-3: Apportionment - IPF,08800,00300,Cost / Charge Ratio,INPATIENT ANCILLARY SERVICE COST APPORTIONMENT,nan
D3_IPF_C3_89,FQHC,ROLLUP,D30B180,D-3: Apportionment - IPF,08900,00300,Cost / Charge Ratio,INPATIENT ANCILLARY SERVICE COST APPORTIONMENT,nan
D3_IPF_C3_9201,Observation Beds (Distinct Unit),ROLLUP,D30B180,D-3: Apportionment - IPF,09201,00300,Cost / Charge Ratio,INPATIENT ANCILLARY SERVICE COST APPORTIONMENT,nan
D3_IPF_C3_96,Durable Medical Equipment Rented,ROLLUP,D30B180,D-3: Apportionment - IPF,09600,00300,Cost / Charge Ratio,INPATIENT ANCILLARY SERVICE COST APPORTIONMENT,nan
D3_IPF_C3_97,Durable Medical Equipment Sold,ROLLUP,D30B180,D-3: Apportionment - IPF,09700,00300,Cost / Charge Ratio,INPATIENT ANCILLARY SERVICE COST APPORTIONMENT,nan
D3_IPF_C3_98,Other Reimbursable,ROLLUP,D30B180,D-3: Apportionment - IPF,09800,00300,Cost / Charge Ratio,INPATIENT ANCILLARY SERVICE COST APPORTIONMENT,nan
D3_IRF_C2_31,Intensive Care Unit,ROLLUP,D30C180,D-3: Apportionment - IRF,03100,00200,Medicare Charges,INPATIENT ANCILLARY SERVICE COST APPORTIONMENT,nan
D3_IRF_C2_32,Coronary Care Unit,ROLLUP,D30C180,D-3: Apportionment - IRF,03200,00200,Medicare Charges,INPATIENT ANCILLARY SERVICE COST APPORTIONMENT,nan
D3_IRF_C2_33,Burn Intensive Care Unit,ROLLUP,D30C180,D-3: Apportionment - IRF,03300,00200,Medicare Charges,INPATIENT ANCILLARY SERVICE COST APPORTIONMENT,nan
D3_IRF_C2_34,Surgical Intensive Care Unit,ROLLUP,D30C180,D-3: Apportionment - IRF,03400,00200,Medicare Charges,INPATIENT ANCILLARY SERVICE COST APPORTIONMENT,nan
D3_IRF_C2_35,Other Special Care Unit,ROLLUP,D30C180,D-3: Apportionment - IRF,03500,00200,Medicare Charges,INPATIENT ANCILLARY SERVICE COST APPORTIONMENT,nan
D3_IRF_C2_62,Whole Blood & Packed Red Blood Cells,ROLLUP,D30C180,D-3: Apportionment - IRF,06200,00200,Medicare Charges,INPATIENT ANCILLARY SERVICE COST APPORTIONMENT,nan
D3_IRF_C2_6250,Blood Clotting Factors for Hemoph.,ROLLUP,D30C180,D-3: Apportionment - IRF,06250,00200,Medicare Charges,INPATIENT ANCILLARY SERVICE COST APPORTIONMENT,nan
D3_IRF_C2_76,Other Ancillary,ROLLUP,D30C180,D-3: Apportionment - IRF,07600,00200,Medicare Charges,INPATIENT ANCILLARY SERVICE COST APPORTIONMENT,nan
D3_IRF_C2_88,RHC,ROLLUP,D30C180,D-3: Apportionment - IRF,08800,00200,Medicare Charges,INPATIENT ANCILLARY SERVICE COST APPORTIONMENT,nan
D3_IRF_C2_89,FQHC,ROLLUP,D30C180,D-3: Apportionment - IRF,08900,00200,Medicare Charges,INPATIENT ANCILLARY SERVICE COST APPORTIONMENT,nan
D3_IRF_C2_9201,Observation Beds (Distinct Unit),ROLLUP,D30C180,D-3: Apportionment - IRF,09201,00200,Medicare Charges,INPATIENT ANCILLARY SERVICE COST APPORTIONMENT,nan
D3_IRF_C2_93,Other Outpatient Services,ROLLUP,D30C180,D-3: Apportionment - IRF,09300,00200,Medicare Charges,INPATIENT ANCILLARY SERVICE COST APPORTIONMENT,nan
D3_IRF_C2_96,Durable Medical Equipment Rented,ROLLUP,D30C180,D-3: Apportionment - IRF,09600,00200,Medicare Charges,INPATIENT ANCILLARY SERVICE COST APPORTIONMENT,nan
D3_IRF_C2_97,Durable Medical Equipment Sold,ROLLUP,D30C180,D-3: Apportionment - IRF,09700,00200,Medicare Charges,INPATIENT ANCILLARY SERVICE COST APPORTIONMENT,nan
D3_IRF_C2_98,Other Reimbursable,ROLLUP,D30C180,D-3: Apportionment - IRF,09800,00200,Medicare Charges,INPATIENT ANCILLARY SERVICE COST APPORTIONMENT,nan
D3_IRF_C3_31,Intensive Care Unit,ROLLUP,D30C180,D-3: Apportionment - IRF,03100,00300,Cost / Charge Ratio,INPATIENT ANCILLARY SERVICE COST APPORTIONMENT,nan
D3_IRF_C3_32,Coronary Care Unit,ROLLUP,D30C180,D-3: Apportionment - IRF,03200,00300,Cost / Charge Ratio,INPATIENT ANCILLARY SERVICE COST APPORTIONMENT,nan
D3_IRF_C3_33,Burn Intensive Care Unit,ROLLUP,D30C180,D-3: Apportionment - IRF,03300,00300,Cost / Charge Ratio,INPATIENT ANCILLARY SERVICE COST APPORTIONMENT,nan
D3_IRF_C3_34,Surgical Intensive Care Unit,ROLLUP,D30C180,D-3: Apportionment - IRF,03400,00300,Cost / Charge Ratio,INPATIENT ANCILLARY SERVICE COST APPORTIONMENT,nan
D3_IRF_C3_35,Other Special Care Unit,ROLLUP,D30C180,D-3: Apportionment - IRF,03500,00300,Cost / Charge Ratio,INPATIENT ANCILLARY SERVICE COST APPORTIONMENT,nan
D3_IRF_C3_62,Whole Blood & Packed Red Blood Cells,ROLLUP,D30C180,D-3: Apportionment - IRF,06200,00300,Cost / Charge Ratio,INPATIENT ANCILLARY SERVICE COST APPORTIONMENT,nan
D3_IRF_C3_6250,Blood Clotting Factors for Hemoph.,ROLLUP,D30C180,D-3: Apportionment - IRF,06250,00300,Cost / Charge Ratio,INPATIENT ANCILLARY SERVICE COST APPORTIONMENT,nan
D3_IRF_C3_76,Other Ancillary,ROLLUP,D30C180,D-3: Apportionment - IRF,07600,00300,Cost / Charge Ratio,INPATIENT ANCILLARY SERVICE COST APPORTIONMENT,nan
D3_IRF_C3_88,RHC,ROLLUP,D30C180,D-3: Apportionment - IRF,08800,00300,Cost / Charge Ratio,INPATIENT ANCILLARY SERVICE COST APPORTIONMENT,nan
D3_IRF_C3_89,FQHC,ROLLUP,D30C180,D-3: Apportionment - IRF,08900,00300,Cost / Charge Ratio,INPATIENT ANCILLARY SERVICE COST APPORTIONMENT,nan
D3_IRF_C3_9201,Observation Beds (Distinct Unit),ROLLUP,D30C180,D-3: Apportionment - IRF,09201,00300,Cost / Charge Ratio,INPATIENT ANCILLARY SERVICE COST APPORTIONMENT,nan
D3_IRF_C3_93,Other Outpatient Services,ROLLUP,D30C180,D-3: Apportionment - IRF,09300,00300,Cost / Charge Ratio,INPATIENT ANCILLARY SERVICE COST APPORTIONMENT,nan
D3_IRF_C3_96,Durable Medical Equipment Rented,ROLLUP,D30C180,D-3: Apportionment - IRF,09600,00300,Cost / Charge Ratio,INPATIENT ANCILLARY SERVICE COST APPORTIONMENT,nan
D3_IRF_C3_97,Durable Medical Equipment Sold,ROLLUP,D30C180,D-3: Apportionment - IRF,09700,00300,Cost / Charge Ratio,INPATIENT ANCILLARY SERVICE COST APPORTIONMENT,nan
D3_IRF_C3_98,Other Reimbursable,ROLLUP,D30C180,D-3: Apportionment - IRF,09800,00300,Cost / Charge Ratio,INPATIENT ANCILLARY SERVICE COST APPORTIONMENT,nan
D3_SNF_C2_31,Intensive Care Unit,ROLLUP,D30E180,D-3: Apportionment - SNF,03100,00200,Medicare Charges,INPATIENT ANCILLARY SERVICE COST APPORTIONMENT,nan
D3_SNF_C2_32,Coronary Care Unit,ROLLUP,D30E180,D-3: Apportionment - SNF,03200,00200,Medicare Charges,INPATIENT ANCILLARY SERVICE COST APPORTIONMENT,nan
D3_SNF_C2_33,Burn Intensive Care Unit,ROLLUP,D30E180,D-3: Apportionment - SNF,03300,00200,Medicare Charges,INPATIENT ANCILLARY SERVICE COST APPORTIONMENT,nan
D3_SNF_C2_34,Surgical Intensive Care Unit,ROLLUP,D30E180,D-3: Apportionment - SNF,03400,00200,Medicare Charges,INPATIENT ANCILLARY SERVICE COST APPORTIONMENT,nan
D3_SNF_C2_35,Other Special Care Unit,ROLLUP,D30E180,D-3: Apportionment - SNF,03500,00200,Medicare Charges,INPATIENT ANCILLARY SERVICE COST APPORTIONMENT,nan
D3_SNF_C2_50,Operating Room,ROLLUP,D30E180,D-3: Apportionment - SNF,05000,00200,Medicare Charges,INPATIENT ANCILLARY SERVICE COST APPORTIONMENT,nan
D3_SNF_C2_51,Recovery Room,ROLLUP,D30E180,D-3: Apportionment - SNF,05100,00200,Medicare Charges,INPATIENT ANCILLARY SERVICE COST APPORTIONMENT,nan
D3_SNF_C2_52,Delivery Room and Labor Room,ROLLUP,D30E180,D-3: Apportionment - SNF,05200,00200,Medicare Charges,INPATIENT ANCILLARY SERVICE COST APPORTIONMENT,nan
D3_SNF_C2_53,Anesthesiology,ROLLUP,D30E180,D-3: Apportionment - SNF,05300,00200,Medicare Charges,INPATIENT ANCILLARY SERVICE COST APPORTIONMENT,nan
D3_SNF_C2_55,Radiology-Therapeutic,ROLLUP,D30E180,D-3: Apportionment - SNF,05500,00200,Medicare Charges,INPATIENT ANCILLARY SERVICE COST APPORTIONMENT,nan
D3_SNF_C2_56,Radioisotope,ROLLUP,D30E180,D-3: Apportionment - SNF,05600,00200,Medicare Charges,INPATIENT ANCILLARY SERVICE COST APPORTIONMENT,nan
D3_SNF_C2_57,CT Scan,ROLLUP,D30E180,D-3: Apportionment - SNF,05700,00200,Medicare Charges,INPATIENT ANCILLARY SERVICE COST APPORTIONMENT,nan
D3_SNF_C2_58,MRI,ROLLUP,D30E180,D-3: Apportionment - SNF,05800,00200,Medicare Charges,INPATIENT ANCILLARY SERVICE COST APPORTIONMENT,nan
D3_SNF_C2_59,Cardiac Catheterization,ROLLUP,D30E180,D-3: Apportionment - SNF,05900,00200,Medicare Charges,INPATIENT ANCILLARY SERVICE COST APPORTIONMENT,nan
D3_SNF_C2_62,Whole Blood & Packed Red Blood Cells,ROLLUP,D30E180,D-3: Apportionment - SNF,06200,00200,Medicare Charges,INPATIENT ANCILLARY SERVICE COST APPORTIONMENT,nan
D3_SNF_C2_6250,Blood Clotting Factors for Hemoph.,ROLLUP,D30E180,D-3: Apportionment - SNF,06250,00200,Medicare Charges,INPATIENT ANCILLARY SERVICE COST APPORTIONMENT,nan
D3_SNF_C2_63,"Blood Storing, Processing, Trans",ROLLUP,D30E180,D-3: Apportionment - SNF,06300,00200,Medicare Charges,INPATIENT ANCILLARY SERVICE COST APPORTIONMENT,nan
D3_SNF_C2_64,Intravenous Therapy,ROLLUP,D30E180,D-3: Apportionment - SNF,06400,00200,Medicare Charges,INPATIENT ANCILLARY SERVICE COST APPORTIONMENT,nan
D3_SNF_C2_69,Electrocardiology,ROLLUP,D30E180,D-3: Apportionment - SNF,06900,00200,Medicare Charges,INPATIENT ANCILLARY SERVICE COST APPORTIONMENT,nan
D3_SNF_C2_70,Electroencephalography,ROLLUP,D30E180,D-3: Apportionment - SNF,07000,00200,Medicare Charges,INPATIENT ANCILLARY SERVICE COST APPORTIONMENT,nan
D3_SNF_C2_72,Impl. Dev. Charged to Patients,ROLLUP,D30E180,D-3: Apportionment - SNF,07200,00200,Medicare Charges,INPATIENT ANCILLARY SERVICE COST APPORTIONMENT,nan
D3_SNF_C2_75,ASC (Non Distinct Part),ROLLUP,D30E180,D-3: Apportionment - SNF,07500,00200,Medicare Charges,INPATIENT ANCILLARY SERVICE COST APPORTIONMENT,nan
D3_SNF_C2_76,Other Ancillary,ROLLUP,D30E180,D-3: Apportionment - SNF,07600,00200,Medicare Charges,INPATIENT ANCILLARY SERVICE COST APPORTIONMENT,nan
D3_SNF_C2_88,RHC,ROLLUP,D30E180,D-3: Apportionment - SNF,08800,00200,Medicare Charges,INPATIENT ANCILLARY SERVICE COST APPORTIONMENT,nan
D3_SNF_C2_89,FQHC,ROLLUP,D30E180,D-3: Apportionment - SNF,08900,00200,Medicare Charges,INPATIENT ANCILLARY SERVICE COST APPORTIONMENT,nan
D3_SNF_C2_90,Clinic,ROLLUP,D30E180,D-3: Apportionment - SNF,09000,00200,Medicare Charges,INPATIENT ANCILLARY SERVICE COST APPORTIONMENT,nan
D3_SNF_C2_91,Emergency,ROLLUP,D30E180,D-3: Apportionment - SNF,09100,00200,Medicare Charges,INPATIENT ANCILLARY SERVICE COST APPORTIONMENT,nan
D3_SNF_C2_9201,Observation Beds (Distinct Unit),ROLLUP,D30E180,D-3: Apportionment - SNF,09201,00200,Medicare Charges,INPATIENT ANCILLARY SERVICE COST APPORTIONMENT,nan
D3_SNF_C2_93,Other Outpatient Services,ROLLUP,D30E180,D-3: Apportionment - SNF,09300,00200,Medicare Charges,INPATIENT ANCILLARY SERVICE COST APPORTIONMENT,nan
D3_SNF_C2_96,Durable Medical Equipment Rented,ROLLUP,D30E180,D-3: Apportionment - SNF,09600,00200,Medicare Charges,INPATIENT ANCILLARY SERVICE COST APPORTIONMENT,nan
D3_SNF_C2_97,Durable Medical Equipment Sold,ROLLUP,D30E180,D-3: Apportionment - SNF,09700,00200,Medicare Charges,INPATIENT ANCILLARY SERVICE COST APPORTIONMENT,nan
D3_SNF_C2_98,Other Reimbursable,ROLLUP,D30E180,D-3: Apportionment - SNF,09800,00200,Medicare Charges,INPATIENT ANCILLARY SERVICE COST APPORTIONMENT,nan
D3_SNF_C3_31,Intensive Care Unit,ROLLUP,D30E180,D-3: Apportionment - SNF,03100,00300,Cost / Charge Ratio,INPATIENT ANCILLARY SERVICE COST APPORTIONMENT,nan
D3_SNF_C3_32,Coronary Care Unit,ROLLUP,D30E180,D-3: Apportionment - SNF,03200,00300,Cost / Charge Ratio,INPATIENT ANCILLARY SERVICE COST APPORTIONMENT,nan
D3_SNF_C3_33,Burn Intensive Care Unit,ROLLUP,D30E180,D-3: Apportionment - SNF,03300,00300,Cost / Charge Ratio,INPATIENT ANCILLARY SERVICE COST APPORTIONMENT,nan
D3_SNF_C3_34,Surgical Intensive Care Unit,ROLLUP,D30E180,D-3: Apportionment - SNF,03400,00300,Cost / Charge Ratio,INPATIENT ANCILLARY SERVICE COST APPORTIONMENT,nan
D3_SNF_C3_35,Other Special Care Unit,ROLLUP,D30E180,D-3: Apportionment - SNF,03500,00300,Cost / Charge Ratio,INPATIENT ANCILLARY SERVICE COST APPORTIONMENT,nan
D3_SNF_C3_50,Operating Room,ROLLUP,D30E180,D-3: Apportionment - SNF,05000,00300,Cost / Charge Ratio,INPATIENT ANCILLARY SERVICE COST APPORTIONMENT,nan
D3_SNF_C3_51,Recovery Room,ROLLUP,D30E180,D-3: Apportionment - SNF,05100,00300,Cost / Charge Ratio,INPATIENT ANCILLARY SERVICE COST APPORTIONMENT,nan
D3_SNF_C3_52,Delivery Room and Labor Room,ROLLUP,D30E180,D-3: Apportionment - SNF,05200,00300,Cost / Charge Ratio,INPATIENT ANCILLARY SERVICE COST APPORTIONMENT,nan
D3_SNF_C3_53,Anesthesiology,ROLLUP,D30E180,D-3: Apportionment - SNF,05300,00300,Cost / Charge Ratio,INPATIENT ANCILLARY SERVICE COST APPORTIONMENT,nan
D3_SNF_C3_55,Radiology-Therapeutic,ROLLUP,D30E180,D-3: Apportionment - SNF,05500,00300,Cost / Charge Ratio,INPATIENT ANCILLARY SERVICE COST APPORTIONMENT,nan
D3_SNF_C3_56,Radioisotope,ROLLUP,D30E180,D-3: Apportionment - SNF,05600,00300,Cost / Charge Ratio,INPATIENT ANCILLARY SERVICE COST APPORTIONMENT,nan
D3_SNF_C3_57,CT Scan,ROLLUP,D30E180,D-3: Apportionment - SNF,05700,00300,Cost / Charge Ratio,INPATIENT ANCILLARY SERVICE COST APPORTIONMENT,nan
D3_SNF_C3_58,MRI,ROLLUP,D30E180,D-3: Apportionment - SNF,05800,00300,Cost / Charge Ratio,INPATIENT ANCILLARY SERVICE COST APPORTIONMENT,nan
D3_SNF_C3_59,Cardiac Catheterization,ROLLUP,D30E180,D-3: Apportionment - SNF,05900,00300,Cost / Charge Ratio,INPATIENT ANCILLARY SERVICE COST APPORTIONMENT,nan
D3_SNF_C3_62,Whole Blood & Packed Red Blood Cells,ROLLUP,D30E180,D-3: Apportionment - SNF,06200,00300,Cost / Charge Ratio,INPATIENT ANCILLARY SERVICE COST APPORTIONMENT,nan
D3_SNF_C3_6250,Blood Clotting Factors for Hemoph.,ROLLUP,D30E180,D-3: Apportionment - SNF,06250,00300,Cost / Charge Ratio,INPATIENT ANCILLARY SERVICE COST APPORTIONMENT,nan
D3_SNF_C3_63,"Blood Storing, Processing, Trans",ROLLUP,D30E180,D-3: Apportionment - SNF,06300,00300,Cost / Charge Ratio,INPATIENT ANCILLARY SERVICE COST APPORTIONMENT,nan
D3_SNF_C3_64,Intravenous Therapy,ROLLUP,D30E180,D-3: Apportionment - SNF,06400,00300,Cost / Charge Ratio,INPATIENT ANCILLARY SERVICE COST APPORTIONMENT,nan
D3_SNF_C3_69,Electrocardiology,ROLLUP,D30E180,D-3: Apportionment - SNF,06900,00300,Cost / Charge Ratio,INPATIENT ANCILLARY SERVICE COST APPORTIONMENT,nan
D3_SNF_C3_70,Electroencephalography,ROLLUP,D30E180,D-3: Apportionment - SNF,07000,00300,Cost / Charge Ratio,INPATIENT ANCILLARY SERVICE COST APPORTIONMENT,nan
D3_SNF_C3_72,Impl. Dev. Charged to Patients,ROLLUP,D30E180,D-3: Apportionment - SNF,07200,00300,Cost / Charge Ratio,INPATIENT ANCILLARY SERVICE COST APPORTIONMENT,nan
D3_SNF_C3_75,ASC (Non Distinct Part),ROLLUP,D30E180,D-3: Apportionment - SNF,07500,00300,Cost / Charge Ratio,INPATIENT ANCILLARY SERVICE COST APPORTIONMENT,nan
D3_SNF_C3_76,Other Ancillary,ROLLUP,D30E180,D-3: Apportionment - SNF,07600,00300,Cost / Charge Ratio,INPATIENT ANCILLARY SERVICE COST APPORTIONMENT,nan
D3_SNF_C3_88,RHC,ROLLUP,D30E180,D-3: Apportionment - SNF,08800,00300,Cost / Charge Ratio,INPATIENT ANCILLARY SERVICE COST APPORTIONMENT,nan
D3_SNF_C3_89,FQHC,ROLLUP,D30E180,D-3: Apportionment - SNF,08900,00300,Cost / Charge Ratio,INPATIENT ANCILLARY SERVICE COST APPORTIONMENT,nan
D3_SNF_C3_90,Clinic,ROLLUP,D30E180,D-3: Apportionment - SNF,09000,00300,Cost / Charge Ratio,INPATIENT ANCILLARY SERVICE COST APPORTIONMENT,nan
D3_SNF_C3_91,Emergency,ROLLUP,D30E180,D-3: Apportionment - SNF,09100,00300,Cost / Charge Ratio,INPATIENT ANCILLARY SERVICE COST APPORTIONMENT,nan
D3_SNF_C3_9201,Observation Beds (Distinct Unit),ROLLUP,D30E180,D-3: Apportionment - SNF,09201,00300,Cost / Charge Ratio,INPATIENT ANCILLARY SERVICE COST APPORTIONMENT,nan
D3_SNF_C3_93,Other Outpatient Services,ROLLUP,D30E180,D-3: Apportionment - SNF,09300,00300,Cost / Charge Ratio,INPATIENT ANCILLARY SERVICE COST APPORTIONMENT,nan
D3_SNF_C3_96,Durable Medical Equipment Rented,ROLLUP,D30E180,D-3: Apportionment - SNF,09600,00300,Cost / Charge Ratio,INPATIENT ANCILLARY SERVICE COST APPORTIONMENT,nan
D3_SNF_C3_97,Durable Medical Equipment Sold,ROLLUP,D30E180,D-3: Apportionment - SNF,09700,00300,Cost / Charge Ratio,INPATIENT ANCILLARY SERVICE COST APPORTIONMENT,nan
D3_SNF_C3_98,Other Reimbursable,ROLLUP,D30E180,D-3: Apportionment - SNF,09800,00300,Cost / Charge Ratio,INPATIENT ANCILLARY SERVICE COST APPORTIONMENT,nan
D3_SUB1_C3_31,Intensive Care Unit,ROLLUP,D31D180,D-3: Apportionment - Subprovider 1,03100,00300,Cost / Charge Ratio,INPATIENT ANCILLARY SERVICE COST APPORTIONMENT,nan
D3_SUB1_C3_32,Coronary Care Unit,ROLLUP,D31D180,D-3: Apportionment - Subprovider 1,03200,00300,Cost / Charge Ratio,INPATIENT ANCILLARY SERVICE COST APPORTIONMENT,nan
D3_SUB1_C3_33,Burn Intensive Care Unit,ROLLUP,D31D180,D-3: Apportionment - Subprovider 1,03300,00300,Cost / Charge Ratio,INPATIENT ANCILLARY SERVICE COST APPORTIONMENT,nan
D3_SUB1_C3_34,Surgical Intensive Care Unit,ROLLUP,D31D180,D-3: Apportionment - Subprovider 1,03400,00300,Cost / Charge Ratio,INPATIENT ANCILLARY SERVICE COST APPORTIONMENT,nan
D3_SUB1_C3_35,Other Special Care Unit,ROLLUP,D31D180,D-3: Apportionment - Subprovider 1,03500,00300,Cost / Charge Ratio,INPATIENT ANCILLARY SERVICE COST APPORTIONMENT,nan
D3_SUB1_C3_50,Operating Room,ROLLUP,D31D180,D-3: Apportionment - Subprovider 1,05000,00300,Cost / Charge Ratio,INPATIENT ANCILLARY SERVICE COST APPORTIONMENT,nan
D3_SUB1_C3_51,Recovery Room,ROLLUP,D31D180,D-3: Apportionment - Subprovider 1,05100,00300,Cost / Charge Ratio,INPATIENT ANCILLARY SERVICE COST APPORTIONMENT,nan
D3_SUB1_C3_52,Delivery Room and Labor Room,ROLLUP,D31D180,D-3: Apportionment - Subprovider 1,05200,00300,Cost / Charge Ratio,INPATIENT ANCILLARY SERVICE COST APPORTIONMENT,nan
D3_SUB1_C3_53,Anesthesiology,ROLLUP,D31D180,D-3: Apportionment - Subprovider 1,05300,00300,Cost / Charge Ratio,INPATIENT ANCILLARY SERVICE COST APPORTIONMENT,nan
D3_SUB1_C3_54,Radiology-Diagnostic,ROLLUP,D31D180,D-3: Apportionment - Subprovider 1,05400,00300,Cost / Charge Ratio,INPATIENT ANCILLARY SERVICE COST APPORTIONMENT,nan
D3_SUB1_C3_55,Radiology-Therapeutic,ROLLUP,D31D180,D-3: Apportionment - Subprovider 1,05500,00300,Cost / Charge Ratio,INPATIENT ANCILLARY SERVICE COST APPORTIONMENT,nan
D3_SUB1_C3_56,Radioisotope,ROLLUP,D31D180,D-3: Apportionment - Subprovider 1,05600,00300,Cost / Charge Ratio,INPATIENT ANCILLARY SERVICE COST APPORTIONMENT,nan
D3_SUB1_C3_57,CT Scan,ROLLUP,D31D180,D-3: Apportionment - Subprovider 1,05700,00300,Cost / Charge Ratio,INPATIENT ANCILLARY SERVICE COST APPORTIONMENT,nan
D3_SUB1_C3_58,MRI,ROLLUP,D31D180,D-3: Apportionment - Subprovider 1,05800,00300,Cost / Charge Ratio,INPATIENT ANCILLARY SERVICE COST APPORTIONMENT,nan
D3_SUB1_C3_59,Cardiac Catheterization,ROLLUP,D31D180,D-3: Apportionment - Subprovider 1,05900,00300,Cost / Charge Ratio,INPATIENT ANCILLARY SERVICE COST APPORTIONMENT,nan
D3_SUB1_C3_60,Laboratory,ROLLUP,D31D180,D-3: Apportionment - Subprovider 1,06000,00300,Cost / Charge Ratio,INPATIENT ANCILLARY SERVICE COST APPORTIONMENT,nan
D3_SUB1_C3_62,Whole Blood & Packed Red Blood Cells,ROLLUP,D31D180,D-3: Apportionment - Subprovider 1,06200,00300,Cost / Charge Ratio,INPATIENT ANCILLARY SERVICE COST APPORTIONMENT,nan
D3_SUB1_C3_6250,Blood Clotting Factors for Hemoph.,ROLLUP,D31D180,D-3: Apportionment - Subprovider 1,06250,00300,Cost / Charge Ratio,INPATIENT ANCILLARY SERVICE COST APPORTIONMENT,nan
D3_SUB1_C3_63,"Blood Storing, Processing, Trans",ROLLUP,D31D180,D-3: Apportionment - Subprovider 1,06300,00300,Cost / Charge Ratio,INPATIENT ANCILLARY SERVICE COST APPORTIONMENT,nan
D3_SUB1_C3_64,Intravenous Therapy,ROLLUP,D31D180,D-3: Apportionment - Subprovider 1,06400,00300,Cost / Charge Ratio,INPATIENT ANCILLARY SERVICE COST APPORTIONMENT,nan
D3_SUB1_C3_65,Respiratory Therapy,ROLLUP,D31D180,D-3: Apportionment - Subprovider 1,06500,00300,Cost / Charge Ratio,INPATIENT ANCILLARY SERVICE COST APPORTIONMENT,nan
D3_SUB1_C3_66,Physical Therapy,ROLLUP,D31D180,D-3: Apportionment - Subprovider 1,06600,00300,Cost / Charge Ratio,INPATIENT ANCILLARY SERVICE COST APPORTIONMENT,nan
D3_SUB1_C3_67,Occupational Therapy,ROLLUP,D31D180,D-3: Apportionment - Subprovider 1,06700,00300,Cost / Charge Ratio,INPATIENT ANCILLARY SERVICE COST APPORTIONMENT,nan
D3_SUB1_C3_68,Speech Pathology,ROLLUP,D31D180,D-3: Apportionment - Subprovider 1,06800,00300,Cost / Charge Ratio,INPATIENT ANCILLARY SERVICE COST APPORTIONMENT,nan
D3_SUB1_C3_69,Electrocardiology,ROLLUP,D31D180,D-3: Apportionment - Subprovider 1,06900,00300,Cost / Charge Ratio,INPATIENT ANCILLARY SERVICE COST APPORTIONMENT,nan
D3_SUB1_C3_70,Electroencephalography,ROLLUP,D31D180,D-3: Apportionment - Subprovider 1,07000,00300,Cost / Charge Ratio,INPATIENT ANCILLARY SERVICE COST APPORTIONMENT,nan
D3_SUB1_C3_71,Medical Supplies Charged to Patients,ROLLUP,D31D180,D-3: Apportionment - Subprovider 1,07100,00300,Cost / Charge Ratio,INPATIENT ANCILLARY SERVICE COST APPORTIONMENT,nan
D3_SUB1_C3_72,Impl. Dev. Charged to Patients,ROLLUP,D31D180,D-3: Apportionment - Subprovider 1,07200,00300,Cost / Charge Ratio,INPATIENT ANCILLARY SERVICE COST APPORTIONMENT,nan
D3_SUB1_C3_73,Drugs Charged to Patients,ROLLUP,D31D180,D-3: Apportionment - Subprovider 1,07300,00300,Cost / Charge Ratio,INPATIENT ANCILLARY SERVICE COST APPORTIONMENT,nan
D3_SUB1_C3_75,ASC (Non Distinct Part),ROLLUP,D31D180,D-3: Apportionment - Subprovider 1,07500,00300,Cost / Charge Ratio,INPATIENT ANCILLARY SERVICE COST APPORTIONMENT,nan
D3_SUB1_C3_76,Other Ancillary,ROLLUP,D31D180,D-3: Apportionment - Subprovider 1,07600,00300,Cost / Charge Ratio,INPATIENT ANCILLARY SERVICE COST APPORTIONMENT,nan
D3_SUB1_C3_88,RHC,ROLLUP,D31D180,D-3: Apportionment - Subprovider 1,08800,00300,Cost / Charge Ratio,INPATIENT ANCILLARY SERVICE COST APPORTIONMENT,nan
D3_SUB1_C3_89,FQHC,ROLLUP,D31D180,D-3: Apportionment - Subprovider 1,08900,00300,Cost / Charge Ratio,INPATIENT ANCILLARY SERVICE COST APPORTIONMENT,nan
D3_SUB1_C3_90,Clinic,ROLLUP,D31D180,D-3: Apportionment - Subprovider 1,09000,00300,Cost / Charge Ratio,INPATIENT ANCILLARY SERVICE COST APPORTIONMENT,nan
D3_SUB1_C3_91,Emergency,ROLLUP,D31D180,D-3: Apportionment - Subprovider 1,09100,00300,Cost / Charge Ratio,INPATIENT ANCILLARY SERVICE COST APPORTIONMENT,nan
D3_SUB1_C3_9201,Observation Beds (Distinct Unit),ROLLUP,D31D180,D-3: Apportionment - Subprovider 1,09201,00300,Cost / Charge Ratio,INPATIENT ANCILLARY SERVICE COST APPORTIONMENT,nan
D3_SUB1_C3_93,Other Outpatient Services,ROLLUP,D31D180,D-3: Apportionment - Subprovider 1,09300,00300,Cost / Charge Ratio,INPATIENT ANCILLARY SERVICE COST APPORTIONMENT,nan
D3_SUB1_C3_96,Durable Medical Equipment Rented,ROLLUP,D31D180,D-3: Apportionment - Subprovider 1,09600,00300,Cost / Charge Ratio,INPATIENT ANCILLARY SERVICE COST APPORTIONMENT,nan
D3_SUB1_C3_97,Durable Medical Equipment Sold,ROLLUP,D31D180,D-3: Apportionment - Subprovider 1,09700,00300,Cost / Charge Ratio,INPATIENT ANCILLARY SERVICE COST APPORTIONMENT,nan
D3_SUB1_C3_98,Other Reimbursable,ROLLUP,D31D180,D-3: Apportionment - Subprovider 1,09800,00300,Cost / Charge Ratio,INPATIENT ANCILLARY SERVICE COST APPORTIONMENT,nan
D3_SUB2_C3_31,Intensive Care Unit,ROLLUP,D32D180,D-3: Apportionment - Subprovider 2,03100,00300,Cost / Charge Ratio,INPATIENT ANCILLARY SERVICE COST APPORTIONMENT,nan
D3_SUB2_C3_32,Coronary Care Unit,ROLLUP,D32D180,D-3: Apportionment - Subprovider 2,03200,00300,Cost / Charge Ratio,INPATIENT ANCILLARY SERVICE COST APPORTIONMENT,nan
D3_SUB2_C3_33,Burn Intensive Care Unit,ROLLUP,D32D180,D-3: Apportionment - Subprovider 2,03300,00300,Cost / Charge Ratio,INPATIENT ANCILLARY SERVICE COST APPORTIONMENT,nan
D3_SUB2_C3_34,Surgical Intensive Care Unit,ROLLUP,D32D180,D-3: Apportionment - Subprovider 2,03400,00300,Cost / Charge Ratio,INPATIENT ANCILLARY SERVICE COST APPORTIONMENT,nan
D3_SUB2_C3_35,Other Special Care Unit,ROLLUP,D32D180,D-3: Apportionment - Subprovider 2,03500,00300,Cost / Charge Ratio,INPATIENT ANCILLARY SERVICE COST APPORTIONMENT,nan
D3_SUB2_C3_50,Operating Room,ROLLUP,D32D180,D-3: Apportionment - Subprovider 2,05000,00300,Cost / Charge Ratio,INPATIENT ANCILLARY SERVICE COST APPORTIONMENT,nan
D3_SUB2_C3_51,Recovery Room,ROLLUP,D32D180,D-3: Apportionment - Subprovider 2,05100,00300,Cost / Charge Ratio,INPATIENT ANCILLARY SERVICE COST APPORTIONMENT,nan
D3_SUB2_C3_52,Delivery Room and Labor Room,ROLLUP,D32D180,D-3: Apportionment - Subprovider 2,05200,00300,Cost / Charge Ratio,INPATIENT ANCILLARY SERVICE COST APPORTIONMENT,nan
D3_SUB2_C3_53,Anesthesiology,ROLLUP,D32D180,D-3: Apportionment - Subprovider 2,05300,00300,Cost / Charge Ratio,INPATIENT ANCILLARY SERVICE COST APPORTIONMENT,nan
D3_SUB2_C3_54,Radiology-Diagnostic,ROLLUP,D32D180,D-3: Apportionment - Subprovider 2,05400,00300,Cost / Charge Ratio,INPATIENT ANCILLARY SERVICE COST APPORTIONMENT,nan
D3_SUB2_C3_55,Radiology-Therapeutic,ROLLUP,D32D180,D-3: Apportionment - Subprovider 2,05500,00300,Cost / Charge Ratio,INPATIENT ANCILLARY SERVICE COST APPORTIONMENT,nan
D3_SUB2_C3_56,Radioisotope,ROLLUP,D32D180,D-3: Apportionment - Subprovider 2,05600,00300,Cost / Charge Ratio,INPATIENT ANCILLARY SERVICE COST APPORTIONMENT,nan
D3_SUB2_C3_57,CT Scan,ROLLUP,D32D180,D-3: Apportionment - Subprovider 2,05700,00300,Cost / Charge Ratio,INPATIENT ANCILLARY SERVICE COST APPORTIONMENT,nan
D3_SUB2_C3_58,MRI,ROLLUP,D32D180,D-3: Apportionment - Subprovider 2,05800,00300,Cost / Charge Ratio,INPATIENT ANCILLARY SERVICE COST APPORTIONMENT,nan
D3_SUB2_C3_59,Cardiac Catheterization,ROLLUP,D32D180,D-3: Apportionment - Subprovider 2,05900,00300,Cost / Charge Ratio,INPATIENT ANCILLARY SERVICE COST APPORTIONMENT,nan
D3_SUB2_C3_60,Laboratory,ROLLUP,D32D180,D-3: Apportionment - Subprovider 2,06000,00300,Cost / Charge Ratio,INPATIENT ANCILLARY SERVICE COST APPORTIONMENT,nan
D3_SUB2_C3_62,Whole Blood & Packed Red Blood Cells,ROLLUP,D32D180,D-3: Apportionment - Subprovider 2,06200,00300,Cost / Charge Ratio,INPATIENT ANCILLARY SERVICE COST APPORTIONMENT,nan
D3_SUB2_C3_6250,Blood Clotting Factors for Hemoph.,ROLLUP,D32D180,D-3: Apportionment - Subprovider 2,06250,00300,Cost / Charge Ratio,INPATIENT ANCILLARY SERVICE COST APPORTIONMENT,nan
D3_SUB2_C3_63,"Blood Storing, Processing, Trans",ROLLUP,D32D180,D-3: Apportionment - Subprovider 2,06300,00300,Cost / Charge Ratio,INPATIENT ANCILLARY SERVICE COST APPORTIONMENT,nan
D3_SUB2_C3_64,Intravenous Therapy,ROLLUP,D32D180,D-3: Apportionment - Subprovider 2,06400,00300,Cost / Charge Ratio,INPATIENT ANCILLARY SERVICE COST APPORTIONMENT,nan
D3_SUB2_C3_65,Respiratory Therapy,ROLLUP,D32D180,D-3: Apportionment - Subprovider 2,06500,00300,Cost / Charge Ratio,INPATIENT ANCILLARY SERVICE COST APPORTIONMENT,nan
D3_SUB2_C3_66,Physical Therapy,ROLLUP,D32D180,D-3: Apportionment - Subprovider 2,06600,00300,Cost / Charge Ratio,INPATIENT ANCILLARY SERVICE COST APPORTIONMENT,nan
D3_SUB2_C3_67,Occupational Therapy,ROLLUP,D32D180,D-3: Apportionment - Subprovider 2,06700,00300,Cost / Charge Ratio,INPATIENT ANCILLARY SERVICE COST APPORTIONMENT,nan
D3_SUB2_C3_68,Speech Pathology,ROLLUP,D32D180,D-3: Apportionment - Subprovider 2,06800,00300,Cost / Charge Ratio,INPATIENT ANCILLARY SERVICE COST APPORTIONMENT,nan
D3_SUB2_C3_69,Electrocardiology,ROLLUP,D32D180,D-3: Apportionment - Subprovider 2,06900,00300,Cost / Charge Ratio,INPATIENT ANCILLARY SERVICE COST APPORTIONMENT,nan
D3_SUB2_C3_70,Electroencephalography,ROLLUP,D32D180,D-3: Apportionment - Subprovider 2,07000,00300,Cost / Charge Ratio,INPATIENT ANCILLARY SERVICE COST APPORTIONMENT,nan
D3_SUB2_C3_71,Medical Supplies Charged to Patients,ROLLUP,D32D180,D-3: Apportionment - Subprovider 2,07100,00300,Cost / Charge Ratio,INPATIENT ANCILLARY SERVICE COST APPORTIONMENT,nan
D3_SUB2_C3_72,Impl. Dev. Charged to Patients,ROLLUP,D32D180,D-3: Apportionment - Subprovider 2,07200,00300,Cost / Charge Ratio,INPATIENT ANCILLARY SERVICE COST APPORTIONMENT,nan
D3_SUB2_C3_73,Drugs Charged to Patients,ROLLUP,D32D180,D-3: Apportionment - Subprovider 2,07300,00300,Cost / Charge Ratio,INPATIENT ANCILLARY SERVICE COST APPORTIONMENT,nan
D3_SUB2_C3_75,ASC (Non Distinct Part),ROLLUP,D32D180,D-3: Apportionment - Subprovider 2,07500,00300,Cost / Charge Ratio,INPATIENT ANCILLARY SERVICE COST APPORTIONMENT,nan
D3_SUB2_C3_76,Other Ancillary,ROLLUP,D32D180,D-3: Apportionment - Subprovider 2,07600,00300,Cost / Charge Ratio,INPATIENT ANCILLARY SERVICE COST APPORTIONMENT,nan
D3_SUB2_C3_88,RHC,ROLLUP,D32D180,D-3: Apportionment - Subprovider 2,08800,00300,Cost / Charge Ratio,INPATIENT ANCILLARY SERVICE COST APPORTIONMENT,nan
D3_SUB2_C3_89,FQHC,ROLLUP,D32D180,D-3: Apportionment - Subprovider 2,08900,00300,Cost / Charge Ratio,INPATIENT ANCILLARY SERVICE COST APPORTIONMENT,nan
D3_SUB2_C3_90,Clinic,ROLLUP,D32D180,D-3: Apportionment - Subprovider 2,09000,00300,Cost / Charge Ratio,INPATIENT ANCILLARY SERVICE COST APPORTIONMENT,nan
D3_SUB2_C3_91,Emergency,ROLLUP,D32D180,D-3: Apportionment - Subprovider 2,09100,00300,Cost / Charge Ratio,INPATIENT ANCILLARY SERVICE COST APPORTIONMENT,nan
D3_SUB2_C3_9201,Observation Beds (Distinct Unit),ROLLUP,D32D180,D-3: Apportionment - Subprovider 2,09201,00300,Cost / Charge Ratio,INPATIENT ANCILLARY SERVICE COST APPORTIONMENT,nan
D3_SUB2_C3_93,Other Outpatient Services,ROLLUP,D32D180,D-3: Apportionment - Subprovider 2,09300,00300,Cost / Charge Ratio,INPATIENT ANCILLARY SERVICE COST APPORTIONMENT,nan
D3_SUB2_C3_96,Durable Medical Equipment Rented,ROLLUP,D32D180,D-3: Apportionment - Subprovider 2,09600,00300,Cost / Charge Ratio,INPATIENT ANCILLARY SERVICE COST APPORTIONMENT,nan
D3_SUB2_C3_97,Durable Medical Equipment Sold,ROLLUP,D32D180,D-3: Apportionment - Subprovider 2,09700,00300,Cost / Charge Ratio,INPATIENT ANCILLARY SERVICE COST APPORTIONMENT,nan
D3_SUB2_C3_98,Other Reimbursable,ROLLUP,D32D180,D-3: Apportionment - Subprovider 2,09800,00300,Cost / Charge Ratio,INPATIENT ANCILLARY SERVICE COST APPORTIONMENT,nan
D_1_HOS_C4_32,Coronary Intensive Care Unit,ROLLUP,D00A181,"D, Part I: Apportionment - Hospital",03200,00400,Title XVIII Days,APPORTIONMENT OF INPATIENT ROUTINE SERVICE CAPITAL COSTS,nan
D_1_HOS_C6_32,Coronary Intensive Care Unit,ROLLUP,D00A181,"D, Part I: Apportionment - Hospital",03200,00600,Title XVIII Discharges,APPORTIONMENT OF INPATIENT ROUTINE SERVICE CAPITAL COSTS,nan
D_1_HOS_C6_35,Other Special Care Unit,ROLLUP,D00A181,"D, Part I: Apportionment - Hospital",03500,00600,Title XVIII Discharges,APPORTIONMENT OF INPATIENT ROUTINE SERVICE CAPITAL COSTS,nan
D_1_HOS_C7_32,Coronary Intensive Care Unit,ROLLUP,D00A181,"D, Part I: Apportionment - Hospital",03200,00700,Total Days,APPORTIONMENT OF INPATIENT ROUTINE SERVICE CAPITAL COSTS,nan
D_1_HOS_C7_35,Other Special Care Unit,ROLLUP,D00A181,"D, Part I: Apportionment - Hospital",03500,00700,Total Days,APPORTIONMENT OF INPATIENT ROUTINE SERVICE CAPITAL COSTS,nan
D_2_HOS_C5_6250,Hospital | Line 62.50 | Col 5,ROLLUP,D00A182,"D, Part II: Apportionment - Hospital",06250,00500,Settlement Amount,nan,nan
D_2_HOS_C5_88,Hospital | Line 88 | Col 5,ROLLUP,D00A182,"D, Part II: Apportionment - Hospital",08800,00500,Settlement Amount,nan,nan
D_2_HOS_C5_89,Hospital | Line 89 | Col 5,ROLLUP,D00A182,"D, Part II: Apportionment - Hospital",08900,00500,Settlement Amount,nan,nan
D_2_HOS_C5_96,Hospital | Line 96 | Col 5,ROLLUP,D00A182,"D, Part II: Apportionment - Hospital",09600,00500,Settlement Amount,nan,nan
D_2_HOS_C5_97,Hospital | Line 97 | Col 5,ROLLUP,D00A182,"D, Part II: Apportionment - Hospital",09700,00500,Settlement Amount,nan,nan
D_2_HOS_C5_98,Hospital | Line 98 | Col 5,ROLLUP,D00A182,"D, Part II: Apportionment - Hospital",09800,00500,Settlement Amount,nan,nan
D_2_IPF_C5_51,Inpatient Psychiatric Facility | Line 51 | Col 5,ROLLUP,D00B182,"D, Part II: Apportionment - IPF",05100,00500,Settlement Amount,APPORTIONMENT OF INPATIENT ANCILLARY SERVICE CAPITAL COSTS,nan
D_2_IPF_C5_55,Inpatient Psychiatric Facility | Line 55 | Col 5,ROLLUP,D00B182,"D, Part II: Apportionment - IPF",05500,00500,Settlement Amount,APPORTIONMENT OF INPATIENT ANCILLARY SERVICE CAPITAL COSTS,nan
D_2_IPF_C5_56,Inpatient Psychiatric Facility | Line 56 | Col 5,ROLLUP,D00B182,"D, Part II: Apportionment - IPF",05600,00500,Settlement Amount,APPORTIONMENT OF INPATIENT ANCILLARY SERVICE CAPITAL COSTS,nan
D_2_IPF_C5_62,Inpatient Psychiatric Facility | Line 62 | Col 5,ROLLUP,D00B182,"D, Part II: Apportionment - IPF",06200,00500,Settlement Amount,APPORTIONMENT OF INPATIENT ANCILLARY SERVICE CAPITAL COSTS,nan
D_2_IPF_C5_6250,Inpatient Psychiatric Facility | Line 62.50 | Col 5,ROLLUP,D00B182,"D, Part II: Apportionment - IPF",06250,00500,Settlement Amount,APPORTIONMENT OF INPATIENT ANCILLARY SERVICE CAPITAL COSTS,nan
D_2_IPF_C5_68,Inpatient Psychiatric Facility | Line 68 | Col 5,ROLLUP,D00B182,"D, Part II: Apportionment - IPF",06800,00500,Settlement Amount,APPORTIONMENT OF INPATIENT ANCILLARY SERVICE CAPITAL COSTS,nan
D_2_IPF_C5_70,Inpatient Psychiatric Facility | Line 70 | Col 5,ROLLUP,D00B182,"D, Part II: Apportionment - IPF",07000,00500,Settlement Amount,APPORTIONMENT OF INPATIENT ANCILLARY SERVICE CAPITAL COSTS,nan
D_2_IPF_C5_72,Inpatient Psychiatric Facility | Line 72 | Col 5,ROLLUP,D00B182,"D, Part II: Apportionment - IPF",07200,00500,Settlement Amount,APPORTIONMENT OF INPATIENT ANCILLARY SERVICE CAPITAL COSTS,nan
D_2_IPF_C5_75,Inpatient Psychiatric Facility | Line 75 | Col 5,ROLLUP,D00B182,"D, Part II: Apportionment - IPF",07500,00500,Settlement Amount,APPORTIONMENT OF INPATIENT ANCILLARY SERVICE CAPITAL COSTS,nan
D_2_IPF_C5_76,Inpatient Psychiatric Facility | Line 76 | Col 5,ROLLUP,D00B182,"D, Part II: Apportionment - IPF",07600,00500,Settlement Amount,APPORTIONMENT OF INPATIENT ANCILLARY SERVICE CAPITAL COSTS,nan
D_2_IPF_C5_88,Inpatient Psychiatric Facility | Line 88 | Col 5,ROLLUP,D00B182,"D, Part II: Apportionment - IPF",08800,00500,Settlement Amount,APPORTIONMENT OF INPATIENT ANCILLARY SERVICE CAPITAL COSTS,nan
D_2_IPF_C5_89,Inpatient Psychiatric Facility | Line 89 | Col 5,ROLLUP,D00B182,"D, Part II: Apportionment - IPF",08900,00500,Settlement Amount,APPORTIONMENT OF INPATIENT ANCILLARY SERVICE CAPITAL COSTS,nan
D_2_IPF_C5_9201,Inpatient Psychiatric Facility | Line 92.01 | Col 5,ROLLUP,D00B182,"D, Part II: Apportionment - IPF",09201,00500,Settlement Amount,APPORTIONMENT OF INPATIENT ANCILLARY SERVICE CAPITAL COSTS,nan
D_2_IPF_C5_96,Inpatient Psychiatric Facility | Line 96 | Col 5,ROLLUP,D00B182,"D, Part II: Apportionment - IPF",09600,00500,Settlement Amount,APPORTIONMENT OF INPATIENT ANCILLARY SERVICE CAPITAL COSTS,nan
D_2_IPF_C5_97,Inpatient Psychiatric Facility | Line 97 | Col 5,ROLLUP,D00B182,"D, Part II: Apportionment - IPF",09700,00500,Settlement Amount,APPORTIONMENT OF INPATIENT ANCILLARY SERVICE CAPITAL COSTS,nan
D_2_IPF_C5_98,Inpatient Psychiatric Facility | Line 98 | Col 5,ROLLUP,D00B182,"D, Part II: Apportionment - IPF",09800,00500,Settlement Amount,APPORTIONMENT OF INPATIENT ANCILLARY SERVICE CAPITAL COSTS,nan
D_2_IRF_C5_62,Inpatient Rehabilitation Facility | Line 62 | Col 5,ROLLUP,D00C182,"D, Part II: Apportionment - IRF",06200,00500,Settlement Amount,APPORTIONMENT OF INPATIENT ANCILLARY SERVICE CAPITAL COSTS,nan
D_2_IRF_C5_6250,Inpatient Rehabilitation Facility | Line 62.50 | Col 5,ROLLUP,D00C182,"D, Part II: Apportionment - IRF",06250,00500,Settlement Amount,APPORTIONMENT OF INPATIENT ANCILLARY SERVICE CAPITAL COSTS,nan
D_2_IRF_C5_76,Inpatient Rehabilitation Facility | Line 76 | Col 5,ROLLUP,D00C182,"D, Part II: Apportionment - IRF",07600,00500,Settlement Amount,APPORTIONMENT OF INPATIENT ANCILLARY SERVICE CAPITAL COSTS,nan
D_2_IRF_C5_88,Inpatient Rehabilitation Facility | Line 88 | Col 5,ROLLUP,D00C182,"D, Part II: Apportionment - IRF",08800,00500,Settlement Amount,APPORTIONMENT OF INPATIENT ANCILLARY SERVICE CAPITAL COSTS,nan
D_2_IRF_C5_89,Inpatient Rehabilitation Facility | Line 89 | Col 5,ROLLUP,D00C182,"D, Part II: Apportionment - IRF",08900,00500,Settlement Amount,APPORTIONMENT OF INPATIENT ANCILLARY SERVICE CAPITAL COSTS,nan
D_2_IRF_C5_9201,Inpatient Rehabilitation Facility | Line 92.01 | Col 5,ROLLUP,D00C182,"D, Part II: Apportionment - IRF",09201,00500,Settlement Amount,APPORTIONMENT OF INPATIENT ANCILLARY SERVICE CAPITAL COSTS,nan
D_2_IRF_C5_93,Inpatient Rehabilitation Facility | Line 93 | Col 5,ROLLUP,D00C182,"D, Part II: Apportionment - IRF",09300,00500,Settlement Amount,APPORTIONMENT OF INPATIENT ANCILLARY SERVICE CAPITAL COSTS,nan
D_2_IRF_C5_96,Inpatient Rehabilitation Facility | Line 96 | Col 5,ROLLUP,D00C182,"D, Part II: Apportionment - IRF",09600,00500,Settlement Amount,APPORTIONMENT OF INPATIENT ANCILLARY SERVICE CAPITAL COSTS,nan
D_2_IRF_C5_97,Inpatient Rehabilitation Facility | Line 97 | Col 5,ROLLUP,D00C182,"D, Part II: Apportionment - IRF",09700,00500,Settlement Amount,APPORTIONMENT OF INPATIENT ANCILLARY SERVICE CAPITAL COSTS,nan
D_2_IRF_C5_98,Inpatient Rehabilitation Facility | Line 98 | Col 5,ROLLUP,D00C182,"D, Part II: Apportionment - IRF",09800,00500,Settlement Amount,APPORTIONMENT OF INPATIENT ANCILLARY SERVICE CAPITAL COSTS,nan
D_2_SUB1_C5_50,Subprovider 1 | Line 50 | Col 5,ROLLUP,D01D182,"D, Part II: Apportionment - Subprovider 1",05000,00500,Settlement Amount,APPORTIONMENT OF INPATIENT ANCILLARY SERVICE CAPITAL COSTS,nan
D_2_SUB1_C5_51,Subprovider 1 | Line 51 | Col 5,ROLLUP,D01D182,"D, Part II: Apportionment - Subprovider 1",05100,00500,Settlement Amount,APPORTIONMENT OF INPATIENT ANCILLARY SERVICE CAPITAL COSTS,nan
D_2_SUB1_C5_52,Subprovider 1 | Line 52 | Col 5,ROLLUP,D01D182,"D, Part II: Apportionment - Subprovider 1",05200,00500,Settlement Amount,APPORTIONMENT OF INPATIENT ANCILLARY SERVICE CAPITAL COSTS,nan
D_2_SUB1_C5_53,Subprovider 1 | Line 53 | Col 5,ROLLUP,D01D182,"D, Part II: Apportionment - Subprovider 1",05300,00500,Settlement Amount,APPORTIONMENT OF INPATIENT ANCILLARY SERVICE CAPITAL COSTS,nan
D_2_SUB1_C5_54,Subprovider 1 | Line 54 | Col 5,ROLLUP,D01D182,"D, Part II: Apportionment - Subprovider 1",05400,00500,Settlement Amount,APPORTIONMENT OF INPATIENT ANCILLARY SERVICE CAPITAL COSTS,nan
D_2_SUB1_C5_55,Subprovider 1 | Line 55 | Col 5,ROLLUP,D01D182,"D, Part II: Apportionment - Subprovider 1",05500,00500,Settlement Amount,APPORTIONMENT OF INPATIENT ANCILLARY SERVICE CAPITAL COSTS,nan
D_2_SUB1_C5_56,Subprovider 1 | Line 56 | Col 5,ROLLUP,D01D182,"D, Part II: Apportionment - Subprovider 1",05600,00500,Settlement Amount,APPORTIONMENT OF INPATIENT ANCILLARY SERVICE CAPITAL COSTS,nan
D_2_SUB1_C5_57,Subprovider 1 | Line 57 | Col 5,ROLLUP,D01D182,"D, Part II: Apportionment - Subprovider 1",05700,00500,Settlement Amount,APPORTIONMENT OF INPATIENT ANCILLARY SERVICE CAPITAL COSTS,nan
D_2_SUB1_C5_58,Subprovider 1 | Line 58 | Col 5,ROLLUP,D01D182,"D, Part II: Apportionment - Subprovider 1",05800,00500,Settlement Amount,APPORTIONMENT OF INPATIENT ANCILLARY SERVICE CAPITAL COSTS,nan
D_2_SUB1_C5_59,Subprovider 1 | Line 59 | Col 5,ROLLUP,D01D182,"D, Part II: Apportionment - Subprovider 1",05900,00500,Settlement Amount,APPORTIONMENT OF INPATIENT ANCILLARY SERVICE CAPITAL COSTS,nan
D_2_SUB1_C5_60,Subprovider 1 | Line 60 | Col 5,ROLLUP,D01D182,"D, Part II: Apportionment - Subprovider 1",06000,00500,Settlement Amount,APPORTIONMENT OF INPATIENT ANCILLARY SERVICE CAPITAL COSTS,nan
D_2_SUB1_C5_62,Subprovider 1 | Line 62 | Col 5,ROLLUP,D01D182,"D, Part II: Apportionment - Subprovider 1",06200,00500,Settlement Amount,APPORTIONMENT OF INPATIENT ANCILLARY SERVICE CAPITAL COSTS,nan
D_2_SUB1_C5_6250,Subprovider 1 | Line 62.50 | Col 5,ROLLUP,D01D182,"D, Part II: Apportionment - Subprovider 1",06250,00500,Settlement Amount,APPORTIONMENT OF INPATIENT ANCILLARY SERVICE CAPITAL COSTS,nan
D_2_SUB1_C5_63,Subprovider 1 | Line 63 | Col 5,ROLLUP,D01D182,"D, Part II: Apportionment - Subprovider 1",06300,00500,Settlement Amount,APPORTIONMENT OF INPATIENT ANCILLARY SERVICE CAPITAL COSTS,nan
D_2_SUB1_C5_64,Subprovider 1 | Line 64 | Col 5,ROLLUP,D01D182,"D, Part II: Apportionment - Subprovider 1",06400,00500,Settlement Amount,APPORTIONMENT OF INPATIENT ANCILLARY SERVICE CAPITAL COSTS,nan
D_2_SUB1_C5_65,Subprovider 1 | Line 65 | Col 5,ROLLUP,D01D182,"D, Part II: Apportionment - Subprovider 1",06500,00500,Settlement Amount,APPORTIONMENT OF INPATIENT ANCILLARY SERVICE CAPITAL COSTS,nan
D_2_SUB1_C5_66,Subprovider 1 | Line 66 | Col 5,ROLLUP,D01D182,"D, Part II: Apportionment - Subprovider 1",06600,00500,Settlement Amount,APPORTIONMENT OF INPATIENT ANCILLARY SERVICE CAPITAL COSTS,nan
D_2_SUB1_C5_67,Subprovider 1 | Line 67 | Col 5,ROLLUP,D01D182,"D, Part II: Apportionment - Subprovider 1",06700,00500,Settlement Amount,APPORTIONMENT OF INPATIENT ANCILLARY SERVICE CAPITAL COSTS,nan
D_2_SUB1_C5_68,Subprovider 1 | Line 68 | Col 5,ROLLUP,D01D182,"D, Part II: Apportionment - Subprovider 1",06800,00500,Settlement Amount,APPORTIONMENT OF INPATIENT ANCILLARY SERVICE CAPITAL COSTS,nan
D_2_SUB1_C5_69,Subprovider 1 | Line 69 | Col 5,ROLLUP,D01D182,"D, Part II: Apportionment - Subprovider 1",06900,00500,Settlement Amount,APPORTIONMENT OF INPATIENT ANCILLARY SERVICE CAPITAL COSTS,nan
D_2_SUB1_C5_70,Subprovider 1 | Line 70 | Col 5,ROLLUP,D01D182,"D, Part II: Apportionment - Subprovider 1",07000,00500,Settlement Amount,APPORTIONMENT OF INPATIENT ANCILLARY SERVICE CAPITAL COSTS,nan
D_2_SUB1_C5_71,Subprovider 1 | Line 71 | Col 5,ROLLUP,D01D182,"D, Part II: Apportionment - Subprovider 1",07100,00500,Settlement Amount,APPORTIONMENT OF INPATIENT ANCILLARY SERVICE CAPITAL COSTS,nan
D_2_SUB1_C5_72,Subprovider 1 | Line 72 | Col 5,ROLLUP,D01D182,"D, Part II: Apportionment - Subprovider 1",07200,00500,Settlement Amount,APPORTIONMENT OF INPATIENT ANCILLARY SERVICE CAPITAL COSTS,nan
D_2_SUB1_C5_73,Subprovider 1 | Line 73 | Col 5,ROLLUP,D01D182,"D, Part II: Apportionment - Subprovider 1",07300,00500,Settlement Amount,APPORTIONMENT OF INPATIENT ANCILLARY SERVICE CAPITAL COSTS,nan
D_2_SUB1_C5_75,Subprovider 1 | Line 75 | Col 5,ROLLUP,D01D182,"D, Part II: Apportionment - Subprovider 1",07500,00500,Settlement Amount,APPORTIONMENT OF INPATIENT ANCILLARY SERVICE CAPITAL COSTS,nan
D_2_SUB1_C5_76,Subprovider 1 | Line 76 | Col 5,ROLLUP,D01D182,"D, Part II: Apportionment - Subprovider 1",07600,00500,Settlement Amount,APPORTIONMENT OF INPATIENT ANCILLARY SERVICE CAPITAL COSTS,nan
D_2_SUB1_C5_88,Subprovider 1 | Line 88 | Col 5,ROLLUP,D01D182,"D, Part II: Apportionment - Subprovider 1",08800,00500,Settlement Amount,APPORTIONMENT OF INPATIENT ANCILLARY SERVICE CAPITAL COSTS,nan
D_2_SUB1_C5_89,Subprovider 1 | Line 89 | Col 5,ROLLUP,D01D182,"D, Part II: Apportionment - Subprovider 1",08900,00500,Settlement Amount,APPORTIONMENT OF INPATIENT ANCILLARY SERVICE CAPITAL COSTS,nan
D_2_SUB1_C5_90,Subprovider 1 | Line 90 | Col 5,ROLLUP,D01D182,"D, Part II: Apportionment - Subprovider 1",09000,00500,Settlement Amount,APPORTIONMENT OF INPATIENT ANCILLARY SERVICE CAPITAL COSTS,nan
D_2_SUB1_C5_91,Subprovider 1 | Line 91 | Col 5,ROLLUP,D01D182,"D, Part II: Apportionment - Subprovider 1",09100,00500,Settlement Amount,APPORTIONMENT OF INPATIENT ANCILLARY SERVICE CAPITAL COSTS,nan
D_2_SUB1_C5_9201,Subprovider 1 | Line 92.01 | Col 5,ROLLUP,D01D182,"D, Part II: Apportionment - Subprovider 1",09201,00500,Settlement Amount,APPORTIONMENT OF INPATIENT ANCILLARY SERVICE CAPITAL COSTS,nan
D_2_SUB1_C5_93,Subprovider 1 | Line 93 | Col 5,ROLLUP,D01D182,"D, Part II: Apportionment - Subprovider 1",09300,00500,Settlement Amount,APPORTIONMENT OF INPATIENT ANCILLARY SERVICE CAPITAL COSTS,nan
D_2_SUB1_C5_96,Subprovider 1 | Line 96 | Col 5,ROLLUP,D01D182,"D, Part II: Apportionment - Subprovider 1",09600,00500,Settlement Amount,APPORTIONMENT OF INPATIENT ANCILLARY SERVICE CAPITAL COSTS,nan
D_2_SUB1_C5_97,Subprovider 1 | Line 97 | Col 5,ROLLUP,D01D182,"D, Part II: Apportionment - Subprovider 1",09700,00500,Settlement Amount,APPORTIONMENT OF INPATIENT ANCILLARY SERVICE CAPITAL COSTS,nan
D_2_SUB1_C5_98,Subprovider 1 | Line 98 | Col 5,ROLLUP,D01D182,"D, Part II: Apportionment - Subprovider 1",09800,00500,Settlement Amount,APPORTIONMENT OF INPATIENT ANCILLARY SERVICE CAPITAL COSTS,nan
D_2_SUB2_C5_50,Subprovider 2 | Line 50 | Col 5,ROLLUP,D02D182,"D, Part II: Apportionment - Subprovider 2",05000,00500,Settlement Amount,APPORTIONMENT OF INPATIENT ANCILLARY SERVICE CAPITAL COSTS,nan
D_2_SUB2_C5_51,Subprovider 2 | Line 51 | Col 5,ROLLUP,D02D182,"D, Part II: Apportionment - Subprovider 2",05100,00500,Settlement Amount,APPORTIONMENT OF INPATIENT ANCILLARY SERVICE CAPITAL COSTS,nan
D_2_SUB2_C5_52,Subprovider 2 | Line 52 | Col 5,ROLLUP,D02D182,"D, Part II: Apportionment - Subprovider 2",05200,00500,Settlement Amount,APPORTIONMENT OF INPATIENT ANCILLARY SERVICE CAPITAL COSTS,nan
D_2_SUB2_C5_53,Subprovider 2 | Line 53 | Col 5,ROLLUP,D02D182,"D, Part II: Apportionment - Subprovider 2",05300,00500,Settlement Amount,APPORTIONMENT OF INPATIENT ANCILLARY SERVICE CAPITAL COSTS,nan
D_2_SUB2_C5_54,Subprovider 2 | Line 54 | Col 5,ROLLUP,D02D182,"D, Part II: Apportionment - Subprovider 2",05400,00500,Settlement Amount,APPORTIONMENT OF INPATIENT ANCILLARY SERVICE CAPITAL COSTS,nan
D_2_SUB2_C5_55,Subprovider 2 | Line 55 | Col 5,ROLLUP,D02D182,"D, Part II: Apportionment - Subprovider 2",05500,00500,Settlement Amount,APPORTIONMENT OF INPATIENT ANCILLARY SERVICE CAPITAL COSTS,nan
D_2_SUB2_C5_56,Subprovider 2 | Line 56 | Col 5,ROLLUP,D02D182,"D, Part II: Apportionment - Subprovider 2",05600,00500,Settlement Amount,APPORTIONMENT OF INPATIENT ANCILLARY SERVICE CAPITAL COSTS,nan
D_2_SUB2_C5_57,Subprovider 2 | Line 57 | Col 5,ROLLUP,D02D182,"D, Part II: Apportionment - Subprovider 2",05700,00500,Settlement Amount,APPORTIONMENT OF INPATIENT ANCILLARY SERVICE CAPITAL COSTS,nan
D_2_SUB2_C5_58,Subprovider 2 | Line 58 | Col 5,ROLLUP,D02D182,"D, Part II: Apportionment - Subprovider 2",05800,00500,Settlement Amount,APPORTIONMENT OF INPATIENT ANCILLARY SERVICE CAPITAL COSTS,nan
D_2_SUB2_C5_59,Subprovider 2 | Line 59 | Col 5,ROLLUP,D02D182,"D, Part II: Apportionment - Subprovider 2",05900,00500,Settlement Amount,APPORTIONMENT OF INPATIENT ANCILLARY SERVICE CAPITAL COSTS,nan
D_2_SUB2_C5_60,Subprovider 2 | Line 60 | Col 5,ROLLUP,D02D182,"D, Part II: Apportionment - Subprovider 2",06000,00500,Settlement Amount,APPORTIONMENT OF INPATIENT ANCILLARY SERVICE CAPITAL COSTS,nan
D_2_SUB2_C5_62,Subprovider 2 | Line 62 | Col 5,ROLLUP,D02D182,"D, Part II: Apportionment - Subprovider 2",06200,00500,Settlement Amount,APPORTIONMENT OF INPATIENT ANCILLARY SERVICE CAPITAL COSTS,nan
D_2_SUB2_C5_6250,Subprovider 2 | Line 62.50 | Col 5,ROLLUP,D02D182,"D, Part II: Apportionment - Subprovider 2",06250,00500,Settlement Amount,APPORTIONMENT OF INPATIENT ANCILLARY SERVICE CAPITAL COSTS,nan
D_2_SUB2_C5_63,Subprovider 2 | Line 63 | Col 5,ROLLUP,D02D182,"D, Part II: Apportionment - Subprovider 2",06300,00500,Settlement Amount,APPORTIONMENT OF INPATIENT ANCILLARY SERVICE CAPITAL COSTS,nan
D_2_SUB2_C5_64,Subprovider 2 | Line 64 | Col 5,ROLLUP,D02D182,"D, Part II: Apportionment - Subprovider 2",06400,00500,Settlement Amount,APPORTIONMENT OF INPATIENT ANCILLARY SERVICE CAPITAL COSTS,nan
D_2_SUB2_C5_65,Subprovider 2 | Line 65 | Col 5,ROLLUP,D02D182,"D, Part II: Apportionment - Subprovider 2",06500,00500,Settlement Amount,APPORTIONMENT OF INPATIENT ANCILLARY SERVICE CAPITAL COSTS,nan
D_2_SUB2_C5_66,Subprovider 2 | Line 66 | Col 5,ROLLUP,D02D182,"D, Part II: Apportionment - Subprovider 2",06600,00500,Settlement Amount,APPORTIONMENT OF INPATIENT ANCILLARY SERVICE CAPITAL COSTS,nan
D_2_SUB2_C5_67,Subprovider 2 | Line 67 | Col 5,ROLLUP,D02D182,"D, Part II: Apportionment - Subprovider 2",06700,00500,Settlement Amount,APPORTIONMENT OF INPATIENT ANCILLARY SERVICE CAPITAL COSTS,nan
D_2_SUB2_C5_68,Subprovider 2 | Line 68 | Col 5,ROLLUP,D02D182,"D, Part II: Apportionment - Subprovider 2",06800,00500,Settlement Amount,APPORTIONMENT OF INPATIENT ANCILLARY SERVICE CAPITAL COSTS,nan
D_2_SUB2_C5_69,Subprovider 2 | Line 69 | Col 5,ROLLUP,D02D182,"D, Part II: Apportionment - Subprovider 2",06900,00500,Settlement Amount,APPORTIONMENT OF INPATIENT ANCILLARY SERVICE CAPITAL COSTS,nan
D_2_SUB2_C5_70,Subprovider 2 | Line 70 | Col 5,ROLLUP,D02D182,"D, Part II: Apportionment - Subprovider 2",07000,00500,Settlement Amount,APPORTIONMENT OF INPATIENT ANCILLARY SERVICE CAPITAL COSTS,nan
D_2_SUB2_C5_71,Subprovider 2 | Line 71 | Col 5,ROLLUP,D02D182,"D, Part II: Apportionment - Subprovider 2",07100,00500,Settlement Amount,APPORTIONMENT OF INPATIENT ANCILLARY SERVICE CAPITAL COSTS,nan
D_2_SUB2_C5_72,Subprovider 2 | Line 72 | Col 5,ROLLUP,D02D182,"D, Part II: Apportionment - Subprovider 2",07200,00500,Settlement Amount,APPORTIONMENT OF INPATIENT ANCILLARY SERVICE CAPITAL COSTS,nan
D_2_SUB2_C5_73,Subprovider 2 | Line 73 | Col 5,ROLLUP,D02D182,"D, Part II: Apportionment - Subprovider 2",07300,00500,Settlement Amount,APPORTIONMENT OF INPATIENT ANCILLARY SERVICE CAPITAL COSTS,nan
D_2_SUB2_C5_75,Subprovider 2 | Line 75 | Col 5,ROLLUP,D02D182,"D, Part II: Apportionment - Subprovider 2",07500,00500,Settlement Amount,APPORTIONMENT OF INPATIENT ANCILLARY SERVICE CAPITAL COSTS,nan
D_2_SUB2_C5_76,Subprovider 2 | Line 76 | Col 5,ROLLUP,D02D182,"D, Part II: Apportionment - Subprovider 2",07600,00500,Settlement Amount,APPORTIONMENT OF INPATIENT ANCILLARY SERVICE CAPITAL COSTS,nan
D_2_SUB2_C5_88,Subprovider 2 | Line 88 | Col 5,ROLLUP,D02D182,"D, Part II: Apportionment - Subprovider 2",08800,00500,Settlement Amount,APPORTIONMENT OF INPATIENT ANCILLARY SERVICE CAPITAL COSTS,nan
D_2_SUB2_C5_89,Subprovider 2 | Line 89 | Col 5,ROLLUP,D02D182,"D, Part II: Apportionment - Subprovider 2",08900,00500,Settlement Amount,APPORTIONMENT OF INPATIENT ANCILLARY SERVICE CAPITAL COSTS,nan
D_2_SUB2_C5_90,Subprovider 2 | Line 90 | Col 5,ROLLUP,D02D182,"D, Part II: Apportionment - Subprovider 2",09000,00500,Settlement Amount,APPORTIONMENT OF INPATIENT ANCILLARY SERVICE CAPITAL COSTS,nan
D_2_SUB2_C5_91,Subprovider 2 | Line 91 | Col 5,ROLLUP,D02D182,"D, Part II: Apportionment - Subprovider 2",09100,00500,Settlement Amount,APPORTIONMENT OF INPATIENT ANCILLARY SERVICE CAPITAL COSTS,nan
D_2_SUB2_C5_9201,Subprovider 2 | Line 92.01 | Col 5,ROLLUP,D02D182,"D, Part II: Apportionment - Subprovider 2",09201,00500,Settlement Amount,APPORTIONMENT OF INPATIENT ANCILLARY SERVICE CAPITAL COSTS,nan
D_2_SUB2_C5_93,Subprovider 2 | Line 93 | Col 5,ROLLUP,D02D182,"D, Part II: Apportionment - Subprovider 2",09300,00500,Settlement Amount,APPORTIONMENT OF INPATIENT ANCILLARY SERVICE CAPITAL COSTS,nan
D_2_SUB2_C5_96,Subprovider 2 | Line 96 | Col 5,ROLLUP,D02D182,"D, Part II: Apportionment - Subprovider 2",09600,00500,Settlement Amount,APPORTIONMENT OF INPATIENT ANCILLARY SERVICE CAPITAL COSTS,nan
D_2_SUB2_C5_97,Subprovider 2 | Line 97 | Col 5,ROLLUP,D02D182,"D, Part II: Apportionment - Subprovider 2",09700,00500,Settlement Amount,APPORTIONMENT OF INPATIENT ANCILLARY SERVICE CAPITAL COSTS,nan
D_2_SUB2_C5_98,Subprovider 2 | Line 98 | Col 5,ROLLUP,D02D182,"D, Part II: Apportionment - Subprovider 2",09800,00500,Settlement Amount,APPORTIONMENT OF INPATIENT ANCILLARY SERVICE CAPITAL COSTS,nan
D_3_HOS_C9_32,Coronary Care Unit,ROLLUP,D00A183,"D, Part III: Apportionment - Hospital",03200,00900,APPORTIONMENT OF INPATIENT ROUTINE SERVICE OTHER PASS THROUGH COSTS,APPORTIONMENT OF INPATIENT ROUTINE SERVICE OTHER PASS THROUGH COSTS,nan
D_3_HOS_C9_35,Other Special Care Unit,ROLLUP,D00A183,"D, Part III: Apportionment - Hospital",03500,00900,APPORTIONMENT OF INPATIENT ROUTINE SERVICE OTHER PASS THROUGH COSTS,APPORTIONMENT OF INPATIENT ROUTINE SERVICE OTHER PASS THROUGH COSTS,nan
D_4_HOS_C10_200,Total,ROLLUP,D00A184,"D, Part IV: Apportionment - Hospital",20000,01000,Tentative Settlement,APPORTIONMENT OF INPATIENT/OUTPATIENT ANCILLARY SERVICE OTHER PASS THROUGH COSTS,nan
D_4_HOS_C10_61,PBP Clinical Lab Services Program Only,ROLLUP,D00A184,"D, Part IV: Apportionment - Hospital",06100,01000,Tentative Settlement,APPORTIONMENT OF INPATIENT/OUTPATIENT ANCILLARY SERVICE OTHER PASS THROUGH COSTS,nan
D_4_HOS_C10_6250,Blood Clotting Factors for Hemoph.,ROLLUP,D00A184,"D, Part IV: Apportionment - Hospital",06250,01000,Tentative Settlement,APPORTIONMENT OF INPATIENT/OUTPATIENT ANCILLARY SERVICE OTHER PASS THROUGH COSTS,nan
D_4_HOS_C10_74,Renal Dialysis,ROLLUP,D00A184,"D, Part IV: Apportionment - Hospital",07400,01000,Tentative Settlement,APPORTIONMENT OF INPATIENT/OUTPATIENT ANCILLARY SERVICE OTHER PASS THROUGH COSTS,nan
D_4_HOS_C10_88,RHC,ROLLUP,D00A184,"D, Part IV: Apportionment - Hospital",08800,01000,Tentative Settlement,APPORTIONMENT OF INPATIENT/OUTPATIENT ANCILLARY SERVICE OTHER PASS THROUGH COSTS,nan
D_4_HOS_C10_89,FQHC,ROLLUP,D00A184,"D, Part IV: Apportionment - Hospital",08900,01000,Tentative Settlement,APPORTIONMENT OF INPATIENT/OUTPATIENT ANCILLARY SERVICE OTHER PASS THROUGH COSTS,nan
D_4_HOS_C10_94,Home Program Dialysis,ROLLUP,D00A184,"D, Part IV: Apportionment - Hospital",09400,01000,Tentative Settlement,APPORTIONMENT OF INPATIENT/OUTPATIENT ANCILLARY SERVICE OTHER PASS THROUGH COSTS,nan
D_4_HOS_C10_95,Ambulance Services,ROLLUP,D00A184,"D, Part IV: Apportionment - Hospital",09500,01000,Tentative Settlement,APPORTIONMENT OF INPATIENT/OUTPATIENT ANCILLARY SERVICE OTHER PASS THROUGH COSTS,nan
D_4_HOS_C10_96,Durable Medical Equipment Rented,ROLLUP,D00A184,"D, Part IV: Apportionment - Hospital",09600,01000,Tentative Settlement,APPORTIONMENT OF INPATIENT/OUTPATIENT ANCILLARY SERVICE OTHER PASS THROUGH COSTS,nan
D_4_HOS_C10_97,Durable Medical Equipment Sold,ROLLUP,D00A184,"D, Part IV: Apportionment - Hospital",09700,01000,Tentative Settlement,APPORTIONMENT OF INPATIENT/OUTPATIENT ANCILLARY SERVICE OTHER PASS THROUGH COSTS,nan
D_4_HOS_C10_98,Other Reimbursable,ROLLUP,D00A184,"D, Part IV: Apportionment - Hospital",09800,01000,Tentative Settlement,APPORTIONMENT OF INPATIENT/OUTPATIENT ANCILLARY SERVICE OTHER PASS THROUGH COSTS,nan
D_4_HOS_C11_51,Recovery Room,ROLLUP,D00A184,"D, Part IV: Apportionment - Hospital",05100,01100,Net Settlement Amount,APPORTIONMENT OF INPATIENT/OUTPATIENT ANCILLARY SERVICE OTHER PASS THROUGH COSTS,nan
D_4_HOS_C11_59,Cardiac Catheterization,ROLLUP,D00A184,"D, Part IV: Apportionment - Hospital",05900,01100,Net Settlement Amount,APPORTIONMENT OF INPATIENT/OUTPATIENT ANCILLARY SERVICE OTHER PASS THROUGH COSTS,nan
D_4_HOS_C11_62,Whole Blood & Packed Red Blood Cells,ROLLUP,D00A184,"D, Part IV: Apportionment - Hospital",06200,01100,Net Settlement Amount,APPORTIONMENT OF INPATIENT/OUTPATIENT ANCILLARY SERVICE OTHER PASS THROUGH COSTS,nan
D_4_HOS_C11_6250,Blood Clotting Factors for Hemoph.,ROLLUP,D00A184,"D, Part IV: Apportionment - Hospital",06250,01100,Net Settlement Amount,APPORTIONMENT OF INPATIENT/OUTPATIENT ANCILLARY SERVICE OTHER PASS THROUGH COSTS,nan
D_4_HOS_C11_64,Intravenous Therapy,ROLLUP,D00A184,"D, Part IV: Apportionment - Hospital",06400,01100,Net Settlement Amount,APPORTIONMENT OF INPATIENT/OUTPATIENT ANCILLARY SERVICE OTHER PASS THROUGH COSTS,nan
D_4_HOS_C11_71,Medical Supplies Charged to Patients,ROLLUP,D00A184,"D, Part IV: Apportionment - Hospital",07100,01100,Net Settlement Amount,APPORTIONMENT OF INPATIENT/OUTPATIENT ANCILLARY SERVICE OTHER PASS THROUGH COSTS,nan
D_4_HOS_C11_72,Impl. Dev. Charged to Patients,ROLLUP,D00A184,"D, Part IV: Apportionment - Hospital",07200,01100,Net Settlement Amount,APPORTIONMENT OF INPATIENT/OUTPATIENT ANCILLARY SERVICE OTHER PASS THROUGH COSTS,nan
D_4_HOS_C11_75,ASC (Non Distinct Part),ROLLUP,D00A184,"D, Part IV: Apportionment - Hospital",07500,01100,Net Settlement Amount,APPORTIONMENT OF INPATIENT/OUTPATIENT ANCILLARY SERVICE OTHER PASS THROUGH COSTS,nan
D_4_HOS_C11_88,RHC,ROLLUP,D00A184,"D, Part IV: Apportionment - Hospital",08800,01100,Net Settlement Amount,APPORTIONMENT OF INPATIENT/OUTPATIENT ANCILLARY SERVICE OTHER PASS THROUGH COSTS,nan
D_4_HOS_C11_89,FQHC,ROLLUP,D00A184,"D, Part IV: Apportionment - Hospital",08900,01100,Net Settlement Amount,APPORTIONMENT OF INPATIENT/OUTPATIENT ANCILLARY SERVICE OTHER PASS THROUGH COSTS,nan
D_4_HOS_C11_9201,Observation Beds (Distinct Unit),ROLLUP,D00A184,"D, Part IV: Apportionment - Hospital",09201,01100,Net Settlement Amount,APPORTIONMENT OF INPATIENT/OUTPATIENT ANCILLARY SERVICE OTHER PASS THROUGH COSTS,nan
D_4_HOS_C11_93,Other Outpatient Services,ROLLUP,D00A184,"D, Part IV: Apportionment - Hospital",09300,01100,Net Settlement Amount,APPORTIONMENT OF INPATIENT/OUTPATIENT ANCILLARY SERVICE OTHER PASS THROUGH COSTS,nan
D_4_HOS_C11_96,Durable Medical Equipment Rented,ROLLUP,D00A184,"D, Part IV: Apportionment - Hospital",09600,01100,Net Settlement Amount,APPORTIONMENT OF INPATIENT/OUTPATIENT ANCILLARY SERVICE OTHER PASS THROUGH COSTS,nan
D_4_HOS_C11_97,Durable Medical Equipment Sold,ROLLUP,D00A184,"D, Part IV: Apportionment - Hospital",09700,01100,Net Settlement Amount,APPORTIONMENT OF INPATIENT/OUTPATIENT ANCILLARY SERVICE OTHER PASS THROUGH COSTS,nan
D_4_HOS_C11_98,Other Reimbursable,ROLLUP,D00A184,"D, Part IV: Apportionment - Hospital",09800,01100,Net Settlement Amount,APPORTIONMENT OF INPATIENT/OUTPATIENT ANCILLARY SERVICE OTHER PASS THROUGH COSTS,nan
D_4_HOS_C12_6250,Blood Clotting Factors for Hemoph.,ROLLUP,D00A184,"D, Part IV: Apportionment - Hospital",06250,01200,Amount Due To/From Provider,APPORTIONMENT OF INPATIENT/OUTPATIENT ANCILLARY SERVICE OTHER PASS THROUGH COSTS,nan
D_4_HOS_C12_88,RHC,ROLLUP,D00A184,"D, Part IV: Apportionment - Hospital",08800,01200,Amount Due To/From Provider,APPORTIONMENT OF INPATIENT/OUTPATIENT ANCILLARY SERVICE OTHER PASS THROUGH COSTS,nan
D_4_HOS_C12_89,FQHC,ROLLUP,D00A184,"D, Part IV: Apportionment - Hospital",08900,01200,Amount Due To/From Provider,APPORTIONMENT OF INPATIENT/OUTPATIENT ANCILLARY SERVICE OTHER PASS THROUGH COSTS,nan
D_4_HOS_C12_96,Durable Medical Equipment Rented,ROLLUP,D00A184,"D, Part IV: Apportionment - Hospital",09600,01200,Amount Due To/From Provider,APPORTIONMENT OF INPATIENT/OUTPATIENT ANCILLARY SERVICE OTHER PASS THROUGH COSTS,nan
D_4_HOS_C12_97,Durable Medical Equipment Sold,ROLLUP,D00A184,"D, Part IV: Apportionment - Hospital",09700,01200,Amount Due To/From Provider,APPORTIONMENT OF INPATIENT/OUTPATIENT ANCILLARY SERVICE OTHER PASS THROUGH COSTS,nan
D_4_HOS_C12_98,Other Reimbursable,ROLLUP,D00A184,"D, Part IV: Apportionment - Hospital",09800,01200,Amount Due To/From Provider,APPORTIONMENT OF INPATIENT/OUTPATIENT ANCILLARY SERVICE OTHER PASS THROUGH COSTS,nan
D_4_HOS_C13_51,Recovery Room,ROLLUP,D00A184,"D, Part IV: Apportionment - Hospital",05100,01300,Amount Due To/From Program,APPORTIONMENT OF INPATIENT/OUTPATIENT ANCILLARY SERVICE OTHER PASS THROUGH COSTS,nan
D_4_HOS_C13_52,Delivery Room and Labor Room,ROLLUP,D00A184,"D, Part IV: Apportionment - Hospital",05200,01300,Amount Due To/From Program,APPORTIONMENT OF INPATIENT/OUTPATIENT ANCILLARY SERVICE OTHER PASS THROUGH COSTS,nan
D_4_HOS_C13_59,Cardiac Catheterization,ROLLUP,D00A184,"D, Part IV: Apportionment - Hospital",05900,01300,Amount Due To/From Program,APPORTIONMENT OF INPATIENT/OUTPATIENT ANCILLARY SERVICE OTHER PASS THROUGH COSTS,nan
D_4_HOS_C13_62,Whole Blood & Packed Red Blood Cells,ROLLUP,D00A184,"D, Part IV: Apportionment - Hospital",06200,01300,Amount Due To/From Program,APPORTIONMENT OF INPATIENT/OUTPATIENT ANCILLARY SERVICE OTHER PASS THROUGH COSTS,nan
D_4_HOS_C13_6250,Blood Clotting Factors for Hemoph.,ROLLUP,D00A184,"D, Part IV: Apportionment - Hospital",06250,01300,Amount Due To/From Program,APPORTIONMENT OF INPATIENT/OUTPATIENT ANCILLARY SERVICE OTHER PASS THROUGH COSTS,nan
D_4_HOS_C13_64,Intravenous Therapy,ROLLUP,D00A184,"D, Part IV: Apportionment - Hospital",06400,01300,Amount Due To/From Program,APPORTIONMENT OF INPATIENT/OUTPATIENT ANCILLARY SERVICE OTHER PASS THROUGH COSTS,nan
D_4_HOS_C13_71,Medical Supplies Charged to Patients,ROLLUP,D00A184,"D, Part IV: Apportionment - Hospital",07100,01300,Amount Due To/From Program,APPORTIONMENT OF INPATIENT/OUTPATIENT ANCILLARY SERVICE OTHER PASS THROUGH COSTS,nan
D_4_HOS_C13_72,Impl. Dev. Charged to Patients,ROLLUP,D00A184,"D, Part IV: Apportionment - Hospital",07200,01300,Amount Due To/From Program,APPORTIONMENT OF INPATIENT/OUTPATIENT ANCILLARY SERVICE OTHER PASS THROUGH COSTS,nan
D_4_HOS_C13_75,ASC (Non Distinct Part),ROLLUP,D00A184,"D, Part IV: Apportionment - Hospital",07500,01300,Amount Due To/From Program,APPORTIONMENT OF INPATIENT/OUTPATIENT ANCILLARY SERVICE OTHER PASS THROUGH COSTS,nan
D_4_HOS_C13_88,RHC,ROLLUP,D00A184,"D, Part IV: Apportionment - Hospital",08800,01300,Amount Due To/From Program,APPORTIONMENT OF INPATIENT/OUTPATIENT ANCILLARY SERVICE OTHER PASS THROUGH COSTS,nan
D_4_HOS_C13_89,FQHC,ROLLUP,D00A184,"D, Part IV: Apportionment - Hospital",08900,01300,Amount Due To/From Program,APPORTIONMENT OF INPATIENT/OUTPATIENT ANCILLARY SERVICE OTHER PASS THROUGH COSTS,nan
D_4_HOS_C13_9201,Observation Beds (Distinct Unit),ROLLUP,D00A184,"D, Part IV: Apportionment - Hospital",09201,01300,Amount Due To/From Program,APPORTIONMENT OF INPATIENT/OUTPATIENT ANCILLARY SERVICE OTHER PASS THROUGH COSTS,nan
D_4_HOS_C13_93,Other Outpatient Services,ROLLUP,D00A184,"D, Part IV: Apportionment - Hospital",09300,01300,Amount Due To/From Program,APPORTIONMENT OF INPATIENT/OUTPATIENT ANCILLARY SERVICE OTHER PASS THROUGH COSTS,nan
D_4_HOS_C13_96,Durable Medical Equipment Rented,ROLLUP,D00A184,"D, Part IV: Apportionment - Hospital",09600,01300,Amount Due To/From Program,APPORTIONMENT OF INPATIENT/OUTPATIENT ANCILLARY SERVICE OTHER PASS THROUGH COSTS,nan
D_4_HOS_C13_97,Durable Medical Equipment Sold,ROLLUP,D00A184,"D, Part IV: Apportionment - Hospital",09700,01300,Amount Due To/From Program,APPORTIONMENT OF INPATIENT/OUTPATIENT ANCILLARY SERVICE OTHER PASS THROUGH COSTS,nan
D_4_HOS_C13_98,Other Reimbursable,ROLLUP,D00A184,"D, Part IV: Apportionment - Hospital",09800,01300,Amount Due To/From Program,APPORTIONMENT OF INPATIENT/OUTPATIENT ANCILLARY SERVICE OTHER PASS THROUGH COSTS,nan
D_4_HOS_C1_50,Operating Room,ROLLUP,D00A184,"D, Part IV: Apportionment - Hospital",05000,00100,Cost / Charge Ratio,APPORTIONMENT OF INPATIENT/OUTPATIENT ANCILLARY SERVICE OTHER PASS THROUGH COSTS,nan
D_4_HOS_C1_51,Recovery Room,ROLLUP,D00A184,"D, Part IV: Apportionment - Hospital",05100,00100,Cost / Charge Ratio,APPORTIONMENT OF INPATIENT/OUTPATIENT ANCILLARY SERVICE OTHER PASS THROUGH COSTS,nan
D_4_HOS_C1_52,Delivery Room and Labor Room,ROLLUP,D00A184,"D, Part IV: Apportionment - Hospital",05200,00100,Cost / Charge Ratio,APPORTIONMENT OF INPATIENT/OUTPATIENT ANCILLARY SERVICE OTHER PASS THROUGH COSTS,nan
D_4_HOS_C1_54,Radiology-Diagnostic,ROLLUP,D00A184,"D, Part IV: Apportionment - Hospital",05400,00100,Cost / Charge Ratio,APPORTIONMENT OF INPATIENT/OUTPATIENT ANCILLARY SERVICE OTHER PASS THROUGH COSTS,nan
D_4_HOS_C1_55,Radiology-Therapeutic,ROLLUP,D00A184,"D, Part IV: Apportionment - Hospital",05500,00100,Cost / Charge Ratio,APPORTIONMENT OF INPATIENT/OUTPATIENT ANCILLARY SERVICE OTHER PASS THROUGH COSTS,nan
D_4_HOS_C1_56,Radioisotope,ROLLUP,D00A184,"D, Part IV: Apportionment - Hospital",05600,00100,Cost / Charge Ratio,APPORTIONMENT OF INPATIENT/OUTPATIENT ANCILLARY SERVICE OTHER PASS THROUGH COSTS,nan
D_4_HOS_C1_57,CT Scan,ROLLUP,D00A184,"D, Part IV: Apportionment - Hospital",05700,00100,Cost / Charge Ratio,APPORTIONMENT OF INPATIENT/OUTPATIENT ANCILLARY SERVICE OTHER PASS THROUGH COSTS,nan
D_4_HOS_C1_58,MRI,ROLLUP,D00A184,"D, Part IV: Apportionment - Hospital",05800,00100,Cost / Charge Ratio,APPORTIONMENT OF INPATIENT/OUTPATIENT ANCILLARY SERVICE OTHER PASS THROUGH COSTS,nan
D_4_HOS_C1_59,Cardiac Catheterization,ROLLUP,D00A184,"D, Part IV: Apportionment - Hospital",05900,00100,Cost / Charge Ratio,APPORTIONMENT OF INPATIENT/OUTPATIENT ANCILLARY SERVICE OTHER PASS THROUGH COSTS,nan
D_4_HOS_C1_60,Laboratory,ROLLUP,D00A184,"D, Part IV: Apportionment - Hospital",06000,00100,Cost / Charge Ratio,APPORTIONMENT OF INPATIENT/OUTPATIENT ANCILLARY SERVICE OTHER PASS THROUGH COSTS,nan
D_4_HOS_C1_62,Whole Blood & Packed Red Blood Cells,ROLLUP,D00A184,"D, Part IV: Apportionment - Hospital",06200,00100,Cost / Charge Ratio,APPORTIONMENT OF INPATIENT/OUTPATIENT ANCILLARY SERVICE OTHER PASS THROUGH COSTS,nan
D_4_HOS_C1_6250,Blood Clotting Factors for Hemoph.,ROLLUP,D00A184,"D, Part IV: Apportionment - Hospital",06250,00100,Cost / Charge Ratio,APPORTIONMENT OF INPATIENT/OUTPATIENT ANCILLARY SERVICE OTHER PASS THROUGH COSTS,nan
D_4_HOS_C1_63,"Blood Storing, Processing, Trans",ROLLUP,D00A184,"D, Part IV: Apportionment - Hospital",06300,00100,Cost / Charge Ratio,APPORTIONMENT OF INPATIENT/OUTPATIENT ANCILLARY SERVICE OTHER PASS THROUGH COSTS,nan
D_4_HOS_C1_64,Intravenous Therapy,ROLLUP,D00A184,"D, Part IV: Apportionment - Hospital",06400,00100,Cost / Charge Ratio,APPORTIONMENT OF INPATIENT/OUTPATIENT ANCILLARY SERVICE OTHER PASS THROUGH COSTS,nan
D_4_HOS_C1_65,Respiratory Therapy,ROLLUP,D00A184,"D, Part IV: Apportionment - Hospital",06500,00100,Cost / Charge Ratio,APPORTIONMENT OF INPATIENT/OUTPATIENT ANCILLARY SERVICE OTHER PASS THROUGH COSTS,nan
D_4_HOS_C1_66,Physical Therapy,ROLLUP,D00A184,"D, Part IV: Apportionment - Hospital",06600,00100,Cost / Charge Ratio,APPORTIONMENT OF INPATIENT/OUTPATIENT ANCILLARY SERVICE OTHER PASS THROUGH COSTS,nan
D_4_HOS_C1_67,Occupational Therapy,ROLLUP,D00A184,"D, Part IV: Apportionment - Hospital",06700,00100,Cost / Charge Ratio,APPORTIONMENT OF INPATIENT/OUTPATIENT ANCILLARY SERVICE OTHER PASS THROUGH COSTS,nan
D_4_HOS_C1_68,Speech Pathology,ROLLUP,D00A184,"D, Part IV: Apportionment - Hospital",06800,00100,Cost / Charge Ratio,APPORTIONMENT OF INPATIENT/OUTPATIENT ANCILLARY SERVICE OTHER PASS THROUGH COSTS,nan
D_4_HOS_C1_69,Electrocardiology,ROLLUP,D00A184,"D, Part IV: Apportionment - Hospital",06900,00100,Cost / Charge Ratio,APPORTIONMENT OF INPATIENT/OUTPATIENT ANCILLARY SERVICE OTHER PASS THROUGH COSTS,nan
D_4_HOS_C1_70,Electroencephalography,ROLLUP,D00A184,"D, Part IV: Apportionment - Hospital",07000,00100,Cost / Charge Ratio,APPORTIONMENT OF INPATIENT/OUTPATIENT ANCILLARY SERVICE OTHER PASS THROUGH COSTS,nan
D_4_HOS_C1_71,Medical Supplies Charged to Patients,ROLLUP,D00A184,"D, Part IV: Apportionment - Hospital",07100,00100,Cost / Charge Ratio,APPORTIONMENT OF INPATIENT/OUTPATIENT ANCILLARY SERVICE OTHER PASS THROUGH COSTS,nan
D_4_HOS_C1_72,Impl. Dev. Charged to Patients,ROLLUP,D00A184,"D, Part IV: Apportionment - Hospital",07200,00100,Cost / Charge Ratio,APPORTIONMENT OF INPATIENT/OUTPATIENT ANCILLARY SERVICE OTHER PASS THROUGH COSTS,nan
D_4_HOS_C1_73,Drugs Charged to Patients,ROLLUP,D00A184,"D, Part IV: Apportionment - Hospital",07300,00100,Cost / Charge Ratio,APPORTIONMENT OF INPATIENT/OUTPATIENT ANCILLARY SERVICE OTHER PASS THROUGH COSTS,nan
D_4_HOS_C1_75,ASC (Non Distinct Part),ROLLUP,D00A184,"D, Part IV: Apportionment - Hospital",07500,00100,Cost / Charge Ratio,APPORTIONMENT OF INPATIENT/OUTPATIENT ANCILLARY SERVICE OTHER PASS THROUGH COSTS,nan
D_4_HOS_C1_76,Other Ancillary,ROLLUP,D00A184,"D, Part IV: Apportionment - Hospital",07600,00100,Cost / Charge Ratio,APPORTIONMENT OF INPATIENT/OUTPATIENT ANCILLARY SERVICE OTHER PASS THROUGH COSTS,nan
D_4_HOS_C1_88,RHC,ROLLUP,D00A184,"D, Part IV: Apportionment - Hospital",08800,00100,Cost / Charge Ratio,APPORTIONMENT OF INPATIENT/OUTPATIENT ANCILLARY SERVICE OTHER PASS THROUGH COSTS,nan
D_4_HOS_C1_89,FQHC,ROLLUP,D00A184,"D, Part IV: Apportionment - Hospital",08900,00100,Cost / Charge Ratio,APPORTIONMENT OF INPATIENT/OUTPATIENT ANCILLARY SERVICE OTHER PASS THROUGH COSTS,nan
D_4_HOS_C1_90,Clinic,ROLLUP,D00A184,"D, Part IV: Apportionment - Hospital",09000,00100,Cost / Charge Ratio,APPORTIONMENT OF INPATIENT/OUTPATIENT ANCILLARY SERVICE OTHER PASS THROUGH COSTS,nan
D_4_HOS_C1_91,Emergency,ROLLUP,D00A184,"D, Part IV: Apportionment - Hospital",09100,00100,Cost / Charge Ratio,APPORTIONMENT OF INPATIENT/OUTPATIENT ANCILLARY SERVICE OTHER PASS THROUGH COSTS,nan
D_4_HOS_C1_9201,Observation Beds (Distinct Unit),ROLLUP,D00A184,"D, Part IV: Apportionment - Hospital",09201,00100,Cost / Charge Ratio,APPORTIONMENT OF INPATIENT/OUTPATIENT ANCILLARY SERVICE OTHER PASS THROUGH COSTS,nan
D_4_HOS_C1_93,Other Outpatient Services,ROLLUP,D00A184,"D, Part IV: Apportionment - Hospital",09300,00100,Cost / Charge Ratio,APPORTIONMENT OF INPATIENT/OUTPATIENT ANCILLARY SERVICE OTHER PASS THROUGH COSTS,nan
D_4_HOS_C1_96,Durable Medical Equipment Rented,ROLLUP,D00A184,"D, Part IV: Apportionment - Hospital",09600,00100,Cost / Charge Ratio,APPORTIONMENT OF INPATIENT/OUTPATIENT ANCILLARY SERVICE OTHER PASS THROUGH COSTS,nan
D_4_HOS_C1_97,Durable Medical Equipment Sold,ROLLUP,D00A184,"D, Part IV: Apportionment - Hospital",09700,00100,Cost / Charge Ratio,APPORTIONMENT OF INPATIENT/OUTPATIENT ANCILLARY SERVICE OTHER PASS THROUGH COSTS,nan
D_4_HOS_C1_98,Other Reimbursable,ROLLUP,D00A184,"D, Part IV: Apportionment - Hospital",09800,00100,Cost / Charge Ratio,APPORTIONMENT OF INPATIENT/OUTPATIENT ANCILLARY SERVICE OTHER PASS THROUGH COSTS,nan
D_4_HOS_C2_51,Recovery Room,ROLLUP,D00A184,"D, Part IV: Apportionment - Hospital",05100,00200,Program Charges,APPORTIONMENT OF INPATIENT/OUTPATIENT ANCILLARY SERVICE OTHER PASS THROUGH COSTS,nan
D_4_HOS_C2_52,Delivery Room and Labor Room,ROLLUP,D00A184,"D, Part IV: Apportionment - Hospital",05200,00200,Program Charges,APPORTIONMENT OF INPATIENT/OUTPATIENT ANCILLARY SERVICE OTHER PASS THROUGH COSTS,nan
D_4_HOS_C2_59,Cardiac Catheterization,ROLLUP,D00A184,"D, Part IV: Apportionment - Hospital",05900,00200,Program Charges,APPORTIONMENT OF INPATIENT/OUTPATIENT ANCILLARY SERVICE OTHER PASS THROUGH COSTS,nan
D_4_HOS_C2_62,Whole Blood & Packed Red Blood Cells,ROLLUP,D00A184,"D, Part IV: Apportionment - Hospital",06200,00200,Program Charges,APPORTIONMENT OF INPATIENT/OUTPATIENT ANCILLARY SERVICE OTHER PASS THROUGH COSTS,nan
D_4_HOS_C2_6250,Blood Clotting Factors for Hemoph.,ROLLUP,D00A184,"D, Part IV: Apportionment - Hospital",06250,00200,Program Charges,APPORTIONMENT OF INPATIENT/OUTPATIENT ANCILLARY SERVICE OTHER PASS THROUGH COSTS,nan
D_4_HOS_C2_64,Intravenous Therapy,ROLLUP,D00A184,"D, Part IV: Apportionment - Hospital",06400,00200,Program Charges,APPORTIONMENT OF INPATIENT/OUTPATIENT ANCILLARY SERVICE OTHER PASS THROUGH COSTS,nan
D_4_HOS_C2_71,Medical Supplies Charged to Patients,ROLLUP,D00A184,"D, Part IV: Apportionment - Hospital",07100,00200,Program Charges,APPORTIONMENT OF INPATIENT/OUTPATIENT ANCILLARY SERVICE OTHER PASS THROUGH COSTS,nan
D_4_HOS_C2_72,Impl. Dev. Charged to Patients,ROLLUP,D00A184,"D, Part IV: Apportionment - Hospital",07200,00200,Program Charges,APPORTIONMENT OF INPATIENT/OUTPATIENT ANCILLARY SERVICE OTHER PASS THROUGH COSTS,nan
D_4_HOS_C2_75,ASC (Non Distinct Part),ROLLUP,D00A184,"D, Part IV: Apportionment - Hospital",07500,00200,Program Charges,APPORTIONMENT OF INPATIENT/OUTPATIENT ANCILLARY SERVICE OTHER PASS THROUGH COSTS,nan
D_4_HOS_C2_89,FQHC,ROLLUP,D00A184,"D, Part IV: Apportionment - Hospital",08900,00200,Program Charges,APPORTIONMENT OF INPATIENT/OUTPATIENT ANCILLARY SERVICE OTHER PASS THROUGH COSTS,nan
D_4_HOS_C2_9201,Observation Beds (Distinct Unit),ROLLUP,D00A184,"D, Part IV: Apportionment - Hospital",09201,00200,Program Charges,APPORTIONMENT OF INPATIENT/OUTPATIENT ANCILLARY SERVICE OTHER PASS THROUGH COSTS,nan
D_4_HOS_C2_93,Other Outpatient Services,ROLLUP,D00A184,"D, Part IV: Apportionment - Hospital",09300,00200,Program Charges,APPORTIONMENT OF INPATIENT/OUTPATIENT ANCILLARY SERVICE OTHER PASS THROUGH COSTS,nan
D_4_HOS_C2_96,Durable Medical Equipment Rented,ROLLUP,D00A184,"D, Part IV: Apportionment - Hospital",09600,00200,Program Charges,APPORTIONMENT OF INPATIENT/OUTPATIENT ANCILLARY SERVICE OTHER PASS THROUGH COSTS,nan
D_4_HOS_C2_97,Durable Medical Equipment Sold,ROLLUP,D00A184,"D, Part IV: Apportionment - Hospital",09700,00200,Program Charges,APPORTIONMENT OF INPATIENT/OUTPATIENT ANCILLARY SERVICE OTHER PASS THROUGH COSTS,nan
D_4_HOS_C2_98,Other Reimbursable,ROLLUP,D00A184,"D, Part IV: Apportionment - Hospital",09800,00200,Program Charges,APPORTIONMENT OF INPATIENT/OUTPATIENT ANCILLARY SERVICE OTHER PASS THROUGH COSTS,nan
D_4_HOS_C3_51,Recovery Room,ROLLUP,D00A184,"D, Part IV: Apportionment - Hospital",05100,00300,Program Cost,APPORTIONMENT OF INPATIENT/OUTPATIENT ANCILLARY SERVICE OTHER PASS THROUGH COSTS,nan
D_4_HOS_C3_53,Anesthesiology,ROLLUP,D00A184,"D, Part IV: Apportionment - Hospital",05300,00300,Program Cost,APPORTIONMENT OF INPATIENT/OUTPATIENT ANCILLARY SERVICE OTHER PASS THROUGH COSTS,nan
D_4_HOS_C3_55,Radiology-Therapeutic,ROLLUP,D00A184,"D, Part IV: Apportionment - Hospital",05500,00300,Program Cost,APPORTIONMENT OF INPATIENT/OUTPATIENT ANCILLARY SERVICE OTHER PASS THROUGH COSTS,nan
D_4_HOS_C3_56,Radioisotope,ROLLUP,D00A184,"D, Part IV: Apportionment - Hospital",05600,00300,Program Cost,APPORTIONMENT OF INPATIENT/OUTPATIENT ANCILLARY SERVICE OTHER PASS THROUGH COSTS,nan
D_4_HOS_C3_57,CT Scan,ROLLUP,D00A184,"D, Part IV: Apportionment - Hospital",05700,00300,Program Cost,APPORTIONMENT OF INPATIENT/OUTPATIENT ANCILLARY SERVICE OTHER PASS THROUGH COSTS,nan
D_4_HOS_C3_58,MRI,ROLLUP,D00A184,"D, Part IV: Apportionment - Hospital",05800,00300,Program Cost,APPORTIONMENT OF INPATIENT/OUTPATIENT ANCILLARY SERVICE OTHER PASS THROUGH COSTS,nan
D_4_HOS_C3_59,Cardiac Catheterization,ROLLUP,D00A184,"D, Part IV: Apportionment - Hospital",05900,00300,Program Cost,APPORTIONMENT OF INPATIENT/OUTPATIENT ANCILLARY SERVICE OTHER PASS THROUGH COSTS,nan
D_4_HOS_C3_60,Laboratory,ROLLUP,D00A184,"D, Part IV: Apportionment - Hospital",06000,00300,Program Cost,APPORTIONMENT OF INPATIENT/OUTPATIENT ANCILLARY SERVICE OTHER PASS THROUGH COSTS,nan
D_4_HOS_C3_62,Whole Blood & Packed Red Blood Cells,ROLLUP,D00A184,"D, Part IV: Apportionment - Hospital",06200,00300,Program Cost,APPORTIONMENT OF INPATIENT/OUTPATIENT ANCILLARY SERVICE OTHER PASS THROUGH COSTS,nan
D_4_HOS_C3_6250,Blood Clotting Factors for Hemoph.,ROLLUP,D00A184,"D, Part IV: Apportionment - Hospital",06250,00300,Program Cost,APPORTIONMENT OF INPATIENT/OUTPATIENT ANCILLARY SERVICE OTHER PASS THROUGH COSTS,nan
D_4_HOS_C3_63,"Blood Storing, Processing, Trans",ROLLUP,D00A184,"D, Part IV: Apportionment - Hospital",06300,00300,Program Cost,APPORTIONMENT OF INPATIENT/OUTPATIENT ANCILLARY SERVICE OTHER PASS THROUGH COSTS,nan
D_4_HOS_C3_64,Intravenous Therapy,ROLLUP,D00A184,"D, Part IV: Apportionment - Hospital",06400,00300,Program Cost,APPORTIONMENT OF INPATIENT/OUTPATIENT ANCILLARY SERVICE OTHER PASS THROUGH COSTS,nan
D_4_HOS_C3_65,Respiratory Therapy,ROLLUP,D00A184,"D, Part IV: Apportionment - Hospital",06500,00300,Program Cost,APPORTIONMENT OF INPATIENT/OUTPATIENT ANCILLARY SERVICE OTHER PASS THROUGH COSTS,nan
D_4_HOS_C3_66,Physical Therapy,ROLLUP,D00A184,"D, Part IV: Apportionment - Hospital",06600,00300,Program Cost,APPORTIONMENT OF INPATIENT/OUTPATIENT ANCILLARY SERVICE OTHER PASS THROUGH COSTS,nan
D_4_HOS_C3_67,Occupational Therapy,ROLLUP,D00A184,"D, Part IV: Apportionment - Hospital",06700,00300,Program Cost,APPORTIONMENT OF INPATIENT/OUTPATIENT ANCILLARY SERVICE OTHER PASS THROUGH COSTS,nan
D_4_HOS_C3_68,Speech Pathology,ROLLUP,D00A184,"D, Part IV: Apportionment - Hospital",06800,00300,Program Cost,APPORTIONMENT OF INPATIENT/OUTPATIENT ANCILLARY SERVICE OTHER PASS THROUGH COSTS,nan
D_4_HOS_C3_69,Electrocardiology,ROLLUP,D00A184,"D, Part IV: Apportionment - Hospital",06900,00300,Program Cost,APPORTIONMENT OF INPATIENT/OUTPATIENT ANCILLARY SERVICE OTHER PASS THROUGH COSTS,nan
D_4_HOS_C3_70,Electroencephalography,ROLLUP,D00A184,"D, Part IV: Apportionment - Hospital",07000,00300,Program Cost,APPORTIONMENT OF INPATIENT/OUTPATIENT ANCILLARY SERVICE OTHER PASS THROUGH COSTS,nan
D_4_HOS_C3_71,Medical Supplies Charged to Patients,ROLLUP,D00A184,"D, Part IV: Apportionment - Hospital",07100,00300,Program Cost,APPORTIONMENT OF INPATIENT/OUTPATIENT ANCILLARY SERVICE OTHER PASS THROUGH COSTS,nan
D_4_HOS_C3_72,Impl. Dev. Charged to Patients,ROLLUP,D00A184,"D, Part IV: Apportionment - Hospital",07200,00300,Program Cost,APPORTIONMENT OF INPATIENT/OUTPATIENT ANCILLARY SERVICE OTHER PASS THROUGH COSTS,nan
D_4_HOS_C3_75,ASC (Non Distinct Part),ROLLUP,D00A184,"D, Part IV: Apportionment - Hospital",07500,00300,Program Cost,APPORTIONMENT OF INPATIENT/OUTPATIENT ANCILLARY SERVICE OTHER PASS THROUGH COSTS,nan
D_4_HOS_C3_76,Other Ancillary,ROLLUP,D00A184,"D, Part IV: Apportionment - Hospital",07600,00300,Program Cost,APPORTIONMENT OF INPATIENT/OUTPATIENT ANCILLARY SERVICE OTHER PASS THROUGH COSTS,nan
D_4_HOS_C3_88,RHC,ROLLUP,D00A184,"D, Part IV: Apportionment - Hospital",08800,00300,Program Cost,APPORTIONMENT OF INPATIENT/OUTPATIENT ANCILLARY SERVICE OTHER PASS THROUGH COSTS,nan
D_4_HOS_C3_89,FQHC,ROLLUP,D00A184,"D, Part IV: Apportionment - Hospital",08900,00300,Program Cost,APPORTIONMENT OF INPATIENT/OUTPATIENT ANCILLARY SERVICE OTHER PASS THROUGH COSTS,nan
D_4_HOS_C3_90,Clinic,ROLLUP,D00A184,"D, Part IV: Apportionment - Hospital",09000,00300,Program Cost,APPORTIONMENT OF INPATIENT/OUTPATIENT ANCILLARY SERVICE OTHER PASS THROUGH COSTS,nan
D_4_HOS_C3_9201,Observation Beds (Distinct Unit),ROLLUP,D00A184,"D, Part IV: Apportionment - Hospital",09201,00300,Program Cost,APPORTIONMENT OF INPATIENT/OUTPATIENT ANCILLARY SERVICE OTHER PASS THROUGH COSTS,nan
D_4_HOS_C3_93,Other Outpatient Services,ROLLUP,D00A184,"D, Part IV: Apportionment - Hospital",09300,00300,Program Cost,APPORTIONMENT OF INPATIENT/OUTPATIENT ANCILLARY SERVICE OTHER PASS THROUGH COSTS,nan
D_4_HOS_C3_96,Durable Medical Equipment Rented,ROLLUP,D00A184,"D, Part IV: Apportionment - Hospital",09600,00300,Program Cost,APPORTIONMENT OF INPATIENT/OUTPATIENT ANCILLARY SERVICE OTHER PASS THROUGH COSTS,nan
D_4_HOS_C3_97,Durable Medical Equipment Sold,ROLLUP,D00A184,"D, Part IV: Apportionment - Hospital",09700,00300,Program Cost,APPORTIONMENT OF INPATIENT/OUTPATIENT ANCILLARY SERVICE OTHER PASS THROUGH COSTS,nan
D_4_HOS_C3_98,Other Reimbursable,ROLLUP,D00A184,"D, Part IV: Apportionment - Hospital",09800,00300,Program Cost,APPORTIONMENT OF INPATIENT/OUTPATIENT ANCILLARY SERVICE OTHER PASS THROUGH COSTS,nan
D_4_HOS_C4_50,Operating Room,ROLLUP,D00A184,"D, Part IV: Apportionment - Hospital",05000,00400,Title XVIII PPS Payment,APPORTIONMENT OF INPATIENT/OUTPATIENT ANCILLARY SERVICE OTHER PASS THROUGH COSTS,nan
D_4_HOS_C4_51,Recovery Room,ROLLUP,D00A184,"D, Part IV: Apportionment - Hospital",05100,00400,Title XVIII PPS Payment,APPORTIONMENT OF INPATIENT/OUTPATIENT ANCILLARY SERVICE OTHER PASS THROUGH COSTS,nan
D_4_HOS_C4_52,Delivery Room and Labor Room,ROLLUP,D00A184,"D, Part IV: Apportionment - Hospital",05200,00400,Title XVIII PPS Payment,APPORTIONMENT OF INPATIENT/OUTPATIENT ANCILLARY SERVICE OTHER PASS THROUGH COSTS,nan
D_4_HOS_C4_53,Anesthesiology,ROLLUP,D00A184,"D, Part IV: Apportionment - Hospital",05300,00400,Title XVIII PPS Payment,APPORTIONMENT OF INPATIENT/OUTPATIENT ANCILLARY SERVICE OTHER PASS THROUGH COSTS,nan
D_4_HOS_C4_54,Radiology-Diagnostic,ROLLUP,D00A184,"D, Part IV: Apportionment - Hospital",05400,00400,Title XVIII PPS Payment,APPORTIONMENT OF INPATIENT/OUTPATIENT ANCILLARY SERVICE OTHER PASS THROUGH COSTS,nan
D_4_HOS_C4_55,Radiology-Therapeutic,ROLLUP,D00A184,"D, Part IV: Apportionment - Hospital",05500,00400,Title XVIII PPS Payment,APPORTIONMENT OF INPATIENT/OUTPATIENT ANCILLARY SERVICE OTHER PASS THROUGH COSTS,nan
D_4_HOS_C4_56,Radioisotope,ROLLUP,D00A184,"D, Part IV: Apportionment - Hospital",05600,00400,Title XVIII PPS Payment,APPORTIONMENT OF INPATIENT/OUTPATIENT ANCILLARY SERVICE OTHER PASS THROUGH COSTS,nan
D_4_HOS_C4_57,CT Scan,ROLLUP,D00A184,"D, Part IV: Apportionment - Hospital",05700,00400,Title XVIII PPS Payment,APPORTIONMENT OF INPATIENT/OUTPATIENT ANCILLARY SERVICE OTHER PASS THROUGH COSTS,nan
D_4_HOS_C4_58,MRI,ROLLUP,D00A184,"D, Part IV: Apportionment - Hospital",05800,00400,Title XVIII PPS Payment,APPORTIONMENT OF INPATIENT/OUTPATIENT ANCILLARY SERVICE OTHER PASS THROUGH COSTS,nan
D_4_HOS_C4_59,Cardiac Catheterization,ROLLUP,D00A184,"D, Part IV: Apportionment - Hospital",05900,00400,Title XVIII PPS Payment,APPORTIONMENT OF INPATIENT/OUTPATIENT ANCILLARY SERVICE OTHER PASS THROUGH COSTS,nan
D_4_HOS_C4_60,Laboratory,ROLLUP,D00A184,"D, Part IV: Apportionment - Hospital",06000,00400,Title XVIII PPS Payment,APPORTIONMENT OF INPATIENT/OUTPATIENT ANCILLARY SERVICE OTHER PASS THROUGH COSTS,nan
D_4_HOS_C4_62,Whole Blood & Packed Red Blood Cells,ROLLUP,D00A184,"D, Part IV: Apportionment - Hospital",06200,00400,Title XVIII PPS Payment,APPORTIONMENT OF INPATIENT/OUTPATIENT ANCILLARY SERVICE OTHER PASS THROUGH COSTS,nan
D_4_HOS_C4_6250,Blood Clotting Factors for Hemoph.,ROLLUP,D00A184,"D, Part IV: Apportionment - Hospital",06250,00400,Title XVIII PPS Payment,APPORTIONMENT OF INPATIENT/OUTPATIENT ANCILLARY SERVICE OTHER PASS THROUGH COSTS,nan
D_4_HOS_C4_63,"Blood Storing, Processing, Trans",ROLLUP,D00A184,"D, Part IV: Apportionment - Hospital",06300,00400,Title XVIII PPS Payment,APPORTIONMENT OF INPATIENT/OUTPATIENT ANCILLARY SERVICE OTHER PASS THROUGH COSTS,nan
D_4_HOS_C4_64,Intravenous Therapy,ROLLUP,D00A184,"D, Part IV: Apportionment - Hospital",06400,00400,Title XVIII PPS Payment,APPORTIONMENT OF INPATIENT/OUTPATIENT ANCILLARY SERVICE OTHER PASS THROUGH COSTS,nan
D_4_HOS_C4_65,Respiratory Therapy,ROLLUP,D00A184,"D, Part IV: Apportionment - Hospital",06500,00400,Title XVIII PPS Payment,APPORTIONMENT OF INPATIENT/OUTPATIENT ANCILLARY SERVICE OTHER PASS THROUGH COSTS,nan
D_4_HOS_C4_66,Physical Therapy,ROLLUP,D00A184,"D, Part IV: Apportionment - Hospital",06600,00400,Title XVIII PPS Payment,APPORTIONMENT OF INPATIENT/OUTPATIENT ANCILLARY SERVICE OTHER PASS THROUGH COSTS,nan
D_4_HOS_C4_67,Occupational Therapy,ROLLUP,D00A184,"D, Part IV: Apportionment - Hospital",06700,00400,Title XVIII PPS Payment,APPORTIONMENT OF INPATIENT/OUTPATIENT ANCILLARY SERVICE OTHER PASS THROUGH COSTS,nan
D_4_HOS_C4_68,Speech Pathology,ROLLUP,D00A184,"D, Part IV: Apportionment - Hospital",06800,00400,Title XVIII PPS Payment,APPORTIONMENT OF INPATIENT/OUTPATIENT ANCILLARY SERVICE OTHER PASS THROUGH COSTS,nan
D_4_HOS_C4_69,Electrocardiology,ROLLUP,D00A184,"D, Part IV: Apportionment - Hospital",06900,00400,Title XVIII PPS Payment,APPORTIONMENT OF INPATIENT/OUTPATIENT ANCILLARY SERVICE OTHER PASS THROUGH COSTS,nan
D_4_HOS_C4_70,Electroencephalography,ROLLUP,D00A184,"D, Part IV: Apportionment - Hospital",07000,00400,Title XVIII PPS Payment,APPORTIONMENT OF INPATIENT/OUTPATIENT ANCILLARY SERVICE OTHER PASS THROUGH COSTS,nan
D_4_HOS_C4_71,Medical Supplies Charged to Patients,ROLLUP,D00A184,"D, Part IV: Apportionment - Hospital",07100,00400,Title XVIII PPS Payment,APPORTIONMENT OF INPATIENT/OUTPATIENT ANCILLARY SERVICE OTHER PASS THROUGH COSTS,nan
D_4_HOS_C4_72,Impl. Dev. Charged to Patients,ROLLUP,D00A184,"D, Part IV: Apportionment - Hospital",07200,00400,Title XVIII PPS Payment,APPORTIONMENT OF INPATIENT/OUTPATIENT ANCILLARY SERVICE OTHER PASS THROUGH COSTS,nan
D_4_HOS_C4_73,Drugs Charged to Patients,ROLLUP,D00A184,"D, Part IV: Apportionment - Hospital",07300,00400,Title XVIII PPS Payment,APPORTIONMENT OF INPATIENT/OUTPATIENT ANCILLARY SERVICE OTHER PASS THROUGH COSTS,nan
D_4_HOS_C4_75,ASC (Non Distinct Part),ROLLUP,D00A184,"D, Part IV: Apportionment - Hospital",07500,00400,Title XVIII PPS Payment,APPORTIONMENT OF INPATIENT/OUTPATIENT ANCILLARY SERVICE OTHER PASS THROUGH COSTS,nan
D_4_HOS_C4_76,Other Ancillary,ROLLUP,D00A184,"D, Part IV: Apportionment - Hospital",07600,00400,Title XVIII PPS Payment,APPORTIONMENT OF INPATIENT/OUTPATIENT ANCILLARY SERVICE OTHER PASS THROUGH COSTS,nan
D_4_HOS_C4_88,RHC,ROLLUP,D00A184,"D, Part IV: Apportionment - Hospital",08800,00400,Title XVIII PPS Payment,APPORTIONMENT OF INPATIENT/OUTPATIENT ANCILLARY SERVICE OTHER PASS THROUGH COSTS,nan
D_4_HOS_C4_89,FQHC,ROLLUP,D00A184,"D, Part IV: Apportionment - Hospital",08900,00400,Title XVIII PPS Payment,APPORTIONMENT OF INPATIENT/OUTPATIENT ANCILLARY SERVICE OTHER PASS THROUGH COSTS,nan
D_4_HOS_C4_90,Clinic,ROLLUP,D00A184,"D, Part IV: Apportionment - Hospital",09000,00400,Title XVIII PPS Payment,APPORTIONMENT OF INPATIENT/OUTPATIENT ANCILLARY SERVICE OTHER PASS THROUGH COSTS,nan
D_4_HOS_C4_91,Emergency,ROLLUP,D00A184,"D, Part IV: Apportionment - Hospital",09100,00400,Title XVIII PPS Payment,APPORTIONMENT OF INPATIENT/OUTPATIENT ANCILLARY SERVICE OTHER PASS THROUGH COSTS,nan
D_4_HOS_C4_9201,Observation Beds (Distinct Unit),ROLLUP,D00A184,"D, Part IV: Apportionment - Hospital",09201,00400,Title XVIII PPS Payment,APPORTIONMENT OF INPATIENT/OUTPATIENT ANCILLARY SERVICE OTHER PASS THROUGH COSTS,nan
D_4_HOS_C4_93,Other Outpatient Services,ROLLUP,D00A184,"D, Part IV: Apportionment - Hospital",09300,00400,Title XVIII PPS Payment,APPORTIONMENT OF INPATIENT/OUTPATIENT ANCILLARY SERVICE OTHER PASS THROUGH COSTS,nan
D_4_HOS_C4_96,Durable Medical Equipment Rented,ROLLUP,D00A184,"D, Part IV: Apportionment - Hospital",09600,00400,Title XVIII PPS Payment,APPORTIONMENT OF INPATIENT/OUTPATIENT ANCILLARY SERVICE OTHER PASS THROUGH COSTS,nan
D_4_HOS_C4_97,Durable Medical Equipment Sold,ROLLUP,D00A184,"D, Part IV: Apportionment - Hospital",09700,00400,Title XVIII PPS Payment,APPORTIONMENT OF INPATIENT/OUTPATIENT ANCILLARY SERVICE OTHER PASS THROUGH COSTS,nan
D_4_HOS_C4_98,Other Reimbursable,ROLLUP,D00A184,"D, Part IV: Apportionment - Hospital",09800,00400,Title XVIII PPS Payment,APPORTIONMENT OF INPATIENT/OUTPATIENT ANCILLARY SERVICE OTHER PASS THROUGH COSTS,nan
D_4_IPF_C11_50,Operating Room,ROLLUP,D00B184,"D, Part IV: Apportionment - IPF",05000,01100,Net Settlement Amount,APPORTIONMENT OF INPATIENT/OUTPATIENT ANCILLARY SERVICE OTHER PASS THROUGH COSTS,nan
D_4_IPF_C11_51,Recovery Room,ROLLUP,D00B184,"D, Part IV: Apportionment - IPF",05100,01100,Net Settlement Amount,APPORTIONMENT OF INPATIENT/OUTPATIENT ANCILLARY SERVICE OTHER PASS THROUGH COSTS,nan
D_4_IPF_C11_52,Delivery Room and Labor Room,ROLLUP,D00B184,"D, Part IV: Apportionment - IPF",05200,01100,Net Settlement Amount,APPORTIONMENT OF INPATIENT/OUTPATIENT ANCILLARY SERVICE OTHER PASS THROUGH COSTS,nan
D_4_IPF_C11_53,Anesthesiology,ROLLUP,D00B184,"D, Part IV: Apportionment - IPF",05300,01100,Net Settlement Amount,APPORTIONMENT OF INPATIENT/OUTPATIENT ANCILLARY SERVICE OTHER PASS THROUGH COSTS,nan
D_4_IPF_C11_55,Radiology-Therapeutic,ROLLUP,D00B184,"D, Part IV: Apportionment - IPF",05500,01100,Net Settlement Amount,APPORTIONMENT OF INPATIENT/OUTPATIENT ANCILLARY SERVICE OTHER PASS THROUGH COSTS,nan
D_4_IPF_C11_56,Radioisotope,ROLLUP,D00B184,"D, Part IV: Apportionment - IPF",05600,01100,Net Settlement Amount,APPORTIONMENT OF INPATIENT/OUTPATIENT ANCILLARY SERVICE OTHER PASS THROUGH COSTS,nan
D_4_IPF_C11_57,CT Scan,ROLLUP,D00B184,"D, Part IV: Apportionment - IPF",05700,01100,Net Settlement Amount,APPORTIONMENT OF INPATIENT/OUTPATIENT ANCILLARY SERVICE OTHER PASS THROUGH COSTS,nan
D_4_IPF_C11_58,MRI,ROLLUP,D00B184,"D, Part IV: Apportionment - IPF",05800,01100,Net Settlement Amount,APPORTIONMENT OF INPATIENT/OUTPATIENT ANCILLARY SERVICE OTHER PASS THROUGH COSTS,nan
D_4_IPF_C11_59,Cardiac Catheterization,ROLLUP,D00B184,"D, Part IV: Apportionment - IPF",05900,01100,Net Settlement Amount,APPORTIONMENT OF INPATIENT/OUTPATIENT ANCILLARY SERVICE OTHER PASS THROUGH COSTS,nan
D_4_IPF_C11_60,Laboratory,ROLLUP,D00B184,"D, Part IV: Apportionment - IPF",06000,01100,Net Settlement Amount,APPORTIONMENT OF INPATIENT/OUTPATIENT ANCILLARY SERVICE OTHER PASS THROUGH COSTS,nan
D_4_IPF_C11_62,Whole Blood & Packed Red Blood Cells,ROLLUP,D00B184,"D, Part IV: Apportionment - IPF",06200,01100,Net Settlement Amount,APPORTIONMENT OF INPATIENT/OUTPATIENT ANCILLARY SERVICE OTHER PASS THROUGH COSTS,nan
D_4_IPF_C11_6250,Blood Clotting Factors for Hemoph.,ROLLUP,D00B184,"D, Part IV: Apportionment - IPF",06250,01100,Net Settlement Amount,APPORTIONMENT OF INPATIENT/OUTPATIENT ANCILLARY SERVICE OTHER PASS THROUGH COSTS,nan
D_4_IPF_C11_63,"Blood Storing, Processing, Trans",ROLLUP,D00B184,"D, Part IV: Apportionment - IPF",06300,01100,Net Settlement Amount,APPORTIONMENT OF INPATIENT/OUTPATIENT ANCILLARY SERVICE OTHER PASS THROUGH COSTS,nan
D_4_IPF_C11_64,Intravenous Therapy,ROLLUP,D00B184,"D, Part IV: Apportionment - IPF",06400,01100,Net Settlement Amount,APPORTIONMENT OF INPATIENT/OUTPATIENT ANCILLARY SERVICE OTHER PASS THROUGH COSTS,nan
D_4_IPF_C11_65,Respiratory Therapy,ROLLUP,D00B184,"D, Part IV: Apportionment - IPF",06500,01100,Net Settlement Amount,APPORTIONMENT OF INPATIENT/OUTPATIENT ANCILLARY SERVICE OTHER PASS THROUGH COSTS,nan
D_4_IPF_C11_66,Physical Therapy,ROLLUP,D00B184,"D, Part IV: Apportionment - IPF",06600,01100,Net Settlement Amount,APPORTIONMENT OF INPATIENT/OUTPATIENT ANCILLARY SERVICE OTHER PASS THROUGH COSTS,nan
D_4_IPF_C11_67,Occupational Therapy,ROLLUP,D00B184,"D, Part IV: Apportionment - IPF",06700,01100,Net Settlement Amount,APPORTIONMENT OF INPATIENT/OUTPATIENT ANCILLARY SERVICE OTHER PASS THROUGH COSTS,nan
D_4_IPF_C11_68,Speech Pathology,ROLLUP,D00B184,"D, Part IV: Apportionment - IPF",06800,01100,Net Settlement Amount,APPORTIONMENT OF INPATIENT/OUTPATIENT ANCILLARY SERVICE OTHER PASS THROUGH COSTS,nan
D_4_IPF_C11_69,Electrocardiology,ROLLUP,D00B184,"D, Part IV: Apportionment - IPF",06900,01100,Net Settlement Amount,APPORTIONMENT OF INPATIENT/OUTPATIENT ANCILLARY SERVICE OTHER PASS THROUGH COSTS,nan
D_4_IPF_C11_70,Electroencephalography,ROLLUP,D00B184,"D, Part IV: Apportionment - IPF",07000,01100,Net Settlement Amount,APPORTIONMENT OF INPATIENT/OUTPATIENT ANCILLARY SERVICE OTHER PASS THROUGH COSTS,nan
D_4_IPF_C11_71,Medical Supplies Charged to Patients,ROLLUP,D00B184,"D, Part IV: Apportionment - IPF",07100,01100,Net Settlement Amount,APPORTIONMENT OF INPATIENT/OUTPATIENT ANCILLARY SERVICE OTHER PASS THROUGH COSTS,nan
D_4_IPF_C11_72,Impl. Dev. Charged to Patients,ROLLUP,D00B184,"D, Part IV: Apportionment - IPF",07200,01100,Net Settlement Amount,APPORTIONMENT OF INPATIENT/OUTPATIENT ANCILLARY SERVICE OTHER PASS THROUGH COSTS,nan
D_4_IPF_C11_75,ASC (Non Distinct Part),ROLLUP,D00B184,"D, Part IV: Apportionment - IPF",07500,01100,Net Settlement Amount,APPORTIONMENT OF INPATIENT/OUTPATIENT ANCILLARY SERVICE OTHER PASS THROUGH COSTS,nan
D_4_IPF_C11_76,Other Ancillary,ROLLUP,D00B184,"D, Part IV: Apportionment - IPF",07600,01100,Net Settlement Amount,APPORTIONMENT OF INPATIENT/OUTPATIENT ANCILLARY SERVICE OTHER PASS THROUGH COSTS,nan
D_4_IPF_C11_88,RHC,ROLLUP,D00B184,"D, Part IV: Apportionment - IPF",08800,01100,Net Settlement Amount,APPORTIONMENT OF INPATIENT/OUTPATIENT ANCILLARY SERVICE OTHER PASS THROUGH COSTS,nan
D_4_IPF_C11_89,FQHC,ROLLUP,D00B184,"D, Part IV: Apportionment - IPF",08900,01100,Net Settlement Amount,APPORTIONMENT OF INPATIENT/OUTPATIENT ANCILLARY SERVICE OTHER PASS THROUGH COSTS,nan
D_4_IPF_C11_90,Clinic,ROLLUP,D00B184,"D, Part IV: Apportionment - IPF",09000,01100,Net Settlement Amount,APPORTIONMENT OF INPATIENT/OUTPATIENT ANCILLARY SERVICE OTHER PASS THROUGH COSTS,nan
D_4_IPF_C11_9201,Observation Beds (Distinct Unit),ROLLUP,D00B184,"D, Part IV: Apportionment - IPF",09201,01100,Net Settlement Amount,APPORTIONMENT OF INPATIENT/OUTPATIENT ANCILLARY SERVICE OTHER PASS THROUGH COSTS,nan
D_4_IPF_C11_93,Other Outpatient Services,ROLLUP,D00B184,"D, Part IV: Apportionment - IPF",09300,01100,Net Settlement Amount,APPORTIONMENT OF INPATIENT/OUTPATIENT ANCILLARY SERVICE OTHER PASS THROUGH COSTS,nan
D_4_IPF_C11_96,Durable Medical Equipment Rented,ROLLUP,D00B184,"D, Part IV: Apportionment - IPF",09600,01100,Net Settlement Amount,APPORTIONMENT OF INPATIENT/OUTPATIENT ANCILLARY SERVICE OTHER PASS THROUGH COSTS,nan
D_4_IPF_C11_97,Durable Medical Equipment Sold,ROLLUP,D00B184,"D, Part IV: Apportionment - IPF",09700,01100,Net Settlement Amount,APPORTIONMENT OF INPATIENT/OUTPATIENT ANCILLARY SERVICE OTHER PASS THROUGH COSTS,nan
D_4_IPF_C11_98,Other Reimbursable,ROLLUP,D00B184,"D, Part IV: Apportionment - IPF",09800,01100,Net Settlement Amount,APPORTIONMENT OF INPATIENT/OUTPATIENT ANCILLARY SERVICE OTHER PASS THROUGH COSTS,nan
D_4_IPF_C13_50,Operating Room,ROLLUP,D00B184,"D, Part IV: Apportionment - IPF",05000,01300,Amount Due To/From Program,APPORTIONMENT OF INPATIENT/OUTPATIENT ANCILLARY SERVICE OTHER PASS THROUGH COSTS,nan
D_4_IPF_C13_51,Recovery Room,ROLLUP,D00B184,"D, Part IV: Apportionment - IPF",05100,01300,Amount Due To/From Program,APPORTIONMENT OF INPATIENT/OUTPATIENT ANCILLARY SERVICE OTHER PASS THROUGH COSTS,nan
D_4_IPF_C13_52,Delivery Room and Labor Room,ROLLUP,D00B184,"D, Part IV: Apportionment - IPF",05200,01300,Amount Due To/From Program,APPORTIONMENT OF INPATIENT/OUTPATIENT ANCILLARY SERVICE OTHER PASS THROUGH COSTS,nan
D_4_IPF_C13_53,Anesthesiology,ROLLUP,D00B184,"D, Part IV: Apportionment - IPF",05300,01300,Amount Due To/From Program,APPORTIONMENT OF INPATIENT/OUTPATIENT ANCILLARY SERVICE OTHER PASS THROUGH COSTS,nan
D_4_IPF_C13_54,Radiology-Diagnostic,ROLLUP,D00B184,"D, Part IV: Apportionment - IPF",05400,01300,Amount Due To/From Program,APPORTIONMENT OF INPATIENT/OUTPATIENT ANCILLARY SERVICE OTHER PASS THROUGH COSTS,nan
D_4_IPF_C13_55,Radiology-Therapeutic,ROLLUP,D00B184,"D, Part IV: Apportionment - IPF",05500,01300,Amount Due To/From Program,APPORTIONMENT OF INPATIENT/OUTPATIENT ANCILLARY SERVICE OTHER PASS THROUGH COSTS,nan
D_4_IPF_C13_56,Radioisotope,ROLLUP,D00B184,"D, Part IV: Apportionment - IPF",05600,01300,Amount Due To/From Program,APPORTIONMENT OF INPATIENT/OUTPATIENT ANCILLARY SERVICE OTHER PASS THROUGH COSTS,nan
D_4_IPF_C13_57,CT Scan,ROLLUP,D00B184,"D, Part IV: Apportionment - IPF",05700,01300,Amount Due To/From Program,APPORTIONMENT OF INPATIENT/OUTPATIENT ANCILLARY SERVICE OTHER PASS THROUGH COSTS,nan
D_4_IPF_C13_58,MRI,ROLLUP,D00B184,"D, Part IV: Apportionment - IPF",05800,01300,Amount Due To/From Program,APPORTIONMENT OF INPATIENT/OUTPATIENT ANCILLARY SERVICE OTHER PASS THROUGH COSTS,nan
D_4_IPF_C13_59,Cardiac Catheterization,ROLLUP,D00B184,"D, Part IV: Apportionment - IPF",05900,01300,Amount Due To/From Program,APPORTIONMENT OF INPATIENT/OUTPATIENT ANCILLARY SERVICE OTHER PASS THROUGH COSTS,nan
D_4_IPF_C13_60,Laboratory,ROLLUP,D00B184,"D, Part IV: Apportionment - IPF",06000,01300,Amount Due To/From Program,APPORTIONMENT OF INPATIENT/OUTPATIENT ANCILLARY SERVICE OTHER PASS THROUGH COSTS,nan
D_4_IPF_C13_62,Whole Blood & Packed Red Blood Cells,ROLLUP,D00B184,"D, Part IV: Apportionment - IPF",06200,01300,Amount Due To/From Program,APPORTIONMENT OF INPATIENT/OUTPATIENT ANCILLARY SERVICE OTHER PASS THROUGH COSTS,nan
D_4_IPF_C13_6250,Blood Clotting Factors for Hemoph.,ROLLUP,D00B184,"D, Part IV: Apportionment - IPF",06250,01300,Amount Due To/From Program,APPORTIONMENT OF INPATIENT/OUTPATIENT ANCILLARY SERVICE OTHER PASS THROUGH COSTS,nan
D_4_IPF_C13_63,"Blood Storing, Processing, Trans",ROLLUP,D00B184,"D, Part IV: Apportionment - IPF",06300,01300,Amount Due To/From Program,APPORTIONMENT OF INPATIENT/OUTPATIENT ANCILLARY SERVICE OTHER PASS THROUGH COSTS,nan
D_4_IPF_C13_64,Intravenous Therapy,ROLLUP,D00B184,"D, Part IV: Apportionment - IPF",06400,01300,Amount Due To/From Program,APPORTIONMENT OF INPATIENT/OUTPATIENT ANCILLARY SERVICE OTHER PASS THROUGH COSTS,nan
D_4_IPF_C13_65,Respiratory Therapy,ROLLUP,D00B184,"D, Part IV: Apportionment - IPF",06500,01300,Amount Due To/From Program,APPORTIONMENT OF INPATIENT/OUTPATIENT ANCILLARY SERVICE OTHER PASS THROUGH COSTS,nan
D_4_IPF_C13_66,Physical Therapy,ROLLUP,D00B184,"D, Part IV: Apportionment - IPF",06600,01300,Amount Due To/From Program,APPORTIONMENT OF INPATIENT/OUTPATIENT ANCILLARY SERVICE OTHER PASS THROUGH COSTS,nan
D_4_IPF_C13_67,Occupational Therapy,ROLLUP,D00B184,"D, Part IV: Apportionment - IPF",06700,01300,Amount Due To/From Program,APPORTIONMENT OF INPATIENT/OUTPATIENT ANCILLARY SERVICE OTHER PASS THROUGH COSTS,nan
D_4_IPF_C13_68,Speech Pathology,ROLLUP,D00B184,"D, Part IV: Apportionment - IPF",06800,01300,Amount Due To/From Program,APPORTIONMENT OF INPATIENT/OUTPATIENT ANCILLARY SERVICE OTHER PASS THROUGH COSTS,nan
D_4_IPF_C13_69,Electrocardiology,ROLLUP,D00B184,"D, Part IV: Apportionment - IPF",06900,01300,Amount Due To/From Program,APPORTIONMENT OF INPATIENT/OUTPATIENT ANCILLARY SERVICE OTHER PASS THROUGH COSTS,nan
D_4_IPF_C13_70,Electroencephalography,ROLLUP,D00B184,"D, Part IV: Apportionment - IPF",07000,01300,Amount Due To/From Program,APPORTIONMENT OF INPATIENT/OUTPATIENT ANCILLARY SERVICE OTHER PASS THROUGH COSTS,nan
D_4_IPF_C13_71,Medical Supplies Charged to Patients,ROLLUP,D00B184,"D, Part IV: Apportionment - IPF",07100,01300,Amount Due To/From Program,APPORTIONMENT OF INPATIENT/OUTPATIENT ANCILLARY SERVICE OTHER PASS THROUGH COSTS,nan
D_4_IPF_C13_72,Impl. Dev. Charged to Patients,ROLLUP,D00B184,"D, Part IV: Apportionment - IPF",07200,01300,Amount Due To/From Program,APPORTIONMENT OF INPATIENT/OUTPATIENT ANCILLARY SERVICE OTHER PASS THROUGH COSTS,nan
D_4_IPF_C13_73,Drugs Charged to Patients,ROLLUP,D00B184,"D, Part IV: Apportionment - IPF",07300,01300,Amount Due To/From Program,APPORTIONMENT OF INPATIENT/OUTPATIENT ANCILLARY SERVICE OTHER PASS THROUGH COSTS,nan
D_4_IPF_C13_75,ASC (Non Distinct Part),ROLLUP,D00B184,"D, Part IV: Apportionment - IPF",07500,01300,Amount Due To/From Program,APPORTIONMENT OF INPATIENT/OUTPATIENT ANCILLARY SERVICE OTHER PASS THROUGH COSTS,nan
D_4_IPF_C13_76,Other Ancillary,ROLLUP,D00B184,"D, Part IV: Apportionment - IPF",07600,01300,Amount Due To/From Program,APPORTIONMENT OF INPATIENT/OUTPATIENT ANCILLARY SERVICE OTHER PASS THROUGH COSTS,nan
D_4_IPF_C13_88,RHC,ROLLUP,D00B184,"D, Part IV: Apportionment - IPF",08800,01300,Amount Due To/From Program,APPORTIONMENT OF INPATIENT/OUTPATIENT ANCILLARY SERVICE OTHER PASS THROUGH COSTS,nan
D_4_IPF_C13_89,FQHC,ROLLUP,D00B184,"D, Part IV: Apportionment - IPF",08900,01300,Amount Due To/From Program,APPORTIONMENT OF INPATIENT/OUTPATIENT ANCILLARY SERVICE OTHER PASS THROUGH COSTS,nan
D_4_IPF_C13_90,Clinic,ROLLUP,D00B184,"D, Part IV: Apportionment - IPF",09000,01300,Amount Due To/From Program,APPORTIONMENT OF INPATIENT/OUTPATIENT ANCILLARY SERVICE OTHER PASS THROUGH COSTS,nan
D_4_IPF_C13_91,Emergency,ROLLUP,D00B184,"D, Part IV: Apportionment - IPF",09100,01300,Amount Due To/From Program,APPORTIONMENT OF INPATIENT/OUTPATIENT ANCILLARY SERVICE OTHER PASS THROUGH COSTS,nan
D_4_IPF_C13_9201,Observation Beds (Distinct Unit),ROLLUP,D00B184,"D, Part IV: Apportionment - IPF",09201,01300,Amount Due To/From Program,APPORTIONMENT OF INPATIENT/OUTPATIENT ANCILLARY SERVICE OTHER PASS THROUGH COSTS,nan
D_4_IPF_C13_93,Other Outpatient Services,ROLLUP,D00B184,"D, Part IV: Apportionment - IPF",09300,01300,Amount Due To/From Program,APPORTIONMENT OF INPATIENT/OUTPATIENT ANCILLARY SERVICE OTHER PASS THROUGH COSTS,nan
D_4_IPF_C13_96,Durable Medical Equipment Rented,ROLLUP,D00B184,"D, Part IV: Apportionment - IPF",09600,01300,Amount Due To/From Program,APPORTIONMENT OF INPATIENT/OUTPATIENT ANCILLARY SERVICE OTHER PASS THROUGH COSTS,nan
D_4_IPF_C13_97,Durable Medical Equipment Sold,ROLLUP,D00B184,"D, Part IV: Apportionment - IPF",09700,01300,Amount Due To/From Program,APPORTIONMENT OF INPATIENT/OUTPATIENT ANCILLARY SERVICE OTHER PASS THROUGH COSTS,nan
D_4_IPF_C13_98,Other Reimbursable,ROLLUP,D00B184,"D, Part IV: Apportionment - IPF",09800,01300,Amount Due To/From Program,APPORTIONMENT OF INPATIENT/OUTPATIENT ANCILLARY SERVICE OTHER PASS THROUGH COSTS,nan
D_4_IRF_C11_51,Recovery Room,ROLLUP,D00C184,"D, Part IV: Apportionment - IRF",05100,01100,Net Settlement Amount,APPORTIONMENT OF INPATIENT/OUTPATIENT ANCILLARY SERVICE OTHER PASS THROUGH COSTS,nan
D_4_IRF_C11_52,Delivery Room and Labor Room,ROLLUP,D00C184,"D, Part IV: Apportionment - IRF",05200,01100,Net Settlement Amount,APPORTIONMENT OF INPATIENT/OUTPATIENT ANCILLARY SERVICE OTHER PASS THROUGH COSTS,nan
D_4_IRF_C11_53,Anesthesiology,ROLLUP,D00C184,"D, Part IV: Apportionment - IRF",05300,01100,Net Settlement Amount,APPORTIONMENT OF INPATIENT/OUTPATIENT ANCILLARY SERVICE OTHER PASS THROUGH COSTS,nan
D_4_IRF_C11_56,Radioisotope,ROLLUP,D00C184,"D, Part IV: Apportionment - IRF",05600,01100,Net Settlement Amount,APPORTIONMENT OF INPATIENT/OUTPATIENT ANCILLARY SERVICE OTHER PASS THROUGH COSTS,nan
D_4_IRF_C11_59,Cardiac Catheterization,ROLLUP,D00C184,"D, Part IV: Apportionment - IRF",05900,01100,Net Settlement Amount,APPORTIONMENT OF INPATIENT/OUTPATIENT ANCILLARY SERVICE OTHER PASS THROUGH COSTS,nan
D_4_IRF_C11_62,Whole Blood & Packed Red Blood Cells,ROLLUP,D00C184,"D, Part IV: Apportionment - IRF",06200,01100,Net Settlement Amount,APPORTIONMENT OF INPATIENT/OUTPATIENT ANCILLARY SERVICE OTHER PASS THROUGH COSTS,nan
D_4_IRF_C11_6250,Blood Clotting Factors for Hemoph.,ROLLUP,D00C184,"D, Part IV: Apportionment - IRF",06250,01100,Net Settlement Amount,APPORTIONMENT OF INPATIENT/OUTPATIENT ANCILLARY SERVICE OTHER PASS THROUGH COSTS,nan
D_4_IRF_C11_64,Intravenous Therapy,ROLLUP,D00C184,"D, Part IV: Apportionment - IRF",06400,01100,Net Settlement Amount,APPORTIONMENT OF INPATIENT/OUTPATIENT ANCILLARY SERVICE OTHER PASS THROUGH COSTS,nan
D_4_IRF_C11_71,Medical Supplies Charged to Patients,ROLLUP,D00C184,"D, Part IV: Apportionment - IRF",07100,01100,Net Settlement Amount,APPORTIONMENT OF INPATIENT/OUTPATIENT ANCILLARY SERVICE OTHER PASS THROUGH COSTS,nan
D_4_IRF_C11_72,Impl. Dev. Charged to Patients,ROLLUP,D00C184,"D, Part IV: Apportionment - IRF",07200,01100,Net Settlement Amount,APPORTIONMENT OF INPATIENT/OUTPATIENT ANCILLARY SERVICE OTHER PASS THROUGH COSTS,nan
D_4_IRF_C11_75,ASC (Non Distinct Part),ROLLUP,D00C184,"D, Part IV: Apportionment - IRF",07500,01100,Net Settlement Amount,APPORTIONMENT OF INPATIENT/OUTPATIENT ANCILLARY SERVICE OTHER PASS THROUGH COSTS,nan
D_4_IRF_C11_76,Other Ancillary,ROLLUP,D00C184,"D, Part IV: Apportionment - IRF",07600,01100,Net Settlement Amount,APPORTIONMENT OF INPATIENT/OUTPATIENT ANCILLARY SERVICE OTHER PASS THROUGH COSTS,nan
D_4_IRF_C11_88,RHC,ROLLUP,D00C184,"D, Part IV: Apportionment - IRF",08800,01100,Net Settlement Amount,APPORTIONMENT OF INPATIENT/OUTPATIENT ANCILLARY SERVICE OTHER PASS THROUGH COSTS,nan
D_4_IRF_C11_89,FQHC,ROLLUP,D00C184,"D, Part IV: Apportionment - IRF",08900,01100,Net Settlement Amount,APPORTIONMENT OF INPATIENT/OUTPATIENT ANCILLARY SERVICE OTHER PASS THROUGH COSTS,nan
D_4_IRF_C11_9201,Observation Beds (Distinct Unit),ROLLUP,D00C184,"D, Part IV: Apportionment - IRF",09201,01100,Net Settlement Amount,APPORTIONMENT OF INPATIENT/OUTPATIENT ANCILLARY SERVICE OTHER PASS THROUGH COSTS,nan
D_4_IRF_C11_93,Other Outpatient Services,ROLLUP,D00C184,"D, Part IV: Apportionment - IRF",09300,01100,Net Settlement Amount,APPORTIONMENT OF INPATIENT/OUTPATIENT ANCILLARY SERVICE OTHER PASS THROUGH COSTS,nan
D_4_IRF_C11_96,Durable Medical Equipment Rented,ROLLUP,D00C184,"D, Part IV: Apportionment - IRF",09600,01100,Net Settlement Amount,APPORTIONMENT OF INPATIENT/OUTPATIENT ANCILLARY SERVICE OTHER PASS THROUGH COSTS,nan
D_4_IRF_C11_97,Durable Medical Equipment Sold,ROLLUP,D00C184,"D, Part IV: Apportionment - IRF",09700,01100,Net Settlement Amount,APPORTIONMENT OF INPATIENT/OUTPATIENT ANCILLARY SERVICE OTHER PASS THROUGH COSTS,nan
D_4_IRF_C11_98,Other Reimbursable,ROLLUP,D00C184,"D, Part IV: Apportionment - IRF",09800,01100,Net Settlement Amount,APPORTIONMENT OF INPATIENT/OUTPATIENT ANCILLARY SERVICE OTHER PASS THROUGH COSTS,nan
D_4_IRF_C13_50,Operating Room,ROLLUP,D00C184,"D, Part IV: Apportionment - IRF",05000,01300,Amount Due To/From Program,APPORTIONMENT OF INPATIENT/OUTPATIENT ANCILLARY SERVICE OTHER PASS THROUGH COSTS,nan
D_4_IRF_C13_51,Recovery Room,ROLLUP,D00C184,"D, Part IV: Apportionment - IRF",05100,01300,Amount Due To/From Program,APPORTIONMENT OF INPATIENT/OUTPATIENT ANCILLARY SERVICE OTHER PASS THROUGH COSTS,nan
D_4_IRF_C13_52,Delivery Room and Labor Room,ROLLUP,D00C184,"D, Part IV: Apportionment - IRF",05200,01300,Amount Due To/From Program,APPORTIONMENT OF INPATIENT/OUTPATIENT ANCILLARY SERVICE OTHER PASS THROUGH COSTS,nan
D_4_IRF_C13_53,Anesthesiology,ROLLUP,D00C184,"D, Part IV: Apportionment - IRF",05300,01300,Amount Due To/From Program,APPORTIONMENT OF INPATIENT/OUTPATIENT ANCILLARY SERVICE OTHER PASS THROUGH COSTS,nan
D_4_IRF_C13_54,Radiology-Diagnostic,ROLLUP,D00C184,"D, Part IV: Apportionment - IRF",05400,01300,Amount Due To/From Program,APPORTIONMENT OF INPATIENT/OUTPATIENT ANCILLARY SERVICE OTHER PASS THROUGH COSTS,nan
D_4_IRF_C13_55,Radiology-Therapeutic,ROLLUP,D00C184,"D, Part IV: Apportionment - IRF",05500,01300,Amount Due To/From Program,APPORTIONMENT OF INPATIENT/OUTPATIENT ANCILLARY SERVICE OTHER PASS THROUGH COSTS,nan
D_4_IRF_C13_56,Radioisotope,ROLLUP,D00C184,"D, Part IV: Apportionment - IRF",05600,01300,Amount Due To/From Program,APPORTIONMENT OF INPATIENT/OUTPATIENT ANCILLARY SERVICE OTHER PASS THROUGH COSTS,nan
D_4_IRF_C13_57,CT Scan,ROLLUP,D00C184,"D, Part IV: Apportionment - IRF",05700,01300,Amount Due To/From Program,APPORTIONMENT OF INPATIENT/OUTPATIENT ANCILLARY SERVICE OTHER PASS THROUGH COSTS,nan
D_4_IRF_C13_58,MRI,ROLLUP,D00C184,"D, Part IV: Apportionment - IRF",05800,01300,Amount Due To/From Program,APPORTIONMENT OF INPATIENT/OUTPATIENT ANCILLARY SERVICE OTHER PASS THROUGH COSTS,nan
D_4_IRF_C13_59,Cardiac Catheterization,ROLLUP,D00C184,"D, Part IV: Apportionment - IRF",05900,01300,Amount Due To/From Program,APPORTIONMENT OF INPATIENT/OUTPATIENT ANCILLARY SERVICE OTHER PASS THROUGH COSTS,nan
D_4_IRF_C13_60,Laboratory,ROLLUP,D00C184,"D, Part IV: Apportionment - IRF",06000,01300,Amount Due To/From Program,APPORTIONMENT OF INPATIENT/OUTPATIENT ANCILLARY SERVICE OTHER PASS THROUGH COSTS,nan
D_4_IRF_C13_62,Whole Blood & Packed Red Blood Cells,ROLLUP,D00C184,"D, Part IV: Apportionment - IRF",06200,01300,Amount Due To/From Program,APPORTIONMENT OF INPATIENT/OUTPATIENT ANCILLARY SERVICE OTHER PASS THROUGH COSTS,nan
D_4_IRF_C13_6250,Blood Clotting Factors for Hemoph.,ROLLUP,D00C184,"D, Part IV: Apportionment - IRF",06250,01300,Amount Due To/From Program,APPORTIONMENT OF INPATIENT/OUTPATIENT ANCILLARY SERVICE OTHER PASS THROUGH COSTS,nan
D_4_IRF_C13_63,"Blood Storing, Processing, Trans",ROLLUP,D00C184,"D, Part IV: Apportionment - IRF",06300,01300,Amount Due To/From Program,APPORTIONMENT OF INPATIENT/OUTPATIENT ANCILLARY SERVICE OTHER PASS THROUGH COSTS,nan
D_4_IRF_C13_64,Intravenous Therapy,ROLLUP,D00C184,"D, Part IV: Apportionment - IRF",06400,01300,Amount Due To/From Program,APPORTIONMENT OF INPATIENT/OUTPATIENT ANCILLARY SERVICE OTHER PASS THROUGH COSTS,nan
D_4_IRF_C13_65,Respiratory Therapy,ROLLUP,D00C184,"D, Part IV: Apportionment - IRF",06500,01300,Amount Due To/From Program,APPORTIONMENT OF INPATIENT/OUTPATIENT ANCILLARY SERVICE OTHER PASS THROUGH COSTS,nan
D_4_IRF_C13_66,Physical Therapy,ROLLUP,D00C184,"D, Part IV: Apportionment - IRF",06600,01300,Amount Due To/From Program,APPORTIONMENT OF INPATIENT/OUTPATIENT ANCILLARY SERVICE OTHER PASS THROUGH COSTS,nan
D_4_IRF_C13_67,Occupational Therapy,ROLLUP,D00C184,"D, Part IV: Apportionment - IRF",06700,01300,Amount Due To/From Program,APPORTIONMENT OF INPATIENT/OUTPATIENT ANCILLARY SERVICE OTHER PASS THROUGH COSTS,nan
D_4_IRF_C13_68,Speech Pathology,ROLLUP,D00C184,"D, Part IV: Apportionment - IRF",06800,01300,Amount Due To/From Program,APPORTIONMENT OF INPATIENT/OUTPATIENT ANCILLARY SERVICE OTHER PASS THROUGH COSTS,nan
D_4_IRF_C13_69,Electrocardiology,ROLLUP,D00C184,"D, Part IV: Apportionment - IRF",06900,01300,Amount Due To/From Program,APPORTIONMENT OF INPATIENT/OUTPATIENT ANCILLARY SERVICE OTHER PASS THROUGH COSTS,nan
D_4_IRF_C13_70,Electroencephalography,ROLLUP,D00C184,"D, Part IV: Apportionment - IRF",07000,01300,Amount Due To/From Program,APPORTIONMENT OF INPATIENT/OUTPATIENT ANCILLARY SERVICE OTHER PASS THROUGH COSTS,nan
D_4_IRF_C13_71,Medical Supplies Charged to Patients,ROLLUP,D00C184,"D, Part IV: Apportionment - IRF",07100,01300,Amount Due To/From Program,APPORTIONMENT OF INPATIENT/OUTPATIENT ANCILLARY SERVICE OTHER PASS THROUGH COSTS,nan
D_4_IRF_C13_72,Impl. Dev. Charged to Patients,ROLLUP,D00C184,"D, Part IV: Apportionment - IRF",07200,01300,Amount Due To/From Program,APPORTIONMENT OF INPATIENT/OUTPATIENT ANCILLARY SERVICE OTHER PASS THROUGH COSTS,nan
D_4_IRF_C13_73,Drugs Charged to Patients,ROLLUP,D00C184,"D, Part IV: Apportionment - IRF",07300,01300,Amount Due To/From Program,APPORTIONMENT OF INPATIENT/OUTPATIENT ANCILLARY SERVICE OTHER PASS THROUGH COSTS,nan
D_4_IRF_C13_75,ASC (Non Distinct Part),ROLLUP,D00C184,"D, Part IV: Apportionment - IRF",07500,01300,Amount Due To/From Program,APPORTIONMENT OF INPATIENT/OUTPATIENT ANCILLARY SERVICE OTHER PASS THROUGH COSTS,nan
D_4_IRF_C13_76,Other Ancillary,ROLLUP,D00C184,"D, Part IV: Apportionment - IRF",07600,01300,Amount Due To/From Program,APPORTIONMENT OF INPATIENT/OUTPATIENT ANCILLARY SERVICE OTHER PASS THROUGH COSTS,nan
D_4_IRF_C13_88,RHC,ROLLUP,D00C184,"D, Part IV: Apportionment - IRF",08800,01300,Amount Due To/From Program,APPORTIONMENT OF INPATIENT/OUTPATIENT ANCILLARY SERVICE OTHER PASS THROUGH COSTS,nan
D_4_IRF_C13_89,FQHC,ROLLUP,D00C184,"D, Part IV: Apportionment - IRF",08900,01300,Amount Due To/From Program,APPORTIONMENT OF INPATIENT/OUTPATIENT ANCILLARY SERVICE OTHER PASS THROUGH COSTS,nan
D_4_IRF_C13_90,Clinic,ROLLUP,D00C184,"D, Part IV: Apportionment - IRF",09000,01300,Amount Due To/From Program,APPORTIONMENT OF INPATIENT/OUTPATIENT ANCILLARY SERVICE OTHER PASS THROUGH COSTS,nan
D_4_IRF_C13_91,Emergency,ROLLUP,D00C184,"D, Part IV: Apportionment - IRF",09100,01300,Amount Due To/From Program,APPORTIONMENT OF INPATIENT/OUTPATIENT ANCILLARY SERVICE OTHER PASS THROUGH COSTS,nan
D_4_IRF_C13_9201,Observation Beds (Distinct Unit),ROLLUP,D00C184,"D, Part IV: Apportionment - IRF",09201,01300,Amount Due To/From Program,APPORTIONMENT OF INPATIENT/OUTPATIENT ANCILLARY SERVICE OTHER PASS THROUGH COSTS,nan
D_4_IRF_C13_93,Other Outpatient Services,ROLLUP,D00C184,"D, Part IV: Apportionment - IRF",09300,01300,Amount Due To/From Program,APPORTIONMENT OF INPATIENT/OUTPATIENT ANCILLARY SERVICE OTHER PASS THROUGH COSTS,nan
D_4_IRF_C13_96,Durable Medical Equipment Rented,ROLLUP,D00C184,"D, Part IV: Apportionment - IRF",09600,01300,Amount Due To/From Program,APPORTIONMENT OF INPATIENT/OUTPATIENT ANCILLARY SERVICE OTHER PASS THROUGH COSTS,nan
D_4_IRF_C13_97,Durable Medical Equipment Sold,ROLLUP,D00C184,"D, Part IV: Apportionment - IRF",09700,01300,Amount Due To/From Program,APPORTIONMENT OF INPATIENT/OUTPATIENT ANCILLARY SERVICE OTHER PASS THROUGH COSTS,nan
D_4_IRF_C13_98,Other Reimbursable,ROLLUP,D00C184,"D, Part IV: Apportionment - IRF",09800,01300,Amount Due To/From Program,APPORTIONMENT OF INPATIENT/OUTPATIENT ANCILLARY SERVICE OTHER PASS THROUGH COSTS,nan
D_4_SNF_C11_50,Operating Room,ROLLUP,D00E184,"D, Part IV: Apportionment - SNF",05000,01100,Net Settlement Amount,APPORTIONMENT OF INPATIENT/OUTPATIENT ANCILLARY SERVICE OTHER PASS THROUGH COSTS,nan
D_4_SNF_C11_51,Recovery Room,ROLLUP,D00E184,"D, Part IV: Apportionment - SNF",05100,01100,Net Settlement Amount,APPORTIONMENT OF INPATIENT/OUTPATIENT ANCILLARY SERVICE OTHER PASS THROUGH COSTS,nan
D_4_SNF_C11_52,Delivery Room and Labor Room,ROLLUP,D00E184,"D, Part IV: Apportionment - SNF",05200,01100,Net Settlement Amount,APPORTIONMENT OF INPATIENT/OUTPATIENT ANCILLARY SERVICE OTHER PASS THROUGH COSTS,nan
D_4_SNF_C11_53,Anesthesiology,ROLLUP,D00E184,"D, Part IV: Apportionment - SNF",05300,01100,Net Settlement Amount,APPORTIONMENT OF INPATIENT/OUTPATIENT ANCILLARY SERVICE OTHER PASS THROUGH COSTS,nan
D_4_SNF_C11_54,Radiology-Diagnostic,ROLLUP,D00E184,"D, Part IV: Apportionment - SNF",05400,01100,Net Settlement Amount,APPORTIONMENT OF INPATIENT/OUTPATIENT ANCILLARY SERVICE OTHER PASS THROUGH COSTS,nan
D_4_SNF_C11_55,Radiology-Therapeutic,ROLLUP,D00E184,"D, Part IV: Apportionment - SNF",05500,01100,Net Settlement Amount,APPORTIONMENT OF INPATIENT/OUTPATIENT ANCILLARY SERVICE OTHER PASS THROUGH COSTS,nan
D_4_SNF_C11_56,Radioisotope,ROLLUP,D00E184,"D, Part IV: Apportionment - SNF",05600,01100,Net Settlement Amount,APPORTIONMENT OF INPATIENT/OUTPATIENT ANCILLARY SERVICE OTHER PASS THROUGH COSTS,nan
D_4_SNF_C11_57,CT Scan,ROLLUP,D00E184,"D, Part IV: Apportionment - SNF",05700,01100,Net Settlement Amount,APPORTIONMENT OF INPATIENT/OUTPATIENT ANCILLARY SERVICE OTHER PASS THROUGH COSTS,nan
D_4_SNF_C11_58,MRI,ROLLUP,D00E184,"D, Part IV: Apportionment - SNF",05800,01100,Net Settlement Amount,APPORTIONMENT OF INPATIENT/OUTPATIENT ANCILLARY SERVICE OTHER PASS THROUGH COSTS,nan
D_4_SNF_C11_59,Cardiac Catheterization,ROLLUP,D00E184,"D, Part IV: Apportionment - SNF",05900,01100,Net Settlement Amount,APPORTIONMENT OF INPATIENT/OUTPATIENT ANCILLARY SERVICE OTHER PASS THROUGH COSTS,nan
D_4_SNF_C11_60,Laboratory,ROLLUP,D00E184,"D, Part IV: Apportionment - SNF",06000,01100,Net Settlement Amount,APPORTIONMENT OF INPATIENT/OUTPATIENT ANCILLARY SERVICE OTHER PASS THROUGH COSTS,nan
D_4_SNF_C11_62,Whole Blood & Packed Red Blood Cells,ROLLUP,D00E184,"D, Part IV: Apportionment - SNF",06200,01100,Net Settlement Amount,APPORTIONMENT OF INPATIENT/OUTPATIENT ANCILLARY SERVICE OTHER PASS THROUGH COSTS,nan
D_4_SNF_C11_6250,Blood Clotting Factors for Hemoph.,ROLLUP,D00E184,"D, Part IV: Apportionment - SNF",06250,01100,Net Settlement Amount,APPORTIONMENT OF INPATIENT/OUTPATIENT ANCILLARY SERVICE OTHER PASS THROUGH COSTS,nan
D_4_SNF_C11_63,"Blood Storing, Processing, Trans",ROLLUP,D00E184,"D, Part IV: Apportionment - SNF",06300,01100,Net Settlement Amount,APPORTIONMENT OF INPATIENT/OUTPATIENT ANCILLARY SERVICE OTHER PASS THROUGH COSTS,nan
D_4_SNF_C11_64,Intravenous Therapy,ROLLUP,D00E184,"D, Part IV: Apportionment - SNF",06400,01100,Net Settlement Amount,APPORTIONMENT OF INPATIENT/OUTPATIENT ANCILLARY SERVICE OTHER PASS THROUGH COSTS,nan
D_4_SNF_C11_65,Respiratory Therapy,ROLLUP,D00E184,"D, Part IV: Apportionment - SNF",06500,01100,Net Settlement Amount,APPORTIONMENT OF INPATIENT/OUTPATIENT ANCILLARY SERVICE OTHER PASS THROUGH COSTS,nan
D_4_SNF_C11_66,Physical Therapy,ROLLUP,D00E184,"D, Part IV: Apportionment - SNF",06600,01100,Net Settlement Amount,APPORTIONMENT OF INPATIENT/OUTPATIENT ANCILLARY SERVICE OTHER PASS THROUGH COSTS,nan
D_4_SNF_C11_67,Occupational Therapy,ROLLUP,D00E184,"D, Part IV: Apportionment - SNF",06700,01100,Net Settlement Amount,APPORTIONMENT OF INPATIENT/OUTPATIENT ANCILLARY SERVICE OTHER PASS THROUGH COSTS,nan
D_4_SNF_C11_68,Speech Pathology,ROLLUP,D00E184,"D, Part IV: Apportionment - SNF",06800,01100,Net Settlement Amount,APPORTIONMENT OF INPATIENT/OUTPATIENT ANCILLARY SERVICE OTHER PASS THROUGH COSTS,nan
D_4_SNF_C11_69,Electrocardiology,ROLLUP,D00E184,"D, Part IV: Apportionment - SNF",06900,01100,Net Settlement Amount,APPORTIONMENT OF INPATIENT/OUTPATIENT ANCILLARY SERVICE OTHER PASS THROUGH COSTS,nan
D_4_SNF_C11_70,Electroencephalography,ROLLUP,D00E184,"D, Part IV: Apportionment - SNF",07000,01100,Net Settlement Amount,APPORTIONMENT OF INPATIENT/OUTPATIENT ANCILLARY SERVICE OTHER PASS THROUGH COSTS,nan
D_4_SNF_C11_71,Medical Supplies Charged to Patients,ROLLUP,D00E184,"D, Part IV: Apportionment - SNF",07100,01100,Net Settlement Amount,APPORTIONMENT OF INPATIENT/OUTPATIENT ANCILLARY SERVICE OTHER PASS THROUGH COSTS,nan
D_4_SNF_C11_72,Impl. Dev. Charged to Patients,ROLLUP,D00E184,"D, Part IV: Apportionment - SNF",07200,01100,Net Settlement Amount,APPORTIONMENT OF INPATIENT/OUTPATIENT ANCILLARY SERVICE OTHER PASS THROUGH COSTS,nan
D_4_SNF_C11_75,ASC (Non Distinct Part),ROLLUP,D00E184,"D, Part IV: Apportionment - SNF",07500,01100,Net Settlement Amount,APPORTIONMENT OF INPATIENT/OUTPATIENT ANCILLARY SERVICE OTHER PASS THROUGH COSTS,nan
D_4_SNF_C11_76,Other Ancillary,ROLLUP,D00E184,"D, Part IV: Apportionment - SNF",07600,01100,Net Settlement Amount,APPORTIONMENT OF INPATIENT/OUTPATIENT ANCILLARY SERVICE OTHER PASS THROUGH COSTS,nan
D_4_SNF_C11_88,RHC,ROLLUP,D00E184,"D, Part IV: Apportionment - SNF",08800,01100,Net Settlement Amount,APPORTIONMENT OF INPATIENT/OUTPATIENT ANCILLARY SERVICE OTHER PASS THROUGH COSTS,nan
D_4_SNF_C11_89,FQHC,ROLLUP,D00E184,"D, Part IV: Apportionment - SNF",08900,01100,Net Settlement Amount,APPORTIONMENT OF INPATIENT/OUTPATIENT ANCILLARY SERVICE OTHER PASS THROUGH COSTS,nan
D_4_SNF_C11_90,Clinic,ROLLUP,D00E184,"D, Part IV: Apportionment - SNF",09000,01100,Net Settlement Amount,APPORTIONMENT OF INPATIENT/OUTPATIENT ANCILLARY SERVICE OTHER PASS THROUGH COSTS,nan
D_4_SNF_C11_91,Emergency,ROLLUP,D00E184,"D, Part IV: Apportionment - SNF",09100,01100,Net Settlement Amount,APPORTIONMENT OF INPATIENT/OUTPATIENT ANCILLARY SERVICE OTHER PASS THROUGH COSTS,nan
D_4_SNF_C11_9201,Observation Beds (Distinct Unit),ROLLUP,D00E184,"D, Part IV: Apportionment - SNF",09201,01100,Net Settlement Amount,APPORTIONMENT OF INPATIENT/OUTPATIENT ANCILLARY SERVICE OTHER PASS THROUGH COSTS,nan
D_4_SNF_C11_93,Other Outpatient Services,ROLLUP,D00E184,"D, Part IV: Apportionment - SNF",09300,01100,Net Settlement Amount,APPORTIONMENT OF INPATIENT/OUTPATIENT ANCILLARY SERVICE OTHER PASS THROUGH COSTS,nan
D_4_SNF_C11_96,Durable Medical Equipment Rented,ROLLUP,D00E184,"D, Part IV: Apportionment - SNF",09600,01100,Net Settlement Amount,APPORTIONMENT OF INPATIENT/OUTPATIENT ANCILLARY SERVICE OTHER PASS THROUGH COSTS,nan
D_4_SNF_C11_97,Durable Medical Equipment Sold,ROLLUP,D00E184,"D, Part IV: Apportionment - SNF",09700,01100,Net Settlement Amount,APPORTIONMENT OF INPATIENT/OUTPATIENT ANCILLARY SERVICE OTHER PASS THROUGH COSTS,nan
D_4_SNF_C11_98,Other Reimbursable,ROLLUP,D00E184,"D, Part IV: Apportionment - SNF",09800,01100,Net Settlement Amount,APPORTIONMENT OF INPATIENT/OUTPATIENT ANCILLARY SERVICE OTHER PASS THROUGH COSTS,nan
D_4_SNF_C13_50,Operating Room,ROLLUP,D00E184,"D, Part IV: Apportionment - SNF",05000,01300,Amount Due To/From Program,APPORTIONMENT OF INPATIENT/OUTPATIENT ANCILLARY SERVICE OTHER PASS THROUGH COSTS,nan
D_4_SNF_C13_51,Recovery Room,ROLLUP,D00E184,"D, Part IV: Apportionment - SNF",05100,01300,Amount Due To/From Program,APPORTIONMENT OF INPATIENT/OUTPATIENT ANCILLARY SERVICE OTHER PASS THROUGH COSTS,nan
D_4_SNF_C13_52,Delivery Room and Labor Room,ROLLUP,D00E184,"D, Part IV: Apportionment - SNF",05200,01300,Amount Due To/From Program,APPORTIONMENT OF INPATIENT/OUTPATIENT ANCILLARY SERVICE OTHER PASS THROUGH COSTS,nan
D_4_SNF_C13_53,Anesthesiology,ROLLUP,D00E184,"D, Part IV: Apportionment - SNF",05300,01300,Amount Due To/From Program,APPORTIONMENT OF INPATIENT/OUTPATIENT ANCILLARY SERVICE OTHER PASS THROUGH COSTS,nan
D_4_SNF_C13_54,Radiology-Diagnostic,ROLLUP,D00E184,"D, Part IV: Apportionment - SNF",05400,01300,Amount Due To/From Program,APPORTIONMENT OF INPATIENT/OUTPATIENT ANCILLARY SERVICE OTHER PASS THROUGH COSTS,nan
D_4_SNF_C13_55,Radiology-Therapeutic,ROLLUP,D00E184,"D, Part IV: Apportionment - SNF",05500,01300,Amount Due To/From Program,APPORTIONMENT OF INPATIENT/OUTPATIENT ANCILLARY SERVICE OTHER PASS THROUGH COSTS,nan
D_4_SNF_C13_56,Radioisotope,ROLLUP,D00E184,"D, Part IV: Apportionment - SNF",05600,01300,Amount Due To/From Program,APPORTIONMENT OF INPATIENT/OUTPATIENT ANCILLARY SERVICE OTHER PASS THROUGH COSTS,nan
D_4_SNF_C13_57,CT Scan,ROLLUP,D00E184,"D, Part IV: Apportionment - SNF",05700,01300,Amount Due To/From Program,APPORTIONMENT OF INPATIENT/OUTPATIENT ANCILLARY SERVICE OTHER PASS THROUGH COSTS,nan
D_4_SNF_C13_58,MRI,ROLLUP,D00E184,"D, Part IV: Apportionment - SNF",05800,01300,Amount Due To/From Program,APPORTIONMENT OF INPATIENT/OUTPATIENT ANCILLARY SERVICE OTHER PASS THROUGH COSTS,nan
D_4_SNF_C13_59,Cardiac Catheterization,ROLLUP,D00E184,"D, Part IV: Apportionment - SNF",05900,01300,Amount Due To/From Program,APPORTIONMENT OF INPATIENT/OUTPATIENT ANCILLARY SERVICE OTHER PASS THROUGH COSTS,nan
D_4_SNF_C13_60,Laboratory,ROLLUP,D00E184,"D, Part IV: Apportionment - SNF",06000,01300,Amount Due To/From Program,APPORTIONMENT OF INPATIENT/OUTPATIENT ANCILLARY SERVICE OTHER PASS THROUGH COSTS,nan
D_4_SNF_C13_62,Whole Blood & Packed Red Blood Cells,ROLLUP,D00E184,"D, Part IV: Apportionment - SNF",06200,01300,Amount Due To/From Program,APPORTIONMENT OF INPATIENT/OUTPATIENT ANCILLARY SERVICE OTHER PASS THROUGH COSTS,nan
D_4_SNF_C13_6250,Blood Clotting Factors for Hemoph.,ROLLUP,D00E184,"D, Part IV: Apportionment - SNF",06250,01300,Amount Due To/From Program,APPORTIONMENT OF INPATIENT/OUTPATIENT ANCILLARY SERVICE OTHER PASS THROUGH COSTS,nan
D_4_SNF_C13_63,"Blood Storing, Processing, Trans",ROLLUP,D00E184,"D, Part IV: Apportionment - SNF",06300,01300,Amount Due To/From Program,APPORTIONMENT OF INPATIENT/OUTPATIENT ANCILLARY SERVICE OTHER PASS THROUGH COSTS,nan
D_4_SNF_C13_64,Intravenous Therapy,ROLLUP,D00E184,"D, Part IV: Apportionment - SNF",06400,01300,Amount Due To/From Program,APPORTIONMENT OF INPATIENT/OUTPATIENT ANCILLARY SERVICE OTHER PASS THROUGH COSTS,nan
D_4_SNF_C13_65,Respiratory Therapy,ROLLUP,D00E184,"D, Part IV: Apportionment - SNF",06500,01300,Amount Due To/From Program,APPORTIONMENT OF INPATIENT/OUTPATIENT ANCILLARY SERVICE OTHER PASS THROUGH COSTS,nan
D_4_SNF_C13_66,Physical Therapy,ROLLUP,D00E184,"D, Part IV: Apportionment - SNF",06600,01300,Amount Due To/From Program,APPORTIONMENT OF INPATIENT/OUTPATIENT ANCILLARY SERVICE OTHER PASS THROUGH COSTS,nan
D_4_SNF_C13_67,Occupational Therapy,ROLLUP,D00E184,"D, Part IV: Apportionment - SNF",06700,01300,Amount Due To/From Program,APPORTIONMENT OF INPATIENT/OUTPATIENT ANCILLARY SERVICE OTHER PASS THROUGH COSTS,nan
D_4_SNF_C13_68,Speech Pathology,ROLLUP,D00E184,"D, Part IV: Apportionment - SNF",06800,01300,Amount Due To/From Program,APPORTIONMENT OF INPATIENT/OUTPATIENT ANCILLARY SERVICE OTHER PASS THROUGH COSTS,nan
D_4_SNF_C13_69,Electrocardiology,ROLLUP,D00E184,"D, Part IV: Apportionment - SNF",06900,01300,Amount Due To/From Program,APPORTIONMENT OF INPATIENT/OUTPATIENT ANCILLARY SERVICE OTHER PASS THROUGH COSTS,nan
D_4_SNF_C13_70,Electroencephalography,ROLLUP,D00E184,"D, Part IV: Apportionment - SNF",07000,01300,Amount Due To/From Program,APPORTIONMENT OF INPATIENT/OUTPATIENT ANCILLARY SERVICE OTHER PASS THROUGH COSTS,nan
D_4_SNF_C13_71,Medical Supplies Charged to Patients,ROLLUP,D00E184,"D, Part IV: Apportionment - SNF",07100,01300,Amount Due To/From Program,APPORTIONMENT OF INPATIENT/OUTPATIENT ANCILLARY SERVICE OTHER PASS THROUGH COSTS,nan
D_4_SNF_C13_72,Impl. Dev. Charged to Patients,ROLLUP,D00E184,"D, Part IV: Apportionment - SNF",07200,01300,Amount Due To/From Program,APPORTIONMENT OF INPATIENT/OUTPATIENT ANCILLARY SERVICE OTHER PASS THROUGH COSTS,nan
D_4_SNF_C13_73,Drugs Charged to Patients,ROLLUP,D00E184,"D, Part IV: Apportionment - SNF",07300,01300,Amount Due To/From Program,APPORTIONMENT OF INPATIENT/OUTPATIENT ANCILLARY SERVICE OTHER PASS THROUGH COSTS,nan
D_4_SNF_C13_75,ASC (Non Distinct Part),ROLLUP,D00E184,"D, Part IV: Apportionment - SNF",07500,01300,Amount Due To/From Program,APPORTIONMENT OF INPATIENT/OUTPATIENT ANCILLARY SERVICE OTHER PASS THROUGH COSTS,nan
D_4_SNF_C13_76,Other Ancillary,ROLLUP,D00E184,"D, Part IV: Apportionment - SNF",07600,01300,Amount Due To/From Program,APPORTIONMENT OF INPATIENT/OUTPATIENT ANCILLARY SERVICE OTHER PASS THROUGH COSTS,nan
D_4_SNF_C13_88,RHC,ROLLUP,D00E184,"D, Part IV: Apportionment - SNF",08800,01300,Amount Due To/From Program,APPORTIONMENT OF INPATIENT/OUTPATIENT ANCILLARY SERVICE OTHER PASS THROUGH COSTS,nan
D_4_SNF_C13_89,FQHC,ROLLUP,D00E184,"D, Part IV: Apportionment - SNF",08900,01300,Amount Due To/From Program,APPORTIONMENT OF INPATIENT/OUTPATIENT ANCILLARY SERVICE OTHER PASS THROUGH COSTS,nan
D_4_SNF_C13_90,Clinic,ROLLUP,D00E184,"D, Part IV: Apportionment - SNF",09000,01300,Amount Due To/From Program,APPORTIONMENT OF INPATIENT/OUTPATIENT ANCILLARY SERVICE OTHER PASS THROUGH COSTS,nan
D_4_SNF_C13_91,Emergency,ROLLUP,D00E184,"D, Part IV: Apportionment - SNF",09100,01300,Amount Due To/From Program,APPORTIONMENT OF INPATIENT/OUTPATIENT ANCILLARY SERVICE OTHER PASS THROUGH COSTS,nan
D_4_SNF_C13_9201,Observation Beds (Distinct Unit),ROLLUP,D00E184,"D, Part IV: Apportionment - SNF",09201,01300,Amount Due To/From Program,APPORTIONMENT OF INPATIENT/OUTPATIENT ANCILLARY SERVICE OTHER PASS THROUGH COSTS,nan
D_4_SNF_C13_93,Other Outpatient Services,ROLLUP,D00E184,"D, Part IV: Apportionment - SNF",09300,01300,Amount Due To/From Program,APPORTIONMENT OF INPATIENT/OUTPATIENT ANCILLARY SERVICE OTHER PASS THROUGH COSTS,nan
D_4_SNF_C13_96,Durable Medical Equipment Rented,ROLLUP,D00E184,"D, Part IV: Apportionment - SNF",09600,01300,Amount Due To/From Program,APPORTIONMENT OF INPATIENT/OUTPATIENT ANCILLARY SERVICE OTHER PASS THROUGH COSTS,nan
D_4_SNF_C13_97,Durable Medical Equipment Sold,ROLLUP,D00E184,"D, Part IV: Apportionment - SNF",09700,01300,Amount Due To/From Program,APPORTIONMENT OF INPATIENT/OUTPATIENT ANCILLARY SERVICE OTHER PASS THROUGH COSTS,nan
D_4_SNF_C13_98,Other Reimbursable,ROLLUP,D00E184,"D, Part IV: Apportionment - SNF",09800,01300,Amount Due To/From Program,APPORTIONMENT OF INPATIENT/OUTPATIENT ANCILLARY SERVICE OTHER PASS THROUGH COSTS,nan
D_4_SUB1_C11_50,Operating Room,ROLLUP,D01D184,"D, Part IV: Apportionment - Subprovider 1",05000,01100,Net Settlement Amount,APPORTIONMENT OF INPATIENT/OUTPATIENT ANCILLARY SERVICE OTHER PASS THROUGH COSTS,nan
D_4_SUB1_C11_51,Recovery Room,ROLLUP,D01D184,"D, Part IV: Apportionment - Subprovider 1",05100,01100,Net Settlement Amount,APPORTIONMENT OF INPATIENT/OUTPATIENT ANCILLARY SERVICE OTHER PASS THROUGH COSTS,nan
D_4_SUB1_C11_52,Delivery Room and Labor Room,ROLLUP,D01D184,"D, Part IV: Apportionment - Subprovider 1",05200,01100,Net Settlement Amount,APPORTIONMENT OF INPATIENT/OUTPATIENT ANCILLARY SERVICE OTHER PASS THROUGH COSTS,nan
D_4_SUB1_C11_53,Anesthesiology,ROLLUP,D01D184,"D, Part IV: Apportionment - Subprovider 1",05300,01100,Net Settlement Amount,APPORTIONMENT OF INPATIENT/OUTPATIENT ANCILLARY SERVICE OTHER PASS THROUGH COSTS,nan
D_4_SUB1_C11_54,Radiology-Diagnostic,ROLLUP,D01D184,"D, Part IV: Apportionment - Subprovider 1",05400,01100,Net Settlement Amount,APPORTIONMENT OF INPATIENT/OUTPATIENT ANCILLARY SERVICE OTHER PASS THROUGH COSTS,nan
D_4_SUB1_C11_55,Radiology-Therapeutic,ROLLUP,D01D184,"D, Part IV: Apportionment - Subprovider 1",05500,01100,Net Settlement Amount,APPORTIONMENT OF INPATIENT/OUTPATIENT ANCILLARY SERVICE OTHER PASS THROUGH COSTS,nan
D_4_SUB1_C11_56,Radioisotope,ROLLUP,D01D184,"D, Part IV: Apportionment - Subprovider 1",05600,01100,Net Settlement Amount,APPORTIONMENT OF INPATIENT/OUTPATIENT ANCILLARY SERVICE OTHER PASS THROUGH COSTS,nan
D_4_SUB1_C11_57,CT Scan,ROLLUP,D01D184,"D, Part IV: Apportionment - Subprovider 1",05700,01100,Net Settlement Amount,APPORTIONMENT OF INPATIENT/OUTPATIENT ANCILLARY SERVICE OTHER PASS THROUGH COSTS,nan
D_4_SUB1_C11_58,MRI,ROLLUP,D01D184,"D, Part IV: Apportionment - Subprovider 1",05800,01100,Net Settlement Amount,APPORTIONMENT OF INPATIENT/OUTPATIENT ANCILLARY SERVICE OTHER PASS THROUGH COSTS,nan
D_4_SUB1_C11_59,Cardiac Catheterization,ROLLUP,D01D184,"D, Part IV: Apportionment - Subprovider 1",05900,01100,Net Settlement Amount,APPORTIONMENT OF INPATIENT/OUTPATIENT ANCILLARY SERVICE OTHER PASS THROUGH COSTS,nan
D_4_SUB1_C11_60,Laboratory,ROLLUP,D01D184,"D, Part IV: Apportionment - Subprovider 1",06000,01100,Net Settlement Amount,APPORTIONMENT OF INPATIENT/OUTPATIENT ANCILLARY SERVICE OTHER PASS THROUGH COSTS,nan
D_4_SUB1_C11_62,Whole Blood & Packed Red Blood Cells,ROLLUP,D01D184,"D, Part IV: Apportionment - Subprovider 1",06200,01100,Net Settlement Amount,APPORTIONMENT OF INPATIENT/OUTPATIENT ANCILLARY SERVICE OTHER PASS THROUGH COSTS,nan
D_4_SUB1_C11_6250,Blood Clotting Factors for Hemoph.,ROLLUP,D01D184,"D, Part IV: Apportionment - Subprovider 1",06250,01100,Net Settlement Amount,APPORTIONMENT OF INPATIENT/OUTPATIENT ANCILLARY SERVICE OTHER PASS THROUGH COSTS,nan
D_4_SUB1_C11_63,"Blood Storing, Processing, Trans",ROLLUP,D01D184,"D, Part IV: Apportionment - Subprovider 1",06300,01100,Net Settlement Amount,APPORTIONMENT OF INPATIENT/OUTPATIENT ANCILLARY SERVICE OTHER PASS THROUGH COSTS,nan
D_4_SUB1_C11_64,Intravenous Therapy,ROLLUP,D01D184,"D, Part IV: Apportionment - Subprovider 1",06400,01100,Net Settlement Amount,APPORTIONMENT OF INPATIENT/OUTPATIENT ANCILLARY SERVICE OTHER PASS THROUGH COSTS,nan
D_4_SUB1_C11_65,Respiratory Therapy,ROLLUP,D01D184,"D, Part IV: Apportionment - Subprovider 1",06500,01100,Net Settlement Amount,APPORTIONMENT OF INPATIENT/OUTPATIENT ANCILLARY SERVICE OTHER PASS THROUGH COSTS,nan
D_4_SUB1_C11_66,Physical Therapy,ROLLUP,D01D184,"D, Part IV: Apportionment - Subprovider 1",06600,01100,Net Settlement Amount,APPORTIONMENT OF INPATIENT/OUTPATIENT ANCILLARY SERVICE OTHER PASS THROUGH COSTS,nan
D_4_SUB1_C11_67,Occupational Therapy,ROLLUP,D01D184,"D, Part IV: Apportionment - Subprovider 1",06700,01100,Net Settlement Amount,APPORTIONMENT OF INPATIENT/OUTPATIENT ANCILLARY SERVICE OTHER PASS THROUGH COSTS,nan
D_4_SUB1_C11_68,Speech Pathology,ROLLUP,D01D184,"D, Part IV: Apportionment - Subprovider 1",06800,01100,Net Settlement Amount,APPORTIONMENT OF INPATIENT/OUTPATIENT ANCILLARY SERVICE OTHER PASS THROUGH COSTS,nan
D_4_SUB1_C11_69,Electrocardiology,ROLLUP,D01D184,"D, Part IV: Apportionment - Subprovider 1",06900,01100,Net Settlement Amount,APPORTIONMENT OF INPATIENT/OUTPATIENT ANCILLARY SERVICE OTHER PASS THROUGH COSTS,nan
D_4_SUB1_C11_70,Electroencephalography,ROLLUP,D01D184,"D, Part IV: Apportionment - Subprovider 1",07000,01100,Net Settlement Amount,APPORTIONMENT OF INPATIENT/OUTPATIENT ANCILLARY SERVICE OTHER PASS THROUGH COSTS,nan
D_4_SUB1_C11_71,Medical Supplies Charged to Patients,ROLLUP,D01D184,"D, Part IV: Apportionment - Subprovider 1",07100,01100,Net Settlement Amount,APPORTIONMENT OF INPATIENT/OUTPATIENT ANCILLARY SERVICE OTHER PASS THROUGH COSTS,nan
D_4_SUB1_C11_72,Impl. Dev. Charged to Patients,ROLLUP,D01D184,"D, Part IV: Apportionment - Subprovider 1",07200,01100,Net Settlement Amount,APPORTIONMENT OF INPATIENT/OUTPATIENT ANCILLARY SERVICE OTHER PASS THROUGH COSTS,nan
D_4_SUB1_C11_73,Drugs Charged to Patients,ROLLUP,D01D184,"D, Part IV: Apportionment - Subprovider 1",07300,01100,Net Settlement Amount,APPORTIONMENT OF INPATIENT/OUTPATIENT ANCILLARY SERVICE OTHER PASS THROUGH COSTS,nan
D_4_SUB1_C11_75,ASC (Non Distinct Part),ROLLUP,D01D184,"D, Part IV: Apportionment - Subprovider 1",07500,01100,Net Settlement Amount,APPORTIONMENT OF INPATIENT/OUTPATIENT ANCILLARY SERVICE OTHER PASS THROUGH COSTS,nan
D_4_SUB1_C11_76,Other Ancillary,ROLLUP,D01D184,"D, Part IV: Apportionment - Subprovider 1",07600,01100,Net Settlement Amount,APPORTIONMENT OF INPATIENT/OUTPATIENT ANCILLARY SERVICE OTHER PASS THROUGH COSTS,nan
D_4_SUB1_C11_88,RHC,ROLLUP,D01D184,"D, Part IV: Apportionment - Subprovider 1",08800,01100,Net Settlement Amount,APPORTIONMENT OF INPATIENT/OUTPATIENT ANCILLARY SERVICE OTHER PASS THROUGH COSTS,nan
D_4_SUB1_C11_89,FQHC,ROLLUP,D01D184,"D, Part IV: Apportionment - Subprovider 1",08900,01100,Net Settlement Amount,APPORTIONMENT OF INPATIENT/OUTPATIENT ANCILLARY SERVICE OTHER PASS THROUGH COSTS,nan
D_4_SUB1_C11_90,Clinic,ROLLUP,D01D184,"D, Part IV: Apportionment - Subprovider 1",09000,01100,Net Settlement Amount,APPORTIONMENT OF INPATIENT/OUTPATIENT ANCILLARY SERVICE OTHER PASS THROUGH COSTS,nan
D_4_SUB1_C11_91,Emergency,ROLLUP,D01D184,"D, Part IV: Apportionment - Subprovider 1",09100,01100,Net Settlement Amount,APPORTIONMENT OF INPATIENT/OUTPATIENT ANCILLARY SERVICE OTHER PASS THROUGH COSTS,nan
D_4_SUB1_C11_9201,Observation Beds (Distinct Unit),ROLLUP,D01D184,"D, Part IV: Apportionment - Subprovider 1",09201,01100,Net Settlement Amount,APPORTIONMENT OF INPATIENT/OUTPATIENT ANCILLARY SERVICE OTHER PASS THROUGH COSTS,nan
D_4_SUB1_C11_93,Other Outpatient Services,ROLLUP,D01D184,"D, Part IV: Apportionment - Subprovider 1",09300,01100,Net Settlement Amount,APPORTIONMENT OF INPATIENT/OUTPATIENT ANCILLARY SERVICE OTHER PASS THROUGH COSTS,nan
D_4_SUB1_C11_96,Durable Medical Equipment Rented,ROLLUP,D01D184,"D, Part IV: Apportionment - Subprovider 1",09600,01100,Net Settlement Amount,APPORTIONMENT OF INPATIENT/OUTPATIENT ANCILLARY SERVICE OTHER PASS THROUGH COSTS,nan
D_4_SUB1_C11_97,Durable Medical Equipment Sold,ROLLUP,D01D184,"D, Part IV: Apportionment - Subprovider 1",09700,01100,Net Settlement Amount,APPORTIONMENT OF INPATIENT/OUTPATIENT ANCILLARY SERVICE OTHER PASS THROUGH COSTS,nan
D_4_SUB1_C11_98,Other Reimbursable,ROLLUP,D01D184,"D, Part IV: Apportionment - Subprovider 1",09800,01100,Net Settlement Amount,APPORTIONMENT OF INPATIENT/OUTPATIENT ANCILLARY SERVICE OTHER PASS THROUGH COSTS,nan
D_4_SUB1_C13_50,Operating Room,ROLLUP,D01D184,"D, Part IV: Apportionment - Subprovider 1",05000,01300,Amount Due To/From Program,APPORTIONMENT OF INPATIENT/OUTPATIENT ANCILLARY SERVICE OTHER PASS THROUGH COSTS,nan
D_4_SUB1_C13_51,Recovery Room,ROLLUP,D01D184,"D, Part IV: Apportionment - Subprovider 1",05100,01300,Amount Due To/From Program,APPORTIONMENT OF INPATIENT/OUTPATIENT ANCILLARY SERVICE OTHER PASS THROUGH COSTS,nan
D_4_SUB1_C13_52,Delivery Room and Labor Room,ROLLUP,D01D184,"D, Part IV: Apportionment - Subprovider 1",05200,01300,Amount Due To/From Program,APPORTIONMENT OF INPATIENT/OUTPATIENT ANCILLARY SERVICE OTHER PASS THROUGH COSTS,nan
D_4_SUB1_C13_53,Anesthesiology,ROLLUP,D01D184,"D, Part IV: Apportionment - Subprovider 1",05300,01300,Amount Due To/From Program,APPORTIONMENT OF INPATIENT/OUTPATIENT ANCILLARY SERVICE OTHER PASS THROUGH COSTS,nan
D_4_SUB1_C13_54,Radiology-Diagnostic,ROLLUP,D01D184,"D, Part IV: Apportionment - Subprovider 1",05400,01300,Amount Due To/From Program,APPORTIONMENT OF INPATIENT/OUTPATIENT ANCILLARY SERVICE OTHER PASS THROUGH COSTS,nan
D_4_SUB1_C13_55,Radiology-Therapeutic,ROLLUP,D01D184,"D, Part IV: Apportionment - Subprovider 1",05500,01300,Amount Due To/From Program,APPORTIONMENT OF INPATIENT/OUTPATIENT ANCILLARY SERVICE OTHER PASS THROUGH COSTS,nan
D_4_SUB1_C13_56,Radioisotope,ROLLUP,D01D184,"D, Part IV: Apportionment - Subprovider 1",05600,01300,Amount Due To/From Program,APPORTIONMENT OF INPATIENT/OUTPATIENT ANCILLARY SERVICE OTHER PASS THROUGH COSTS,nan
D_4_SUB1_C13_57,CT Scan,ROLLUP,D01D184,"D, Part IV: Apportionment - Subprovider 1",05700,01300,Amount Due To/From Program,APPORTIONMENT OF INPATIENT/OUTPATIENT ANCILLARY SERVICE OTHER PASS THROUGH COSTS,nan
D_4_SUB1_C13_58,MRI,ROLLUP,D01D184,"D, Part IV: Apportionment - Subprovider 1",05800,01300,Amount Due To/From Program,APPORTIONMENT OF INPATIENT/OUTPATIENT ANCILLARY SERVICE OTHER PASS THROUGH COSTS,nan
D_4_SUB1_C13_59,Cardiac Catheterization,ROLLUP,D01D184,"D, Part IV: Apportionment - Subprovider 1",05900,01300,Amount Due To/From Program,APPORTIONMENT OF INPATIENT/OUTPATIENT ANCILLARY SERVICE OTHER PASS THROUGH COSTS,nan
D_4_SUB1_C13_60,Laboratory,ROLLUP,D01D184,"D, Part IV: Apportionment - Subprovider 1",06000,01300,Amount Due To/From Program,APPORTIONMENT OF INPATIENT/OUTPATIENT ANCILLARY SERVICE OTHER PASS THROUGH COSTS,nan
D_4_SUB1_C13_62,Whole Blood & Packed Red Blood Cells,ROLLUP,D01D184,"D, Part IV: Apportionment - Subprovider 1",06200,01300,Amount Due To/From Program,APPORTIONMENT OF INPATIENT/OUTPATIENT ANCILLARY SERVICE OTHER PASS THROUGH COSTS,nan
D_4_SUB1_C13_6250,Blood Clotting Factors for Hemoph.,ROLLUP,D01D184,"D, Part IV: Apportionment - Subprovider 1",06250,01300,Amount Due To/From Program,APPORTIONMENT OF INPATIENT/OUTPATIENT ANCILLARY SERVICE OTHER PASS THROUGH COSTS,nan
D_4_SUB1_C13_63,"Blood Storing, Processing, Trans",ROLLUP,D01D184,"D, Part IV: Apportionment - Subprovider 1",06300,01300,Amount Due To/From Program,APPORTIONMENT OF INPATIENT/OUTPATIENT ANCILLARY SERVICE OTHER PASS THROUGH COSTS,nan
D_4_SUB1_C13_64,Intravenous Therapy,ROLLUP,D01D184,"D, Part IV: Apportionment - Subprovider 1",06400,01300,Amount Due To/From Program,APPORTIONMENT OF INPATIENT/OUTPATIENT ANCILLARY SERVICE OTHER PASS THROUGH COSTS,nan
D_4_SUB1_C13_65,Respiratory Therapy,ROLLUP,D01D184,"D, Part IV: Apportionment - Subprovider 1",06500,01300,Amount Due To/From Program,APPORTIONMENT OF INPATIENT/OUTPATIENT ANCILLARY SERVICE OTHER PASS THROUGH COSTS,nan
D_4_SUB1_C13_66,Physical Therapy,ROLLUP,D01D184,"D, Part IV: Apportionment - Subprovider 1",06600,01300,Amount Due To/From Program,APPORTIONMENT OF INPATIENT/OUTPATIENT ANCILLARY SERVICE OTHER PASS THROUGH COSTS,nan
D_4_SUB1_C13_67,Occupational Therapy,ROLLUP,D01D184,"D, Part IV: Apportionment - Subprovider 1",06700,01300,Amount Due To/From Program,APPORTIONMENT OF INPATIENT/OUTPATIENT ANCILLARY SERVICE OTHER PASS THROUGH COSTS,nan
D_4_SUB1_C13_68,Speech Pathology,ROLLUP,D01D184,"D, Part IV: Apportionment - Subprovider 1",06800,01300,Amount Due To/From Program,APPORTIONMENT OF INPATIENT/OUTPATIENT ANCILLARY SERVICE OTHER PASS THROUGH COSTS,nan
D_4_SUB1_C13_69,Electrocardiology,ROLLUP,D01D184,"D, Part IV: Apportionment - Subprovider 1",06900,01300,Amount Due To/From Program,APPORTIONMENT OF INPATIENT/OUTPATIENT ANCILLARY SERVICE OTHER PASS THROUGH COSTS,nan
D_4_SUB1_C13_70,Electroencephalography,ROLLUP,D01D184,"D, Part IV: Apportionment - Subprovider 1",07000,01300,Amount Due To/From Program,APPORTIONMENT OF INPATIENT/OUTPATIENT ANCILLARY SERVICE OTHER PASS THROUGH COSTS,nan
D_4_SUB1_C13_71,Medical Supplies Charged to Patients,ROLLUP,D01D184,"D, Part IV: Apportionment - Subprovider 1",07100,01300,Amount Due To/From Program,APPORTIONMENT OF INPATIENT/OUTPATIENT ANCILLARY SERVICE OTHER PASS THROUGH COSTS,nan
D_4_SUB1_C13_72,Impl. Dev. Charged to Patients,ROLLUP,D01D184,"D, Part IV: Apportionment - Subprovider 1",07200,01300,Amount Due To/From Program,APPORTIONMENT OF INPATIENT/OUTPATIENT ANCILLARY SERVICE OTHER PASS THROUGH COSTS,nan
D_4_SUB1_C13_73,Drugs Charged to Patients,ROLLUP,D01D184,"D, Part IV: Apportionment - Subprovider 1",07300,01300,Amount Due To/From Program,APPORTIONMENT OF INPATIENT/OUTPATIENT ANCILLARY SERVICE OTHER PASS THROUGH COSTS,nan
D_4_SUB1_C13_75,ASC (Non Distinct Part),ROLLUP,D01D184,"D, Part IV: Apportionment - Subprovider 1",07500,01300,Amount Due To/From Program,APPORTIONMENT OF INPATIENT/OUTPATIENT ANCILLARY SERVICE OTHER PASS THROUGH COSTS,nan
D_4_SUB1_C13_76,Other Ancillary,ROLLUP,D01D184,"D, Part IV: Apportionment - Subprovider 1",07600,01300,Amount Due To/From Program,APPORTIONMENT OF INPATIENT/OUTPATIENT ANCILLARY SERVICE OTHER PASS THROUGH COSTS,nan
D_4_SUB1_C13_88,RHC,ROLLUP,D01D184,"D, Part IV: Apportionment - Subprovider 1",08800,01300,Amount Due To/From Program,APPORTIONMENT OF INPATIENT/OUTPATIENT ANCILLARY SERVICE OTHER PASS THROUGH COSTS,nan
D_4_SUB1_C13_89,FQHC,ROLLUP,D01D184,"D, Part IV: Apportionment - Subprovider 1",08900,01300,Amount Due To/From Program,APPORTIONMENT OF INPATIENT/OUTPATIENT ANCILLARY SERVICE OTHER PASS THROUGH COSTS,nan
D_4_SUB1_C13_90,Clinic,ROLLUP,D01D184,"D, Part IV: Apportionment - Subprovider 1",09000,01300,Amount Due To/From Program,APPORTIONMENT OF INPATIENT/OUTPATIENT ANCILLARY SERVICE OTHER PASS THROUGH COSTS,nan
D_4_SUB1_C13_91,Emergency,ROLLUP,D01D184,"D, Part IV: Apportionment - Subprovider 1",09100,01300,Amount Due To/From Program,APPORTIONMENT OF INPATIENT/OUTPATIENT ANCILLARY SERVICE OTHER PASS THROUGH COSTS,nan
D_4_SUB1_C13_9201,Observation Beds (Distinct Unit),ROLLUP,D01D184,"D, Part IV: Apportionment - Subprovider 1",09201,01300,Amount Due To/From Program,APPORTIONMENT OF INPATIENT/OUTPATIENT ANCILLARY SERVICE OTHER PASS THROUGH COSTS,nan
D_4_SUB1_C13_93,Other Outpatient Services,ROLLUP,D01D184,"D, Part IV: Apportionment - Subprovider 1",09300,01300,Amount Due To/From Program,APPORTIONMENT OF INPATIENT/OUTPATIENT ANCILLARY SERVICE OTHER PASS THROUGH COSTS,nan
D_4_SUB1_C13_96,Durable Medical Equipment Rented,ROLLUP,D01D184,"D, Part IV: Apportionment - Subprovider 1",09600,01300,Amount Due To/From Program,APPORTIONMENT OF INPATIENT/OUTPATIENT ANCILLARY SERVICE OTHER PASS THROUGH COSTS,nan
D_4_SUB1_C13_97,Durable Medical Equipment Sold,ROLLUP,D01D184,"D, Part IV: Apportionment - Subprovider 1",09700,01300,Amount Due To/From Program,APPORTIONMENT OF INPATIENT/OUTPATIENT ANCILLARY SERVICE OTHER PASS THROUGH COSTS,nan
D_4_SUB1_C13_98,Other Reimbursable,ROLLUP,D01D184,"D, Part IV: Apportionment - Subprovider 1",09800,01300,Amount Due To/From Program,APPORTIONMENT OF INPATIENT/OUTPATIENT ANCILLARY SERVICE OTHER PASS THROUGH COSTS,nan
D_4_SUB2_C11_50,Operating Room,ROLLUP,D02D184,"D, Part IV: Apportionment - Subprovider 2",05000,01100,Net Settlement Amount,APPORTIONMENT OF INPATIENT/OUTPATIENT ANCILLARY SERVICE OTHER PASS THROUGH COSTS,nan
D_4_SUB2_C11_51,Recovery Room,ROLLUP,D02D184,"D, Part IV: Apportionment - Subprovider 2",05100,01100,Net Settlement Amount,APPORTIONMENT OF INPATIENT/OUTPATIENT ANCILLARY SERVICE OTHER PASS THROUGH COSTS,nan
D_4_SUB2_C11_52,Delivery Room and Labor Room,ROLLUP,D02D184,"D, Part IV: Apportionment - Subprovider 2",05200,01100,Net Settlement Amount,APPORTIONMENT OF INPATIENT/OUTPATIENT ANCILLARY SERVICE OTHER PASS THROUGH COSTS,nan
D_4_SUB2_C11_53,Anesthesiology,ROLLUP,D02D184,"D, Part IV: Apportionment - Subprovider 2",05300,01100,Net Settlement Amount,APPORTIONMENT OF INPATIENT/OUTPATIENT ANCILLARY SERVICE OTHER PASS THROUGH COSTS,nan
D_4_SUB2_C11_54,Radiology-Diagnostic,ROLLUP,D02D184,"D, Part IV: Apportionment - Subprovider 2",05400,01100,Net Settlement Amount,APPORTIONMENT OF INPATIENT/OUTPATIENT ANCILLARY SERVICE OTHER PASS THROUGH COSTS,nan
D_4_SUB2_C11_55,Radiology-Therapeutic,ROLLUP,D02D184,"D, Part IV: Apportionment - Subprovider 2",05500,01100,Net Settlement Amount,APPORTIONMENT OF INPATIENT/OUTPATIENT ANCILLARY SERVICE OTHER PASS THROUGH COSTS,nan
D_4_SUB2_C11_56,Radioisotope,ROLLUP,D02D184,"D, Part IV: Apportionment - Subprovider 2",05600,01100,Net Settlement Amount,APPORTIONMENT OF INPATIENT/OUTPATIENT ANCILLARY SERVICE OTHER PASS THROUGH COSTS,nan
D_4_SUB2_C11_57,CT Scan,ROLLUP,D02D184,"D, Part IV: Apportionment - Subprovider 2",05700,01100,Net Settlement Amount,APPORTIONMENT OF INPATIENT/OUTPATIENT ANCILLARY SERVICE OTHER PASS THROUGH COSTS,nan
D_4_SUB2_C11_58,MRI,ROLLUP,D02D184,"D, Part IV: Apportionment - Subprovider 2",05800,01100,Net Settlement Amount,APPORTIONMENT OF INPATIENT/OUTPATIENT ANCILLARY SERVICE OTHER PASS THROUGH COSTS,nan
D_4_SUB2_C11_59,Cardiac Catheterization,ROLLUP,D02D184,"D, Part IV: Apportionment - Subprovider 2",05900,01100,Net Settlement Amount,APPORTIONMENT OF INPATIENT/OUTPATIENT ANCILLARY SERVICE OTHER PASS THROUGH COSTS,nan
D_4_SUB2_C11_60,Laboratory,ROLLUP,D02D184,"D, Part IV: Apportionment - Subprovider 2",06000,01100,Net Settlement Amount,APPORTIONMENT OF INPATIENT/OUTPATIENT ANCILLARY SERVICE OTHER PASS THROUGH COSTS,nan
D_4_SUB2_C11_62,Whole Blood & Packed Red Blood Cells,ROLLUP,D02D184,"D, Part IV: Apportionment - Subprovider 2",06200,01100,Net Settlement Amount,APPORTIONMENT OF INPATIENT/OUTPATIENT ANCILLARY SERVICE OTHER PASS THROUGH COSTS,nan
D_4_SUB2_C11_6250,Blood Clotting Factors for Hemoph.,ROLLUP,D02D184,"D, Part IV: Apportionment - Subprovider 2",06250,01100,Net Settlement Amount,APPORTIONMENT OF INPATIENT/OUTPATIENT ANCILLARY SERVICE OTHER PASS THROUGH COSTS,nan
D_4_SUB2_C11_63,"Blood Storing, Processing, Trans",ROLLUP,D02D184,"D, Part IV: Apportionment - Subprovider 2",06300,01100,Net Settlement Amount,APPORTIONMENT OF INPATIENT/OUTPATIENT ANCILLARY SERVICE OTHER PASS THROUGH COSTS,nan
D_4_SUB2_C11_64,Intravenous Therapy,ROLLUP,D02D184,"D, Part IV: Apportionment - Subprovider 2",06400,01100,Net Settlement Amount,APPORTIONMENT OF INPATIENT/OUTPATIENT ANCILLARY SERVICE OTHER PASS THROUGH COSTS,nan
D_4_SUB2_C11_65,Respiratory Therapy,ROLLUP,D02D184,"D, Part IV: Apportionment - Subprovider 2",06500,01100,Net Settlement Amount,APPORTIONMENT OF INPATIENT/OUTPATIENT ANCILLARY SERVICE OTHER PASS THROUGH COSTS,nan
D_4_SUB2_C11_66,Physical Therapy,ROLLUP,D02D184,"D, Part IV: Apportionment - Subprovider 2",06600,01100,Net Settlement Amount,APPORTIONMENT OF INPATIENT/OUTPATIENT ANCILLARY SERVICE OTHER PASS THROUGH COSTS,nan
D_4_SUB2_C11_67,Occupational Therapy,ROLLUP,D02D184,"D, Part IV: Apportionment - Subprovider 2",06700,01100,Net Settlement Amount,APPORTIONMENT OF INPATIENT/OUTPATIENT ANCILLARY SERVICE OTHER PASS THROUGH COSTS,nan
D_4_SUB2_C11_68,Speech Pathology,ROLLUP,D02D184,"D, Part IV: Apportionment - Subprovider 2",06800,01100,Net Settlement Amount,APPORTIONMENT OF INPATIENT/OUTPATIENT ANCILLARY SERVICE OTHER PASS THROUGH COSTS,nan
D_4_SUB2_C11_69,Electrocardiology,ROLLUP,D02D184,"D, Part IV: Apportionment - Subprovider 2",06900,01100,Net Settlement Amount,APPORTIONMENT OF INPATIENT/OUTPATIENT ANCILLARY SERVICE OTHER PASS THROUGH COSTS,nan
D_4_SUB2_C11_70,Electroencephalography,ROLLUP,D02D184,"D, Part IV: Apportionment - Subprovider 2",07000,01100,Net Settlement Amount,APPORTIONMENT OF INPATIENT/OUTPATIENT ANCILLARY SERVICE OTHER PASS THROUGH COSTS,nan
D_4_SUB2_C11_71,Medical Supplies Charged to Patients,ROLLUP,D02D184,"D, Part IV: Apportionment - Subprovider 2",07100,01100,Net Settlement Amount,APPORTIONMENT OF INPATIENT/OUTPATIENT ANCILLARY SERVICE OTHER PASS THROUGH COSTS,nan
D_4_SUB2_C11_72,Impl. Dev. Charged to Patients,ROLLUP,D02D184,"D, Part IV: Apportionment - Subprovider 2",07200,01100,Net Settlement Amount,APPORTIONMENT OF INPATIENT/OUTPATIENT ANCILLARY SERVICE OTHER PASS THROUGH COSTS,nan
D_4_SUB2_C11_73,Drugs Charged to Patients,ROLLUP,D02D184,"D, Part IV: Apportionment - Subprovider 2",07300,01100,Net Settlement Amount,APPORTIONMENT OF INPATIENT/OUTPATIENT ANCILLARY SERVICE OTHER PASS THROUGH COSTS,nan
D_4_SUB2_C11_75,ASC (Non Distinct Part),ROLLUP,D02D184,"D, Part IV: Apportionment - Subprovider 2",07500,01100,Net Settlement Amount,APPORTIONMENT OF INPATIENT/OUTPATIENT ANCILLARY SERVICE OTHER PASS THROUGH COSTS,nan
D_4_SUB2_C11_76,Other Ancillary,ROLLUP,D02D184,"D, Part IV: Apportionment - Subprovider 2",07600,01100,Net Settlement Amount,APPORTIONMENT OF INPATIENT/OUTPATIENT ANCILLARY SERVICE OTHER PASS THROUGH COSTS,nan
D_4_SUB2_C11_88,RHC,ROLLUP,D02D184,"D, Part IV: Apportionment - Subprovider 2",08800,01100,Net Settlement Amount,APPORTIONMENT OF INPATIENT/OUTPATIENT ANCILLARY SERVICE OTHER PASS THROUGH COSTS,nan
D_4_SUB2_C11_89,FQHC,ROLLUP,D02D184,"D, Part IV: Apportionment - Subprovider 2",08900,01100,Net Settlement Amount,APPORTIONMENT OF INPATIENT/OUTPATIENT ANCILLARY SERVICE OTHER PASS THROUGH COSTS,nan
D_4_SUB2_C11_90,Clinic,ROLLUP,D02D184,"D, Part IV: Apportionment - Subprovider 2",09000,01100,Net Settlement Amount,APPORTIONMENT OF INPATIENT/OUTPATIENT ANCILLARY SERVICE OTHER PASS THROUGH COSTS,nan
D_4_SUB2_C11_91,Emergency,ROLLUP,D02D184,"D, Part IV: Apportionment - Subprovider 2",09100,01100,Net Settlement Amount,APPORTIONMENT OF INPATIENT/OUTPATIENT ANCILLARY SERVICE OTHER PASS THROUGH COSTS,nan
D_4_SUB2_C11_9201,Observation Beds (Distinct Unit),ROLLUP,D02D184,"D, Part IV: Apportionment - Subprovider 2",09201,01100,Net Settlement Amount,APPORTIONMENT OF INPATIENT/OUTPATIENT ANCILLARY SERVICE OTHER PASS THROUGH COSTS,nan
D_4_SUB2_C11_93,Other Outpatient Services,ROLLUP,D02D184,"D, Part IV: Apportionment - Subprovider 2",09300,01100,Net Settlement Amount,APPORTIONMENT OF INPATIENT/OUTPATIENT ANCILLARY SERVICE OTHER PASS THROUGH COSTS,nan
D_4_SUB2_C11_96,Durable Medical Equipment Rented,ROLLUP,D02D184,"D, Part IV: Apportionment - Subprovider 2",09600,01100,Net Settlement Amount,APPORTIONMENT OF INPATIENT/OUTPATIENT ANCILLARY SERVICE OTHER PASS THROUGH COSTS,nan
D_4_SUB2_C11_97,Durable Medical Equipment Sold,ROLLUP,D02D184,"D, Part IV: Apportionment - Subprovider 2",09700,01100,Net Settlement Amount,APPORTIONMENT OF INPATIENT/OUTPATIENT ANCILLARY SERVICE OTHER PASS THROUGH COSTS,nan
D_4_SUB2_C11_98,Other Reimbursable,ROLLUP,D02D184,"D, Part IV: Apportionment - Subprovider 2",09800,01100,Net Settlement Amount,APPORTIONMENT OF INPATIENT/OUTPATIENT ANCILLARY SERVICE OTHER PASS THROUGH COSTS,nan
D_4_SUB2_C13_50,Operating Room,ROLLUP,D02D184,"D, Part IV: Apportionment - Subprovider 2",05000,01300,Amount Due To/From Program,APPORTIONMENT OF INPATIENT/OUTPATIENT ANCILLARY SERVICE OTHER PASS THROUGH COSTS,nan
D_4_SUB2_C13_51,Recovery Room,ROLLUP,D02D184,"D, Part IV: Apportionment - Subprovider 2",05100,01300,Amount Due To/From Program,APPORTIONMENT OF INPATIENT/OUTPATIENT ANCILLARY SERVICE OTHER PASS THROUGH COSTS,nan
D_4_SUB2_C13_52,Delivery Room and Labor Room,ROLLUP,D02D184,"D, Part IV: Apportionment - Subprovider 2",05200,01300,Amount Due To/From Program,APPORTIONMENT OF INPATIENT/OUTPATIENT ANCILLARY SERVICE OTHER PASS THROUGH COSTS,nan
D_4_SUB2_C13_53,Anesthesiology,ROLLUP,D02D184,"D, Part IV: Apportionment - Subprovider 2",05300,01300,Amount Due To/From Program,APPORTIONMENT OF INPATIENT/OUTPATIENT ANCILLARY SERVICE OTHER PASS THROUGH COSTS,nan
D_4_SUB2_C13_54,Radiology-Diagnostic,ROLLUP,D02D184,"D, Part IV: Apportionment - Subprovider 2",05400,01300,Amount Due To/From Program,APPORTIONMENT OF INPATIENT/OUTPATIENT ANCILLARY SERVICE OTHER PASS THROUGH COSTS,nan
D_4_SUB2_C13_55,Radiology-Therapeutic,ROLLUP,D02D184,"D, Part IV: Apportionment - Subprovider 2",05500,01300,Amount Due To/From Program,APPORTIONMENT OF INPATIENT/OUTPATIENT ANCILLARY SERVICE OTHER PASS THROUGH COSTS,nan
D_4_SUB2_C13_56,Radioisotope,ROLLUP,D02D184,"D, Part IV: Apportionment - Subprovider 2",05600,01300,Amount Due To/From Program,APPORTIONMENT OF INPATIENT/OUTPATIENT ANCILLARY SERVICE OTHER PASS THROUGH COSTS,nan
D_4_SUB2_C13_57,CT Scan,ROLLUP,D02D184,"D, Part IV: Apportionment - Subprovider 2",05700,01300,Amount Due To/From Program,APPORTIONMENT OF INPATIENT/OUTPATIENT ANCILLARY SERVICE OTHER PASS THROUGH COSTS,nan
D_4_SUB2_C13_58,MRI,ROLLUP,D02D184,"D, Part IV: Apportionment - Subprovider 2",05800,01300,Amount Due To/From Program,APPORTIONMENT OF INPATIENT/OUTPATIENT ANCILLARY SERVICE OTHER PASS THROUGH COSTS,nan
D_4_SUB2_C13_59,Cardiac Catheterization,ROLLUP,D02D184,"D, Part IV: Apportionment - Subprovider 2",05900,01300,Amount Due To/From Program,APPORTIONMENT OF INPATIENT/OUTPATIENT ANCILLARY SERVICE OTHER PASS THROUGH COSTS,nan
D_4_SUB2_C13_60,Laboratory,ROLLUP,D02D184,"D, Part IV: Apportionment - Subprovider 2",06000,01300,Amount Due To/From Program,APPORTIONMENT OF INPATIENT/OUTPATIENT ANCILLARY SERVICE OTHER PASS THROUGH COSTS,nan
D_4_SUB2_C13_62,Whole Blood & Packed Red Blood Cells,ROLLUP,D02D184,"D, Part IV: Apportionment - Subprovider 2",06200,01300,Amount Due To/From Program,APPORTIONMENT OF INPATIENT/OUTPATIENT ANCILLARY SERVICE OTHER PASS THROUGH COSTS,nan
D_4_SUB2_C13_6250,Blood Clotting Factors for Hemoph.,ROLLUP,D02D184,"D, Part IV: Apportionment - Subprovider 2",06250,01300,Amount Due To/From Program,APPORTIONMENT OF INPATIENT/OUTPATIENT ANCILLARY SERVICE OTHER PASS THROUGH COSTS,nan
D_4_SUB2_C13_63,"Blood Storing, Processing, Trans",ROLLUP,D02D184,"D, Part IV: Apportionment - Subprovider 2",06300,01300,Amount Due To/From Program,APPORTIONMENT OF INPATIENT/OUTPATIENT ANCILLARY SERVICE OTHER PASS THROUGH COSTS,nan
D_4_SUB2_C13_64,Intravenous Therapy,ROLLUP,D02D184,"D, Part IV: Apportionment - Subprovider 2",06400,01300,Amount Due To/From Program,APPORTIONMENT OF INPATIENT/OUTPATIENT ANCILLARY SERVICE OTHER PASS THROUGH COSTS,nan
D_4_SUB2_C13_65,Respiratory Therapy,ROLLUP,D02D184,"D, Part IV: Apportionment - Subprovider 2",06500,01300,Amount Due To/From Program,APPORTIONMENT OF INPATIENT/OUTPATIENT ANCILLARY SERVICE OTHER PASS THROUGH COSTS,nan
D_4_SUB2_C13_66,Physical Therapy,ROLLUP,D02D184,"D, Part IV: Apportionment - Subprovider 2",06600,01300,Amount Due To/From Program,APPORTIONMENT OF INPATIENT/OUTPATIENT ANCILLARY SERVICE OTHER PASS THROUGH COSTS,nan
D_4_SUB2_C13_67,Occupational Therapy,ROLLUP,D02D184,"D, Part IV: Apportionment - Subprovider 2",06700,01300,Amount Due To/From Program,APPORTIONMENT OF INPATIENT/OUTPATIENT ANCILLARY SERVICE OTHER PASS THROUGH COSTS,nan
D_4_SUB2_C13_68,Speech Pathology,ROLLUP,D02D184,"D, Part IV: Apportionment - Subprovider 2",06800,01300,Amount Due To/From Program,APPORTIONMENT OF INPATIENT/OUTPATIENT ANCILLARY SERVICE OTHER PASS THROUGH COSTS,nan
D_4_SUB2_C13_69,Electrocardiology,ROLLUP,D02D184,"D, Part IV: Apportionment - Subprovider 2",06900,01300,Amount Due To/From Program,APPORTIONMENT OF INPATIENT/OUTPATIENT ANCILLARY SERVICE OTHER PASS THROUGH COSTS,nan
D_4_SUB2_C13_70,Electroencephalography,ROLLUP,D02D184,"D, Part IV: Apportionment - Subprovider 2",07000,01300,Amount Due To/From Program,APPORTIONMENT OF INPATIENT/OUTPATIENT ANCILLARY SERVICE OTHER PASS THROUGH COSTS,nan
D_4_SUB2_C13_71,Medical Supplies Charged to Patients,ROLLUP,D02D184,"D, Part IV: Apportionment - Subprovider 2",07100,01300,Amount Due To/From Program,APPORTIONMENT OF INPATIENT/OUTPATIENT ANCILLARY SERVICE OTHER PASS THROUGH COSTS,nan
D_4_SUB2_C13_72,Impl. Dev. Charged to Patients,ROLLUP,D02D184,"D, Part IV: Apportionment - Subprovider 2",07200,01300,Amount Due To/From Program,APPORTIONMENT OF INPATIENT/OUTPATIENT ANCILLARY SERVICE OTHER PASS THROUGH COSTS,nan
D_4_SUB2_C13_73,Drugs Charged to Patients,ROLLUP,D02D184,"D, Part IV: Apportionment - Subprovider 2",07300,01300,Amount Due To/From Program,APPORTIONMENT OF INPATIENT/OUTPATIENT ANCILLARY SERVICE OTHER PASS THROUGH COSTS,nan
D_4_SUB2_C13_75,ASC (Non Distinct Part),ROLLUP,D02D184,"D, Part IV: Apportionment - Subprovider 2",07500,01300,Amount Due To/From Program,APPORTIONMENT OF INPATIENT/OUTPATIENT ANCILLARY SERVICE OTHER PASS THROUGH COSTS,nan
D_4_SUB2_C13_76,Other Ancillary,ROLLUP,D02D184,"D, Part IV: Apportionment - Subprovider 2",07600,01300,Amount Due To/From Program,APPORTIONMENT OF INPATIENT/OUTPATIENT ANCILLARY SERVICE OTHER PASS THROUGH COSTS,nan
D_4_SUB2_C13_88,RHC,ROLLUP,D02D184,"D, Part IV: Apportionment - Subprovider 2",08800,01300,Amount Due To/From Program,APPORTIONMENT OF INPATIENT/OUTPATIENT ANCILLARY SERVICE OTHER PASS THROUGH COSTS,nan
D_4_SUB2_C13_89,FQHC,ROLLUP,D02D184,"D, Part IV: Apportionment - Subprovider 2",08900,01300,Amount Due To/From Program,APPORTIONMENT OF INPATIENT/OUTPATIENT ANCILLARY SERVICE OTHER PASS THROUGH COSTS,nan
D_4_SUB2_C13_90,Clinic,ROLLUP,D02D184,"D, Part IV: Apportionment - Subprovider 2",09000,01300,Amount Due To/From Program,APPORTIONMENT OF INPATIENT/OUTPATIENT ANCILLARY SERVICE OTHER PASS THROUGH COSTS,nan
D_4_SUB2_C13_91,Emergency,ROLLUP,D02D184,"D, Part IV: Apportionment - Subprovider 2",09100,01300,Amount Due To/From Program,APPORTIONMENT OF INPATIENT/OUTPATIENT ANCILLARY SERVICE OTHER PASS THROUGH COSTS,nan
D_4_SUB2_C13_9201,Observation Beds (Distinct Unit),ROLLUP,D02D184,"D, Part IV: Apportionment - Subprovider 2",09201,01300,Amount Due To/From Program,APPORTIONMENT OF INPATIENT/OUTPATIENT ANCILLARY SERVICE OTHER PASS THROUGH COSTS,nan
D_4_SUB2_C13_93,Other Outpatient Services,ROLLUP,D02D184,"D, Part IV: Apportionment - Subprovider 2",09300,01300,Amount Due To/From Program,APPORTIONMENT OF INPATIENT/OUTPATIENT ANCILLARY SERVICE OTHER PASS THROUGH COSTS,nan
D_4_SUB2_C13_96,Durable Medical Equipment Rented,ROLLUP,D02D184,"D, Part IV: Apportionment - Subprovider 2",09600,01300,Amount Due To/From Program,APPORTIONMENT OF INPATIENT/OUTPATIENT ANCILLARY SERVICE OTHER PASS THROUGH COSTS,nan
D_4_SUB2_C13_97,Durable Medical Equipment Sold,ROLLUP,D02D184,"D, Part IV: Apportionment - Subprovider 2",09700,01300,Amount Due To/From Program,APPORTIONMENT OF INPATIENT/OUTPATIENT ANCILLARY SERVICE OTHER PASS THROUGH COSTS,nan
D_4_SUB2_C13_98,Other Reimbursable,ROLLUP,D02D184,"D, Part IV: Apportionment - Subprovider 2",09800,01300,Amount Due To/From Program,APPORTIONMENT OF INPATIENT/OUTPATIENT ANCILLARY SERVICE OTHER PASS THROUGH COSTS,nan
D_5_HOS_C2_6250,Blood Clotting Factors for Hemoph.,ROLLUP,D00A185,"D, Part V: Apportionment - Hospital",06250,00200,APPORTIONMENT OF MEDICAL AND OTHER HEALTH SERVICES - PPS REIMBURSED SERVICES -  CHARGES,APPORTIONMENT OF MEDICAL AND OTHER HEALTH SERVICES,PPS REIMBURSED SERVICES -  CHARGES
D_5_HOS_C2_88,RHC,ROLLUP,D00A185,"D, Part V: Apportionment - Hospital",08800,00200,APPORTIONMENT OF MEDICAL AND OTHER HEALTH SERVICES - PPS REIMBURSED SERVICES -  CHARGES,APPORTIONMENT OF MEDICAL AND OTHER HEALTH SERVICES,PPS REIMBURSED SERVICES -  CHARGES
D_5_HOS_C2_89,FQHC,ROLLUP,D00A185,"D, Part V: Apportionment - Hospital",08900,00200,APPORTIONMENT OF MEDICAL AND OTHER HEALTH SERVICES - PPS REIMBURSED SERVICES -  CHARGES,APPORTIONMENT OF MEDICAL AND OTHER HEALTH SERVICES,PPS REIMBURSED SERVICES -  CHARGES
D_5_HOS_C2_96,Durable Medical Equipment Rented,ROLLUP,D00A185,"D, Part V: Apportionment - Hospital",09600,00200,APPORTIONMENT OF MEDICAL AND OTHER HEALTH SERVICES - PPS REIMBURSED SERVICES -  CHARGES,APPORTIONMENT OF MEDICAL AND OTHER HEALTH SERVICES,PPS REIMBURSED SERVICES -  CHARGES
D_5_HOS_C2_97,Durable Medical Equipment Sold,ROLLUP,D00A185,"D, Part V: Apportionment - Hospital",09700,00200,APPORTIONMENT OF MEDICAL AND OTHER HEALTH SERVICES - PPS REIMBURSED SERVICES -  CHARGES,APPORTIONMENT OF MEDICAL AND OTHER HEALTH SERVICES,PPS REIMBURSED SERVICES -  CHARGES
D_5_HOS_C2_98,Other Reimbursable,ROLLUP,D00A185,"D, Part V: Apportionment - Hospital",09800,00200,APPORTIONMENT OF MEDICAL AND OTHER HEALTH SERVICES - PPS REIMBURSED SERVICES -  CHARGES,APPORTIONMENT OF MEDICAL AND OTHER HEALTH SERVICES,PPS REIMBURSED SERVICES -  CHARGES
D_5_HOS_C3_52,Delivery Room and Labor Room,ROLLUP,D00A185,"D, Part V: Apportionment - Hospital",05200,00300,APPORTIONMENT OF MEDICAL AND OTHER HEALTH SERVICES - COST REIMBURSED SERVICES SUBJECT TO DEDUCTIBLES  AND COINSURANCE - CHARGES,APPORTIONMENT OF MEDICAL AND OTHER HEALTH SERVICES,COST REIMBURSED SERVICES SUBJECT TO DEDUCTIBLES  AND COINSURANCE - CHARGES
D_5_HOS_C3_55,Radiology-Therapeutic,ROLLUP,D00A185,"D, Part V: Apportionment - Hospital",05500,00300,APPORTIONMENT OF MEDICAL AND OTHER HEALTH SERVICES - COST REIMBURSED SERVICES SUBJECT TO DEDUCTIBLES  AND COINSURANCE - CHARGES,APPORTIONMENT OF MEDICAL AND OTHER HEALTH SERVICES,COST REIMBURSED SERVICES SUBJECT TO DEDUCTIBLES  AND COINSURANCE - CHARGES
D_5_HOS_C3_57,CT Scan,ROLLUP,D00A185,"D, Part V: Apportionment - Hospital",05700,00300,APPORTIONMENT OF MEDICAL AND OTHER HEALTH SERVICES - COST REIMBURSED SERVICES SUBJECT TO DEDUCTIBLES  AND COINSURANCE - CHARGES,APPORTIONMENT OF MEDICAL AND OTHER HEALTH SERVICES,COST REIMBURSED SERVICES SUBJECT TO DEDUCTIBLES  AND COINSURANCE - CHARGES
D_5_HOS_C3_59,Cardiac Catheterization,ROLLUP,D00A185,"D, Part V: Apportionment - Hospital",05900,00300,APPORTIONMENT OF MEDICAL AND OTHER HEALTH SERVICES - COST REIMBURSED SERVICES SUBJECT TO DEDUCTIBLES  AND COINSURANCE - CHARGES,APPORTIONMENT OF MEDICAL AND OTHER HEALTH SERVICES,COST REIMBURSED SERVICES SUBJECT TO DEDUCTIBLES  AND COINSURANCE - CHARGES
D_5_HOS_C3_62,Whole Blood & Packed Red Blood Cells,ROLLUP,D00A185,"D, Part V: Apportionment - Hospital",06200,00300,APPORTIONMENT OF MEDICAL AND OTHER HEALTH SERVICES - COST REIMBURSED SERVICES SUBJECT TO DEDUCTIBLES  AND COINSURANCE - CHARGES,APPORTIONMENT OF MEDICAL AND OTHER HEALTH SERVICES,COST REIMBURSED SERVICES SUBJECT TO DEDUCTIBLES  AND COINSURANCE - CHARGES
D_5_HOS_C3_6250,Blood Clotting Factors for Hemoph.,ROLLUP,D00A185,"D, Part V: Apportionment - Hospital",06250,00300,APPORTIONMENT OF MEDICAL AND OTHER HEALTH SERVICES - COST REIMBURSED SERVICES SUBJECT TO DEDUCTIBLES  AND COINSURANCE - CHARGES,APPORTIONMENT OF MEDICAL AND OTHER HEALTH SERVICES,COST REIMBURSED SERVICES SUBJECT TO DEDUCTIBLES  AND COINSURANCE - CHARGES
D_5_HOS_C3_64,Intravenous Therapy,ROLLUP,D00A185,"D, Part V: Apportionment - Hospital",06400,00300,APPORTIONMENT OF MEDICAL AND OTHER HEALTH SERVICES - COST REIMBURSED SERVICES SUBJECT TO DEDUCTIBLES  AND COINSURANCE - CHARGES,APPORTIONMENT OF MEDICAL AND OTHER HEALTH SERVICES,COST REIMBURSED SERVICES SUBJECT TO DEDUCTIBLES  AND COINSURANCE - CHARGES
D_5_HOS_C3_70,Electroencephalography,ROLLUP,D00A185,"D, Part V: Apportionment - Hospital",07000,00300,APPORTIONMENT OF MEDICAL AND OTHER HEALTH SERVICES - COST REIMBURSED SERVICES SUBJECT TO DEDUCTIBLES  AND COINSURANCE - CHARGES,APPORTIONMENT OF MEDICAL AND OTHER HEALTH SERVICES,COST REIMBURSED SERVICES SUBJECT TO DEDUCTIBLES  AND COINSURANCE - CHARGES
D_5_HOS_C3_75,ASC (Non Distinct Part),ROLLUP,D00A185,"D, Part V: Apportionment - Hospital",07500,00300,APPORTIONMENT OF MEDICAL AND OTHER HEALTH SERVICES - COST REIMBURSED SERVICES SUBJECT TO DEDUCTIBLES  AND COINSURANCE - CHARGES,APPORTIONMENT OF MEDICAL AND OTHER HEALTH SERVICES,COST REIMBURSED SERVICES SUBJECT TO DEDUCTIBLES  AND COINSURANCE - CHARGES
D_5_HOS_C3_88,RHC,ROLLUP,D00A185,"D, Part V: Apportionment - Hospital",08800,00300,APPORTIONMENT OF MEDICAL AND OTHER HEALTH SERVICES - COST REIMBURSED SERVICES SUBJECT TO DEDUCTIBLES  AND COINSURANCE - CHARGES,APPORTIONMENT OF MEDICAL AND OTHER HEALTH SERVICES,COST REIMBURSED SERVICES SUBJECT TO DEDUCTIBLES  AND COINSURANCE - CHARGES
D_5_HOS_C3_89,FQHC,ROLLUP,D00A185,"D, Part V: Apportionment - Hospital",08900,00300,APPORTIONMENT OF MEDICAL AND OTHER HEALTH SERVICES - COST REIMBURSED SERVICES SUBJECT TO DEDUCTIBLES  AND COINSURANCE - CHARGES,APPORTIONMENT OF MEDICAL AND OTHER HEALTH SERVICES,COST REIMBURSED SERVICES SUBJECT TO DEDUCTIBLES  AND COINSURANCE - CHARGES
D_5_HOS_C3_9201,Observation Beds (Distinct Unit),ROLLUP,D00A185,"D, Part V: Apportionment - Hospital",09201,00300,APPORTIONMENT OF MEDICAL AND OTHER HEALTH SERVICES - COST REIMBURSED SERVICES SUBJECT TO DEDUCTIBLES  AND COINSURANCE - CHARGES,APPORTIONMENT OF MEDICAL AND OTHER HEALTH SERVICES,COST REIMBURSED SERVICES SUBJECT TO DEDUCTIBLES  AND COINSURANCE - CHARGES
D_5_HOS_C3_93,Other Outpatient Services,ROLLUP,D00A185,"D, Part V: Apportionment - Hospital",09300,00300,APPORTIONMENT OF MEDICAL AND OTHER HEALTH SERVICES - COST REIMBURSED SERVICES SUBJECT TO DEDUCTIBLES  AND COINSURANCE - CHARGES,APPORTIONMENT OF MEDICAL AND OTHER HEALTH SERVICES,COST REIMBURSED SERVICES SUBJECT TO DEDUCTIBLES  AND COINSURANCE - CHARGES
D_5_HOS_C3_96,Durable Medical Equipment Rented,ROLLUP,D00A185,"D, Part V: Apportionment - Hospital",09600,00300,APPORTIONMENT OF MEDICAL AND OTHER HEALTH SERVICES - COST REIMBURSED SERVICES SUBJECT TO DEDUCTIBLES  AND COINSURANCE - CHARGES,APPORTIONMENT OF MEDICAL AND OTHER HEALTH SERVICES,COST REIMBURSED SERVICES SUBJECT TO DEDUCTIBLES  AND COINSURANCE - CHARGES
D_5_HOS_C3_97,Durable Medical Equipment Sold,ROLLUP,D00A185,"D, Part V: Apportionment - Hospital",09700,00300,APPORTIONMENT OF MEDICAL AND OTHER HEALTH SERVICES - COST REIMBURSED SERVICES SUBJECT TO DEDUCTIBLES  AND COINSURANCE - CHARGES,APPORTIONMENT OF MEDICAL AND OTHER HEALTH SERVICES,COST REIMBURSED SERVICES SUBJECT TO DEDUCTIBLES  AND COINSURANCE - CHARGES
D_5_HOS_C3_98,Other Reimbursable,ROLLUP,D00A185,"D, Part V: Apportionment - Hospital",09800,00300,APPORTIONMENT OF MEDICAL AND OTHER HEALTH SERVICES - COST REIMBURSED SERVICES SUBJECT TO DEDUCTIBLES  AND COINSURANCE - CHARGES,APPORTIONMENT OF MEDICAL AND OTHER HEALTH SERVICES,COST REIMBURSED SERVICES SUBJECT TO DEDUCTIBLES  AND COINSURANCE - CHARGES
D_5_HOS_C4_52,Delivery Room and Labor Room,ROLLUP,D00A185,"D, Part V: Apportionment - Hospital",05200,00400,APPORTIONMENT OF MEDICAL AND OTHER HEALTH SERVICES - COST REIMBURSED SERVICES NOT SUBJECT TO DEDUCTIBLES AND COINSURANCE - CHARGES,APPORTIONMENT OF MEDICAL AND OTHER HEALTH SERVICES,COST REIMBURSED SERVICES NOT SUBJECT TO DEDUCTIBLES AND COINSURANCE - CHARGES
D_5_HOS_C4_54,Radiology-Diagnostic,ROLLUP,D00A185,"D, Part V: Apportionment - Hospital",05400,00400,APPORTIONMENT OF MEDICAL AND OTHER HEALTH SERVICES - COST REIMBURSED SERVICES NOT SUBJECT TO DEDUCTIBLES AND COINSURANCE - CHARGES,APPORTIONMENT OF MEDICAL AND OTHER HEALTH SERVICES,COST REIMBURSED SERVICES NOT SUBJECT TO DEDUCTIBLES AND COINSURANCE - CHARGES
D_5_HOS_C4_55,Radiology-Therapeutic,ROLLUP,D00A185,"D, Part V: Apportionment - Hospital",05500,00400,APPORTIONMENT OF MEDICAL AND OTHER HEALTH SERVICES - COST REIMBURSED SERVICES NOT SUBJECT TO DEDUCTIBLES AND COINSURANCE - CHARGES,APPORTIONMENT OF MEDICAL AND OTHER HEALTH SERVICES,COST REIMBURSED SERVICES NOT SUBJECT TO DEDUCTIBLES AND COINSURANCE - CHARGES
D_5_HOS_C4_58,MRI,ROLLUP,D00A185,"D, Part V: Apportionment - Hospital",05800,00400,APPORTIONMENT OF MEDICAL AND OTHER HEALTH SERVICES - COST REIMBURSED SERVICES NOT SUBJECT TO DEDUCTIBLES AND COINSURANCE - CHARGES,APPORTIONMENT OF MEDICAL AND OTHER HEALTH SERVICES,COST REIMBURSED SERVICES NOT SUBJECT TO DEDUCTIBLES AND COINSURANCE - CHARGES
D_5_HOS_C4_59,Cardiac Catheterization,ROLLUP,D00A185,"D, Part V: Apportionment - Hospital",05900,00400,APPORTIONMENT OF MEDICAL AND OTHER HEALTH SERVICES - COST REIMBURSED SERVICES NOT SUBJECT TO DEDUCTIBLES AND COINSURANCE - CHARGES,APPORTIONMENT OF MEDICAL AND OTHER HEALTH SERVICES,COST REIMBURSED SERVICES NOT SUBJECT TO DEDUCTIBLES AND COINSURANCE - CHARGES
D_5_HOS_C4_62,Whole Blood & Packed Red Blood Cells,ROLLUP,D00A185,"D, Part V: Apportionment - Hospital",06200,00400,APPORTIONMENT OF MEDICAL AND OTHER HEALTH SERVICES - COST REIMBURSED SERVICES NOT SUBJECT TO DEDUCTIBLES AND COINSURANCE - CHARGES,APPORTIONMENT OF MEDICAL AND OTHER HEALTH SERVICES,COST REIMBURSED SERVICES NOT SUBJECT TO DEDUCTIBLES AND COINSURANCE - CHARGES
D_5_HOS_C4_6250,Blood Clotting Factors for Hemoph.,ROLLUP,D00A185,"D, Part V: Apportionment - Hospital",06250,00400,APPORTIONMENT OF MEDICAL AND OTHER HEALTH SERVICES - COST REIMBURSED SERVICES NOT SUBJECT TO DEDUCTIBLES AND COINSURANCE - CHARGES,APPORTIONMENT OF MEDICAL AND OTHER HEALTH SERVICES,COST REIMBURSED SERVICES NOT SUBJECT TO DEDUCTIBLES AND COINSURANCE - CHARGES
D_5_HOS_C4_63,"Blood Storing, Processing, Trans",ROLLUP,D00A185,"D, Part V: Apportionment - Hospital",06300,00400,APPORTIONMENT OF MEDICAL AND OTHER HEALTH SERVICES - COST REIMBURSED SERVICES NOT SUBJECT TO DEDUCTIBLES AND COINSURANCE - CHARGES,APPORTIONMENT OF MEDICAL AND OTHER HEALTH SERVICES,COST REIMBURSED SERVICES NOT SUBJECT TO DEDUCTIBLES AND COINSURANCE - CHARGES
D_5_HOS_C4_66,Physical Therapy,ROLLUP,D00A185,"D, Part V: Apportionment - Hospital",06600,00400,APPORTIONMENT OF MEDICAL AND OTHER HEALTH SERVICES - COST REIMBURSED SERVICES NOT SUBJECT TO DEDUCTIBLES AND COINSURANCE - CHARGES,APPORTIONMENT OF MEDICAL AND OTHER HEALTH SERVICES,COST REIMBURSED SERVICES NOT SUBJECT TO DEDUCTIBLES AND COINSURANCE - CHARGES
D_5_HOS_C4_67,Occupational Therapy,ROLLUP,D00A185,"D, Part V: Apportionment - Hospital",06700,00400,APPORTIONMENT OF MEDICAL AND OTHER HEALTH SERVICES - COST REIMBURSED SERVICES NOT SUBJECT TO DEDUCTIBLES AND COINSURANCE - CHARGES,APPORTIONMENT OF MEDICAL AND OTHER HEALTH SERVICES,COST REIMBURSED SERVICES NOT SUBJECT TO DEDUCTIBLES AND COINSURANCE - CHARGES
D_5_HOS_C4_68,Speech Pathology,ROLLUP,D00A185,"D, Part V: Apportionment - Hospital",06800,00400,APPORTIONMENT OF MEDICAL AND OTHER HEALTH SERVICES - COST REIMBURSED SERVICES NOT SUBJECT TO DEDUCTIBLES AND COINSURANCE - CHARGES,APPORTIONMENT OF MEDICAL AND OTHER HEALTH SERVICES,COST REIMBURSED SERVICES NOT SUBJECT TO DEDUCTIBLES AND COINSURANCE - CHARGES
D_5_HOS_C4_69,Electrocardiology,ROLLUP,D00A185,"D, Part V: Apportionment - Hospital",06900,00400,APPORTIONMENT OF MEDICAL AND OTHER HEALTH SERVICES - COST REIMBURSED SERVICES NOT SUBJECT TO DEDUCTIBLES AND COINSURANCE - CHARGES,APPORTIONMENT OF MEDICAL AND OTHER HEALTH SERVICES,COST REIMBURSED SERVICES NOT SUBJECT TO DEDUCTIBLES AND COINSURANCE - CHARGES
D_5_HOS_C4_70,Electroencephalography,ROLLUP,D00A185,"D, Part V: Apportionment - Hospital",07000,00400,APPORTIONMENT OF MEDICAL AND OTHER HEALTH SERVICES - COST REIMBURSED SERVICES NOT SUBJECT TO DEDUCTIBLES AND COINSURANCE - CHARGES,APPORTIONMENT OF MEDICAL AND OTHER HEALTH SERVICES,COST REIMBURSED SERVICES NOT SUBJECT TO DEDUCTIBLES AND COINSURANCE - CHARGES
D_5_HOS_C4_71,Medical Supplies Charged to Patients,ROLLUP,D00A185,"D, Part V: Apportionment - Hospital",07100,00400,APPORTIONMENT OF MEDICAL AND OTHER HEALTH SERVICES - COST REIMBURSED SERVICES NOT SUBJECT TO DEDUCTIBLES AND COINSURANCE - CHARGES,APPORTIONMENT OF MEDICAL AND OTHER HEALTH SERVICES,COST REIMBURSED SERVICES NOT SUBJECT TO DEDUCTIBLES AND COINSURANCE - CHARGES
D_5_HOS_C4_72,Impl. Dev. Charged to Patients,ROLLUP,D00A185,"D, Part V: Apportionment - Hospital",07200,00400,APPORTIONMENT OF MEDICAL AND OTHER HEALTH SERVICES - COST REIMBURSED SERVICES NOT SUBJECT TO DEDUCTIBLES AND COINSURANCE - CHARGES,APPORTIONMENT OF MEDICAL AND OTHER HEALTH SERVICES,COST REIMBURSED SERVICES NOT SUBJECT TO DEDUCTIBLES AND COINSURANCE - CHARGES
D_5_HOS_C4_75,ASC (Non Distinct Part),ROLLUP,D00A185,"D, Part V: Apportionment - Hospital",07500,00400,APPORTIONMENT OF MEDICAL AND OTHER HEALTH SERVICES - COST REIMBURSED SERVICES NOT SUBJECT TO DEDUCTIBLES AND COINSURANCE - CHARGES,APPORTIONMENT OF MEDICAL AND OTHER HEALTH SERVICES,COST REIMBURSED SERVICES NOT SUBJECT TO DEDUCTIBLES AND COINSURANCE - CHARGES
D_5_HOS_C4_76,Other Ancillary,ROLLUP,D00A185,"D, Part V: Apportionment - Hospital",07600,00400,APPORTIONMENT OF MEDICAL AND OTHER HEALTH SERVICES - COST REIMBURSED SERVICES NOT SUBJECT TO DEDUCTIBLES AND COINSURANCE - CHARGES,APPORTIONMENT OF MEDICAL AND OTHER HEALTH SERVICES,COST REIMBURSED SERVICES NOT SUBJECT TO DEDUCTIBLES AND COINSURANCE - CHARGES
D_5_HOS_C4_88,RHC,ROLLUP,D00A185,"D, Part V: Apportionment - Hospital",08800,00400,APPORTIONMENT OF MEDICAL AND OTHER HEALTH SERVICES - COST REIMBURSED SERVICES NOT SUBJECT TO DEDUCTIBLES AND COINSURANCE - CHARGES,APPORTIONMENT OF MEDICAL AND OTHER HEALTH SERVICES,COST REIMBURSED SERVICES NOT SUBJECT TO DEDUCTIBLES AND COINSURANCE - CHARGES
D_5_HOS_C4_89,FQHC,ROLLUP,D00A185,"D, Part V: Apportionment - Hospital",08900,00400,APPORTIONMENT OF MEDICAL AND OTHER HEALTH SERVICES - COST REIMBURSED SERVICES NOT SUBJECT TO DEDUCTIBLES AND COINSURANCE - CHARGES,APPORTIONMENT OF MEDICAL AND OTHER HEALTH SERVICES,COST REIMBURSED SERVICES NOT SUBJECT TO DEDUCTIBLES AND COINSURANCE - CHARGES
D_5_HOS_C4_9201,Observation Beds (Distinct Unit),ROLLUP,D00A185,"D, Part V: Apportionment - Hospital",09201,00400,APPORTIONMENT OF MEDICAL AND OTHER HEALTH SERVICES - COST REIMBURSED SERVICES NOT SUBJECT TO DEDUCTIBLES AND COINSURANCE - CHARGES,APPORTIONMENT OF MEDICAL AND OTHER HEALTH SERVICES,COST REIMBURSED SERVICES NOT SUBJECT TO DEDUCTIBLES AND COINSURANCE - CHARGES
D_5_HOS_C4_96,Durable Medical Equipment Rented,ROLLUP,D00A185,"D, Part V: Apportionment - Hospital",09600,00400,APPORTIONMENT OF MEDICAL AND OTHER HEALTH SERVICES - COST REIMBURSED SERVICES NOT SUBJECT TO DEDUCTIBLES AND COINSURANCE - CHARGES,APPORTIONMENT OF MEDICAL AND OTHER HEALTH SERVICES,COST REIMBURSED SERVICES NOT SUBJECT TO DEDUCTIBLES AND COINSURANCE - CHARGES
D_5_HOS_C4_97,Durable Medical Equipment Sold,ROLLUP,D00A185,"D, Part V: Apportionment - Hospital",09700,00400,APPORTIONMENT OF MEDICAL AND OTHER HEALTH SERVICES - COST REIMBURSED SERVICES NOT SUBJECT TO DEDUCTIBLES AND COINSURANCE - CHARGES,APPORTIONMENT OF MEDICAL AND OTHER HEALTH SERVICES,COST REIMBURSED SERVICES NOT SUBJECT TO DEDUCTIBLES AND COINSURANCE - CHARGES
D_5_HOS_C4_98,Other Reimbursable,ROLLUP,D00A185,"D, Part V: Apportionment - Hospital",09800,00400,APPORTIONMENT OF MEDICAL AND OTHER HEALTH SERVICES - COST REIMBURSED SERVICES NOT SUBJECT TO DEDUCTIBLES AND COINSURANCE - CHARGES,APPORTIONMENT OF MEDICAL AND OTHER HEALTH SERVICES,COST REIMBURSED SERVICES NOT SUBJECT TO DEDUCTIBLES AND COINSURANCE - CHARGES
D_5_HOS_C5_6250,Blood Clotting Factors for Hemoph.,ROLLUP,D00A185,"D, Part V: Apportionment - Hospital",06250,00500,APPORTIONMENT OF MEDICAL AND OTHER HEALTH SERVICES - PPS SERVICES COST,APPORTIONMENT OF MEDICAL AND OTHER HEALTH SERVICES,PPS SERVICES COST
D_5_HOS_C5_88,RHC,ROLLUP,D00A185,"D, Part V: Apportionment - Hospital",08800,00500,APPORTIONMENT OF MEDICAL AND OTHER HEALTH SERVICES - PPS SERVICES COST,APPORTIONMENT OF MEDICAL AND OTHER HEALTH SERVICES,PPS SERVICES COST
D_5_HOS_C5_89,FQHC,ROLLUP,D00A185,"D, Part V: Apportionment - Hospital",08900,00500,APPORTIONMENT OF MEDICAL AND OTHER HEALTH SERVICES - PPS SERVICES COST,APPORTIONMENT OF MEDICAL AND OTHER HEALTH SERVICES,PPS SERVICES COST
D_5_HOS_C5_96,Durable Medical Equipment Rented,ROLLUP,D00A185,"D, Part V: Apportionment - Hospital",09600,00500,APPORTIONMENT OF MEDICAL AND OTHER HEALTH SERVICES - PPS SERVICES COST,APPORTIONMENT OF MEDICAL AND OTHER HEALTH SERVICES,PPS SERVICES COST
D_5_HOS_C5_97,Durable Medical Equipment Sold,ROLLUP,D00A185,"D, Part V: Apportionment - Hospital",09700,00500,APPORTIONMENT OF MEDICAL AND OTHER HEALTH SERVICES - PPS SERVICES COST,APPORTIONMENT OF MEDICAL AND OTHER HEALTH SERVICES,PPS SERVICES COST
D_5_HOS_C5_98,Other Reimbursable,ROLLUP,D00A185,"D, Part V: Apportionment - Hospital",09800,00500,APPORTIONMENT OF MEDICAL AND OTHER HEALTH SERVICES - PPS SERVICES COST,APPORTIONMENT OF MEDICAL AND OTHER HEALTH SERVICES,PPS SERVICES COST
D_5_HOS_C6_52,Delivery Room and Labor Room,ROLLUP,D00A185,"D, Part V: Apportionment - Hospital",05200,00600,APPORTIONMENT OF MEDICAL AND OTHER HEALTH SERVICES - COST SERVICES SUBJECT TO DEDUCTIBLES AND COINSURANCE - COST,APPORTIONMENT OF MEDICAL AND OTHER HEALTH SERVICES,COST SERVICES SUBJECT TO DEDUCTIBLES AND COINSURANCE - COST
D_5_HOS_C6_55,Radiology-Therapeutic,ROLLUP,D00A185,"D, Part V: Apportionment - Hospital",05500,00600,APPORTIONMENT OF MEDICAL AND OTHER HEALTH SERVICES - COST SERVICES SUBJECT TO DEDUCTIBLES AND COINSURANCE - COST,APPORTIONMENT OF MEDICAL AND OTHER HEALTH SERVICES,COST SERVICES SUBJECT TO DEDUCTIBLES AND COINSURANCE - COST
D_5_HOS_C6_57,CT Scan,ROLLUP,D00A185,"D, Part V: Apportionment - Hospital",05700,00600,APPORTIONMENT OF MEDICAL AND OTHER HEALTH SERVICES - COST SERVICES SUBJECT TO DEDUCTIBLES AND COINSURANCE - COST,APPORTIONMENT OF MEDICAL AND OTHER HEALTH SERVICES,COST SERVICES SUBJECT TO DEDUCTIBLES AND COINSURANCE - COST
D_5_HOS_C6_59,Cardiac Catheterization,ROLLUP,D00A185,"D, Part V: Apportionment - Hospital",05900,00600,APPORTIONMENT OF MEDICAL AND OTHER HEALTH SERVICES - COST SERVICES SUBJECT TO DEDUCTIBLES AND COINSURANCE - COST,APPORTIONMENT OF MEDICAL AND OTHER HEALTH SERVICES,COST SERVICES SUBJECT TO DEDUCTIBLES AND COINSURANCE - COST
D_5_HOS_C6_62,Whole Blood & Packed Red Blood Cells,ROLLUP,D00A185,"D, Part V: Apportionment - Hospital",06200,00600,APPORTIONMENT OF MEDICAL AND OTHER HEALTH SERVICES - COST SERVICES SUBJECT TO DEDUCTIBLES AND COINSURANCE - COST,APPORTIONMENT OF MEDICAL AND OTHER HEALTH SERVICES,COST SERVICES SUBJECT TO DEDUCTIBLES AND COINSURANCE - COST
D_5_HOS_C6_6250,Blood Clotting Factors for Hemoph.,ROLLUP,D00A185,"D, Part V: Apportionment - Hospital",06250,00600,APPORTIONMENT OF MEDICAL AND OTHER HEALTH SERVICES - COST SERVICES SUBJECT TO DEDUCTIBLES AND COINSURANCE - COST,APPORTIONMENT OF MEDICAL AND OTHER HEALTH SERVICES,COST SERVICES SUBJECT TO DEDUCTIBLES AND COINSURANCE - COST
D_5_HOS_C6_64,Intravenous Therapy,ROLLUP,D00A185,"D, Part V: Apportionment - Hospital",06400,00600,APPORTIONMENT OF MEDICAL AND OTHER HEALTH SERVICES - COST SERVICES SUBJECT TO DEDUCTIBLES AND COINSURANCE - COST,APPORTIONMENT OF MEDICAL AND OTHER HEALTH SERVICES,COST SERVICES SUBJECT TO DEDUCTIBLES AND COINSURANCE - COST
D_5_HOS_C6_70,Electroencephalography,ROLLUP,D00A185,"D, Part V: Apportionment - Hospital",07000,00600,APPORTIONMENT OF MEDICAL AND OTHER HEALTH SERVICES - COST SERVICES SUBJECT TO DEDUCTIBLES AND COINSURANCE - COST,APPORTIONMENT OF MEDICAL AND OTHER HEALTH SERVICES,COST SERVICES SUBJECT TO DEDUCTIBLES AND COINSURANCE - COST
D_5_HOS_C6_75,ASC (Non Distinct Part),ROLLUP,D00A185,"D, Part V: Apportionment - Hospital",07500,00600,APPORTIONMENT OF MEDICAL AND OTHER HEALTH SERVICES - COST SERVICES SUBJECT TO DEDUCTIBLES AND COINSURANCE - COST,APPORTIONMENT OF MEDICAL AND OTHER HEALTH SERVICES,COST SERVICES SUBJECT TO DEDUCTIBLES AND COINSURANCE - COST
D_5_HOS_C6_88,RHC,ROLLUP,D00A185,"D, Part V: Apportionment - Hospital",08800,00600,APPORTIONMENT OF MEDICAL AND OTHER HEALTH SERVICES - COST SERVICES SUBJECT TO DEDUCTIBLES AND COINSURANCE - COST,APPORTIONMENT OF MEDICAL AND OTHER HEALTH SERVICES,COST SERVICES SUBJECT TO DEDUCTIBLES AND COINSURANCE - COST
D_5_HOS_C6_89,FQHC,ROLLUP,D00A185,"D, Part V: Apportionment - Hospital",08900,00600,APPORTIONMENT OF MEDICAL AND OTHER HEALTH SERVICES - COST SERVICES SUBJECT TO DEDUCTIBLES AND COINSURANCE - COST,APPORTIONMENT OF MEDICAL AND OTHER HEALTH SERVICES,COST SERVICES SUBJECT TO DEDUCTIBLES AND COINSURANCE - COST
D_5_HOS_C6_9201,Observation Beds (Distinct Unit),ROLLUP,D00A185,"D, Part V: Apportionment - Hospital",09201,00600,APPORTIONMENT OF MEDICAL AND OTHER HEALTH SERVICES - COST SERVICES SUBJECT TO DEDUCTIBLES AND COINSURANCE - COST,APPORTIONMENT OF MEDICAL AND OTHER HEALTH SERVICES,COST SERVICES SUBJECT TO DEDUCTIBLES AND COINSURANCE - COST
D_5_HOS_C6_93,Other Outpatient Services,ROLLUP,D00A185,"D, Part V: Apportionment - Hospital",09300,00600,APPORTIONMENT OF MEDICAL AND OTHER HEALTH SERVICES - COST SERVICES SUBJECT TO DEDUCTIBLES AND COINSURANCE - COST,APPORTIONMENT OF MEDICAL AND OTHER HEALTH SERVICES,COST SERVICES SUBJECT TO DEDUCTIBLES AND COINSURANCE - COST
D_5_HOS_C6_96,Durable Medical Equipment Rented,ROLLUP,D00A185,"D, Part V: Apportionment - Hospital",09600,00600,APPORTIONMENT OF MEDICAL AND OTHER HEALTH SERVICES - COST SERVICES SUBJECT TO DEDUCTIBLES AND COINSURANCE - COST,APPORTIONMENT OF MEDICAL AND OTHER HEALTH SERVICES,COST SERVICES SUBJECT TO DEDUCTIBLES AND COINSURANCE - COST
D_5_HOS_C6_97,Durable Medical Equipment Sold,ROLLUP,D00A185,"D, Part V: Apportionment - Hospital",09700,00600,APPORTIONMENT OF MEDICAL AND OTHER HEALTH SERVICES - COST SERVICES SUBJECT TO DEDUCTIBLES AND COINSURANCE - COST,APPORTIONMENT OF MEDICAL AND OTHER HEALTH SERVICES,COST SERVICES SUBJECT TO DEDUCTIBLES AND COINSURANCE - COST
D_5_HOS_C6_98,Other Reimbursable,ROLLUP,D00A185,"D, Part V: Apportionment - Hospital",09800,00600,APPORTIONMENT OF MEDICAL AND OTHER HEALTH SERVICES - COST SERVICES SUBJECT TO DEDUCTIBLES AND COINSURANCE - COST,APPORTIONMENT OF MEDICAL AND OTHER HEALTH SERVICES,COST SERVICES SUBJECT TO DEDUCTIBLES AND COINSURANCE - COST
D_5_HOS_C7_52,Delivery Room and Labor Room,ROLLUP,D00A185,"D, Part V: Apportionment - Hospital",05200,00700,APPORTIONMENT OF MEDICAL AND OTHER HEALTH SERVICES - COST SERVICES NOT SUBJECT TO DEDUCTIBLES AND COINSURANCE - COST,APPORTIONMENT OF MEDICAL AND OTHER HEALTH SERVICES,COST SERVICES NOT SUBJECT TO DEDUCTIBLES AND COINSURANCE - COST
D_5_HOS_C7_53,Anesthesiology,ROLLUP,D00A185,"D, Part V: Apportionment - Hospital",05300,00700,APPORTIONMENT OF MEDICAL AND OTHER HEALTH SERVICES - COST SERVICES NOT SUBJECT TO DEDUCTIBLES AND COINSURANCE - COST,APPORTIONMENT OF MEDICAL AND OTHER HEALTH SERVICES,COST SERVICES NOT SUBJECT TO DEDUCTIBLES AND COINSURANCE - COST
D_5_HOS_C7_54,Radiology-Diagnostic,ROLLUP,D00A185,"D, Part V: Apportionment - Hospital",05400,00700,APPORTIONMENT OF MEDICAL AND OTHER HEALTH SERVICES - COST SERVICES NOT SUBJECT TO DEDUCTIBLES AND COINSURANCE - COST,APPORTIONMENT OF MEDICAL AND OTHER HEALTH SERVICES,COST SERVICES NOT SUBJECT TO DEDUCTIBLES AND COINSURANCE - COST
D_5_HOS_C7_55,Radiology-Therapeutic,ROLLUP,D00A185,"D, Part V: Apportionment - Hospital",05500,00700,APPORTIONMENT OF MEDICAL AND OTHER HEALTH SERVICES - COST SERVICES NOT SUBJECT TO DEDUCTIBLES AND COINSURANCE - COST,APPORTIONMENT OF MEDICAL AND OTHER HEALTH SERVICES,COST SERVICES NOT SUBJECT TO DEDUCTIBLES AND COINSURANCE - COST
D_5_HOS_C7_57,CT Scan,ROLLUP,D00A185,"D, Part V: Apportionment - Hospital",05700,00700,APPORTIONMENT OF MEDICAL AND OTHER HEALTH SERVICES - COST SERVICES NOT SUBJECT TO DEDUCTIBLES AND COINSURANCE - COST,APPORTIONMENT OF MEDICAL AND OTHER HEALTH SERVICES,COST SERVICES NOT SUBJECT TO DEDUCTIBLES AND COINSURANCE - COST
D_5_HOS_C7_58,MRI,ROLLUP,D00A185,"D, Part V: Apportionment - Hospital",05800,00700,APPORTIONMENT OF MEDICAL AND OTHER HEALTH SERVICES - COST SERVICES NOT SUBJECT TO DEDUCTIBLES AND COINSURANCE - COST,APPORTIONMENT OF MEDICAL AND OTHER HEALTH SERVICES,COST SERVICES NOT SUBJECT TO DEDUCTIBLES AND COINSURANCE - COST
D_5_HOS_C7_59,Cardiac Catheterization,ROLLUP,D00A185,"D, Part V: Apportionment - Hospital",05900,00700,APPORTIONMENT OF MEDICAL AND OTHER HEALTH SERVICES - COST SERVICES NOT SUBJECT TO DEDUCTIBLES AND COINSURANCE - COST,APPORTIONMENT OF MEDICAL AND OTHER HEALTH SERVICES,COST SERVICES NOT SUBJECT TO DEDUCTIBLES AND COINSURANCE - COST
D_5_HOS_C7_62,Whole Blood & Packed Red Blood Cells,ROLLUP,D00A185,"D, Part V: Apportionment - Hospital",06200,00700,APPORTIONMENT OF MEDICAL AND OTHER HEALTH SERVICES - COST SERVICES NOT SUBJECT TO DEDUCTIBLES AND COINSURANCE - COST,APPORTIONMENT OF MEDICAL AND OTHER HEALTH SERVICES,COST SERVICES NOT SUBJECT TO DEDUCTIBLES AND COINSURANCE - COST
D_5_HOS_C7_6250,Blood Clotting Factors for Hemoph.,ROLLUP,D00A185,"D, Part V: Apportionment - Hospital",06250,00700,APPORTIONMENT OF MEDICAL AND OTHER HEALTH SERVICES - COST SERVICES NOT SUBJECT TO DEDUCTIBLES AND COINSURANCE - COST,APPORTIONMENT OF MEDICAL AND OTHER HEALTH SERVICES,COST SERVICES NOT SUBJECT TO DEDUCTIBLES AND COINSURANCE - COST
D_5_HOS_C7_63,"Blood Storing, Processing, Trans",ROLLUP,D00A185,"D, Part V: Apportionment - Hospital",06300,00700,APPORTIONMENT OF MEDICAL AND OTHER HEALTH SERVICES - COST SERVICES NOT SUBJECT TO DEDUCTIBLES AND COINSURANCE - COST,APPORTIONMENT OF MEDICAL AND OTHER HEALTH SERVICES,COST SERVICES NOT SUBJECT TO DEDUCTIBLES AND COINSURANCE - COST
D_5_HOS_C7_64,Intravenous Therapy,ROLLUP,D00A185,"D, Part V: Apportionment - Hospital",06400,00700,APPORTIONMENT OF MEDICAL AND OTHER HEALTH SERVICES - COST SERVICES NOT SUBJECT TO DEDUCTIBLES AND COINSURANCE - COST,APPORTIONMENT OF MEDICAL AND OTHER HEALTH SERVICES,COST SERVICES NOT SUBJECT TO DEDUCTIBLES AND COINSURANCE - COST
D_5_HOS_C7_66,Physical Therapy,ROLLUP,D00A185,"D, Part V: Apportionment - Hospital",06600,00700,APPORTIONMENT OF MEDICAL AND OTHER HEALTH SERVICES - COST SERVICES NOT SUBJECT TO DEDUCTIBLES AND COINSURANCE - COST,APPORTIONMENT OF MEDICAL AND OTHER HEALTH SERVICES,COST SERVICES NOT SUBJECT TO DEDUCTIBLES AND COINSURANCE - COST
D_5_HOS_C7_67,Occupational Therapy,ROLLUP,D00A185,"D, Part V: Apportionment - Hospital",06700,00700,APPORTIONMENT OF MEDICAL AND OTHER HEALTH SERVICES - COST SERVICES NOT SUBJECT TO DEDUCTIBLES AND COINSURANCE - COST,APPORTIONMENT OF MEDICAL AND OTHER HEALTH SERVICES,COST SERVICES NOT SUBJECT TO DEDUCTIBLES AND COINSURANCE - COST
D_5_HOS_C7_68,Speech Pathology,ROLLUP,D00A185,"D, Part V: Apportionment - Hospital",06800,00700,APPORTIONMENT OF MEDICAL AND OTHER HEALTH SERVICES - COST SERVICES NOT SUBJECT TO DEDUCTIBLES AND COINSURANCE - COST,APPORTIONMENT OF MEDICAL AND OTHER HEALTH SERVICES,COST SERVICES NOT SUBJECT TO DEDUCTIBLES AND COINSURANCE - COST
D_5_HOS_C7_69,Electrocardiology,ROLLUP,D00A185,"D, Part V: Apportionment - Hospital",06900,00700,APPORTIONMENT OF MEDICAL AND OTHER HEALTH SERVICES - COST SERVICES NOT SUBJECT TO DEDUCTIBLES AND COINSURANCE - COST,APPORTIONMENT OF MEDICAL AND OTHER HEALTH SERVICES,COST SERVICES NOT SUBJECT TO DEDUCTIBLES AND COINSURANCE - COST
D_5_HOS_C7_70,Electroencephalography,ROLLUP,D00A185,"D, Part V: Apportionment - Hospital",07000,00700,APPORTIONMENT OF MEDICAL AND OTHER HEALTH SERVICES - COST SERVICES NOT SUBJECT TO DEDUCTIBLES AND COINSURANCE - COST,APPORTIONMENT OF MEDICAL AND OTHER HEALTH SERVICES,COST SERVICES NOT SUBJECT TO DEDUCTIBLES AND COINSURANCE - COST
D_5_HOS_C7_71,Medical Supplies Charged to Patients,ROLLUP,D00A185,"D, Part V: Apportionment - Hospital",07100,00700,APPORTIONMENT OF MEDICAL AND OTHER HEALTH SERVICES - COST SERVICES NOT SUBJECT TO DEDUCTIBLES AND COINSURANCE - COST,APPORTIONMENT OF MEDICAL AND OTHER HEALTH SERVICES,COST SERVICES NOT SUBJECT TO DEDUCTIBLES AND COINSURANCE - COST
D_5_HOS_C7_72,Impl. Dev. Charged to Patients,ROLLUP,D00A185,"D, Part V: Apportionment - Hospital",07200,00700,APPORTIONMENT OF MEDICAL AND OTHER HEALTH SERVICES - COST SERVICES NOT SUBJECT TO DEDUCTIBLES AND COINSURANCE - COST,APPORTIONMENT OF MEDICAL AND OTHER HEALTH SERVICES,COST SERVICES NOT SUBJECT TO DEDUCTIBLES AND COINSURANCE - COST
D_5_HOS_C7_75,ASC (Non Distinct Part),ROLLUP,D00A185,"D, Part V: Apportionment - Hospital",07500,00700,APPORTIONMENT OF MEDICAL AND OTHER HEALTH SERVICES - COST SERVICES NOT SUBJECT TO DEDUCTIBLES AND COINSURANCE - COST,APPORTIONMENT OF MEDICAL AND OTHER HEALTH SERVICES,COST SERVICES NOT SUBJECT TO DEDUCTIBLES AND COINSURANCE - COST
D_5_HOS_C7_76,Other Ancillary,ROLLUP,D00A185,"D, Part V: Apportionment - Hospital",07600,00700,APPORTIONMENT OF MEDICAL AND OTHER HEALTH SERVICES - COST SERVICES NOT SUBJECT TO DEDUCTIBLES AND COINSURANCE - COST,APPORTIONMENT OF MEDICAL AND OTHER HEALTH SERVICES,COST SERVICES NOT SUBJECT TO DEDUCTIBLES AND COINSURANCE - COST
D_5_HOS_C7_88,RHC,ROLLUP,D00A185,"D, Part V: Apportionment - Hospital",08800,00700,APPORTIONMENT OF MEDICAL AND OTHER HEALTH SERVICES - COST SERVICES NOT SUBJECT TO DEDUCTIBLES AND COINSURANCE - COST,APPORTIONMENT OF MEDICAL AND OTHER HEALTH SERVICES,COST SERVICES NOT SUBJECT TO DEDUCTIBLES AND COINSURANCE - COST
D_5_HOS_C7_89,FQHC,ROLLUP,D00A185,"D, Part V: Apportionment - Hospital",08900,00700,APPORTIONMENT OF MEDICAL AND OTHER HEALTH SERVICES - COST SERVICES NOT SUBJECT TO DEDUCTIBLES AND COINSURANCE - COST,APPORTIONMENT OF MEDICAL AND OTHER HEALTH SERVICES,COST SERVICES NOT SUBJECT TO DEDUCTIBLES AND COINSURANCE - COST
D_5_HOS_C7_9201,Observation Beds (Distinct Unit),ROLLUP,D00A185,"D, Part V: Apportionment - Hospital",09201,00700,APPORTIONMENT OF MEDICAL AND OTHER HEALTH SERVICES - COST SERVICES NOT SUBJECT TO DEDUCTIBLES AND COINSURANCE - COST,APPORTIONMENT OF MEDICAL AND OTHER HEALTH SERVICES,COST SERVICES NOT SUBJECT TO DEDUCTIBLES AND COINSURANCE - COST
D_5_HOS_C7_96,Durable Medical Equipment Rented,ROLLUP,D00A185,"D, Part V: Apportionment - Hospital",09600,00700,APPORTIONMENT OF MEDICAL AND OTHER HEALTH SERVICES - COST SERVICES NOT SUBJECT TO DEDUCTIBLES AND COINSURANCE - COST,APPORTIONMENT OF MEDICAL AND OTHER HEALTH SERVICES,COST SERVICES NOT SUBJECT TO DEDUCTIBLES AND COINSURANCE - COST
D_5_HOS_C7_97,Durable Medical Equipment Sold,ROLLUP,D00A185,"D, Part V: Apportionment - Hospital",09700,00700,APPORTIONMENT OF MEDICAL AND OTHER HEALTH SERVICES - COST SERVICES NOT SUBJECT TO DEDUCTIBLES AND COINSURANCE - COST,APPORTIONMENT OF MEDICAL AND OTHER HEALTH SERVICES,COST SERVICES NOT SUBJECT TO DEDUCTIBLES AND COINSURANCE - COST
D_5_HOS_C7_98,Other Reimbursable,ROLLUP,D00A185,"D, Part V: Apportionment - Hospital",09800,00700,APPORTIONMENT OF MEDICAL AND OTHER HEALTH SERVICES - COST SERVICES NOT SUBJECT TO DEDUCTIBLES AND COINSURANCE - COST,APPORTIONMENT OF MEDICAL AND OTHER HEALTH SERVICES,COST SERVICES NOT SUBJECT TO DEDUCTIBLES AND COINSURANCE - COST
E2_SWSNF_C1_16,Swing Bed SNF | Line 16 | Col 1,ROLLUP,E20F180,E-2: Swing Bed SNF,01600,00100,CALCULATION OF REIMBURSEMENT SETTLEMENT,CALCULATION OF REIMBURSEMENT SETTLEMENT,nan
E3_1_HOS_C1_17,Hospital | Line 17 | Col 1,ROLLUP,E30A181,"E-3, Part I: Settlement - Hospital",01700,00100,Amount,nan,nan
E3_1_IPF_C1_17,Inpatient Psychiatric Facility | Line 17 | Col 1,ROLLUP,E30B181,"E-3, Part I: Settlement - IPF",01700,00100,Amount,CALCULATION OF REIMBURSEMENT SETTLEMENT (TEFRA),nan
E3_1_IRF_C1_17,Inpatient Rehabilitation Facility | Line 17 | Col 1,ROLLUP,E30C181,"E-3, Part I: Settlement - IRF",01700,00100,Amount,CALCULATION OF REIMBURSEMENT SETTLEMENT (TEFRA),nan
E3_1_SNF_C1_17,Skilled Nursing Facility | Line 17 | Col 1,ROLLUP,E30E181,"E-3, Part I: Settlement - SNF",01700,00100,Amount,CALCULATION OF REIMBURSEMENT SETTLEMENT (TEFRA),nan
E3_1_SUB1_C1_17,Subprovider 1 | Line 17 | Col 1,ROLLUP,E31D181,"E-3, Part I: Settlement - Subprovider 1",01700,00100,Amount,CALCULATION OF REIMBURSEMENT SETTLEMENT (TEFRA),nan
E3_1_SUB2_C1_17,Subprovider 2 | Line 17 | Col 1,ROLLUP,E32D181,"E-3, Part I: Settlement - Subprovider 2",01700,00100,Amount,CALCULATION OF REIMBURSEMENT SETTLEMENT (TEFRA),nan
E3_2_HOS_C1_30,Hospital | Line 30 | Col 1,ROLLUP,E30A182,"E-3, Part II: Settlement - Hospital",03000,00100,Amount,nan,nan
E3_2_IPF_C1_30,Inpatient Psychiatric Facility | Line 30 | Col 1,ROLLUP,E30B182,"E-3, Part II: Settlement - IPF",03000,00100,Amount,CALCULATION OF REIMBURSEMENT SETTLEMENT (PPS),nan
E3_3_HOS_C1_31,Hospital | Line 31 | Col 1,ROLLUP,E30A183,"E-3, Part III: Settlement - Hospital",03100,00100,Amount,nan,nan
E3_3_IRF_C1_31,Inpatient Rehabilitation Facility | Line 31 | Col 1,ROLLUP,E30C183,"E-3, Part III: Settlement - IRF",03100,00100,Amount,CALCULATION OF REIMBURSEMENT SETTLEMENT (PPS),nan
E3_4_HOS_C1_21,Hospital | Line 21 | Col 1,ROLLUP,E30A184,"E-3, Part IV: Settlement - Hospital",02100,00100,Amount,nan,nan
E3_4_SUB1_C1_21,Subprovider 1 | Line 21 | Col 1,ROLLUP,E31D184,"E-3, Part IV: Settlement - Subprovider 1",02100,00100,Amount,LTCH PPS,nan
E3_4_SUB2_C1_21,Subprovider 2 | Line 21 | Col 1,ROLLUP,E32D184,"E-3, Part IV: Settlement - Subprovider 2",02100,00100,Amount,LTCH PPS,nan
E3_6_SNF_C1_14,Skilled Nursing Facility | Line 14 | Col 1,ROLLUP,E30E186,"E-3, Part VI: Settlement - SNF",01400,00100,Amount,CALCULATION OF REIMBURSEMENT SETTLEMENT,nan
E_B_HOS_C1_39,Other adjustments,ROLLUP,E00A18B,"E, Part B: Settlement - Hospital",03900,00100,Amount,CALCULATION OF REIMBURSEMENT SETTLEMENT,
E_B_IPF_C1_39,Inpatient Psychiatric Facility | Line 39 | Col 1,ROLLUP,E00B18B,"E, Part B: Settlement - IPF",03900,00100,Amount,CALCULATION OF REIMBURSEMENT SETTLEMENT,nan
E_B_IRF_C1_39,Inpatient Rehabilitation Facility | Line 39 | Col 1,ROLLUP,E00C18B,"E, Part B: Settlement - IRF",03900,00100,Amount,CALCULATION OF REIMBURSEMENT SETTLEMENT,nan
E_B_SNF_C1_39,Skilled Nursing Facility | Line 39 | Col 1,ROLLUP,E00E18B,"E, Part B: Settlement - SNF",03900,00100,Amount,CALCULATION OF REIMBURSEMENT SETTLEMENT,nan
E_B_SUB1_C1_39,Subprovider 1 | Line 39 | Col 1,ROLLUP,E01D18B,"E, Part B: Settlement - Subprovider 1",03900,00100,Amount,CALCULATION OF REIMBURSEMENT SETTLEMENT,nan
E_B_SUB2_C1_39,Subprovider 2 | Line 39 | Col 1,ROLLUP,E02D18B,"E, Part B: Settlement - Subprovider 2",03900,00100,Amount,CALCULATION OF REIMBURSEMENT SETTLEMENT,nan
G2_C1_12,Line 12 | Col 1,ROLLUP,G200000,G-2: Statement of Changes in Fund Balance,01200,00100,General Fund,nan,nan
G2_C1_21,Line 21 | Col 1,ROLLUP,G200000,G-2: Statement of Changes in Fund Balance,02100,00100,General Fund,nan,nan
G2_C1_22,Line 22 | Col 1,ROLLUP,G200000,G-2: Statement of Changes in Fund Balance,02200,00100,General Fund,nan,nan
G2_C1_24,Line 24 | Col 1,ROLLUP,G200000,G-2: Statement of Changes in Fund Balance,02400,00100,General Fund,nan,nan
G2_C1_26,Line 26 | Col 1,ROLLUP,G200000,G-2: Statement of Changes in Fund Balance,02600,00100,General Fund,nan,nan
G2_C2_24,Line 24 | Col 2,ROLLUP,G200000,G-2: Statement of Changes in Fund Balance,02400,00200,Specific Purpose Fund,nan,nan
G_C1THRU4_56,"Balance Sheet Cols 1-4, Line 56",ROLLUP,G000000,G: Balance Sheet,05600,00100,Current Period End,BALANCE SHEET,nan
G_C1THRU4_57,"Balance Sheet Cols 1-4, Line 57",ROLLUP,G000000,G: Balance Sheet,05700,00100,Current Period End,BALANCE SHEET,nan
G_C1THRU4_58,"Balance Sheet Cols 1-4, Line 58",ROLLUP,G000000,G: Balance Sheet,05800,00100,Current Period End,BALANCE SHEET,nan
S3_1_C10_25,Outpatient Rehab Provider,ROLLUP,S300001,"S-3, Part I: Utilization Data",02500,01000,Discharges (Title XIX Medicaid),Total Inpatient Days/Outpatient Visits,nan
S3_1_C11_22,HHA,ROLLUP,S300001,"S-3, Part I: Utilization Data",02200,01100,Total Days (All Patients),Total Inpatient Days/Outpatient Visits,nan
S3_1_C11_24,Hospice,ROLLUP,S300001,"S-3, Part I: Utilization Data",02400,01100,Total Days (All Patients),Total Inpatient Days/Outpatient Visits,nan
S3_1_C11_25,Outpatient Rehab Provider,ROLLUP,S300001,"S-3, Part I: Utilization Data",02500,01100,Total Days (All Patients),Total Inpatient Days/Outpatient Visits,nan
S3_1_C11_26,RHC/FQHC Combined,ROLLUP,S300001,"S-3, Part I: Utilization Data",02600,01100,Total Days (All Patients),Total Inpatient Days/Outpatient Visits,nan
S3_1_C2_9,Coronary Care Unit,ROLLUP,S300001,"S-3, Part I: Utilization Data",00900,00200,Inpatient Days (Title V & XVIII),NUMBER OF BEDS,nan
S3_1_C3_9,Coronary Care Unit,ROLLUP,S300001,"S-3, Part I: Utilization Data",00900,00300,Inpatient Days (Title XVIII Medicare),BED DAYS AVAILABLE,nan
S3_1_C4_10,Burn Intensive Care Unit,ROLLUP,S300001,"S-3, Part I: Utilization Data",01000,00400,Discharges (Title XVIII Medicare),BED DAYS AVAILABLE,nan
S3_1_C4_11,Surgical Intensive Care Unit,ROLLUP,S300001,"S-3, Part I: Utilization Data",01100,00400,Discharges (Title XVIII Medicare),BED DAYS AVAILABLE,nan
S3_1_C4_12,Other Special Care,ROLLUP,S300001,"S-3, Part I: Utilization Data",01200,00400,Discharges (Title XVIII Medicare),BED DAYS AVAILABLE,nan
S3_1_C4_9,Coronary Care Unit,ROLLUP,S300001,"S-3, Part I: Utilization Data",00900,00400,Discharges (Title XVIII Medicare),BED DAYS AVAILABLE,nan
S3_1_C5_10,Burn Intensive Care Unit,ROLLUP,S300001,"S-3, Part I: Utilization Data",01000,00500,Inpatient Days (Title XIX Medicaid),BED DAYS AVAILABLE,nan
S3_1_C5_11,Surgical Intensive Care Unit,ROLLUP,S300001,"S-3, Part I: Utilization Data",01100,00500,Inpatient Days (Title XIX Medicaid),BED DAYS AVAILABLE,nan
S3_1_C5_12,Other Special Care,ROLLUP,S300001,"S-3, Part I: Utilization Data",01200,00500,Inpatient Days (Title XIX Medicaid),BED DAYS AVAILABLE,nan
S3_1_C5_22,HHA,ROLLUP,S300001,"S-3, Part I: Utilization Data",02200,00500,Inpatient Days (Title XIX Medicaid),BED DAYS AVAILABLE,nan
S3_1_C5_25,CMHC,ROLLUP,S300001,"S-3, Part I: Utilization Data",02500,00500,Inpatient Days (Title XIX Medicaid),BED DAYS AVAILABLE,nan
S3_1_C5_26,RHC/FQHC Combined,ROLLUP,S300001,"S-3, Part I: Utilization Data",02600,00500,Inpatient Days (Title XIX Medicaid),BED DAYS AVAILABLE,nan
S3_1_C5_8,Intensive Care Unit,ROLLUP,S300001,"S-3, Part I: Utilization Data",00800,00500,Inpatient Days (Title XIX Medicaid),BED DAYS AVAILABLE,nan
S3_1_C5_9,Coronary Care Unit,ROLLUP,S300001,"S-3, Part I: Utilization Data",00900,00500,Inpatient Days (Title XIX Medicaid),BED DAYS AVAILABLE,nan
S3_1_C6_12,Other Special Care,ROLLUP,S300001,"S-3, Part I: Utilization Data",01200,00600,Total Inpatient Days,Medicare Inpatient Days/Outpatient Visits,nan
S3_1_C6_24,Hospice,ROLLUP,S300001,"S-3, Part I: Utilization Data",02400,00600,Total Inpatient Days,Medicare Inpatient Days/Outpatient Visits,nan
S3_1_C6_25,CMHC,ROLLUP,S300001,"S-3, Part I: Utilization Data",02500,00600,Total Inpatient Days,Medicare Inpatient Days/Outpatient Visits,nan
S3_1_C6_9,Coronary Care Unit,ROLLUP,S300001,"S-3, Part I: Utilization Data",00900,00600,Total Inpatient Days,Medicare Inpatient Days/Outpatient Visits,nan
S3_1_C7_24,Hospice,ROLLUP,S300001,"S-3, Part I: Utilization Data",02400,00700,% Medicare Days / Total Days,Medicaid Inpatient Days/Outpatient Visits,nan
S3_1_C7_25,Outpatient Rehab Provider,ROLLUP,S300001,"S-3, Part I: Utilization Data",02500,00700,% Medicare Days / Total Days,Medicaid Inpatient Days/Outpatient Visits,nan
S3_1_C7_9,Coronary Care Unit,ROLLUP,S300001,"S-3, Part I: Utilization Data",00900,00700,% Medicare Days / Total Days,Medicaid Inpatient Days/Outpatient Visits,nan
S3_1_C8_25,Outpatient Rehab Provider,ROLLUP,S300001,"S-3, Part I: Utilization Data",02500,00800,Total Discharges,Total Inpatient Days/Outpatient Visits,nan
S3_1_C8_9,Coronary Care Unit,ROLLUP,S300001,"S-3, Part I: Utilization Data",00900,00800,Total Discharges,Total Inpatient Days/Outpatient Visits,nan
S3_1_C9_22,HHA,ROLLUP,S300001,"S-3, Part I: Utilization Data",02200,00900,Inpatient Days (Title XVIII + XIX),Total Inpatient Days/Outpatient Visits,nan
S3_1_C9_24,Hospice,ROLLUP,S300001,"S-3, Part I: Utilization Data",02400,00900,Inpatient Days (Title XVIII + XIX),Total Inpatient Days/Outpatient Visits,nan
S3_1_C9_25,Outpatient Rehab Provider,ROLLUP,S300001,"S-3, Part I: Utilization Data",02500,00900,Inpatient Days (Title XVIII + XIX),Total Inpatient Days/Outpatient Visits,nan
S3_1_C9_26,RHC/FQHC Combined,ROLLUP,S300001,"S-3, Part I: Utilization Data",02600,00900,Inpatient Days (Title XVIII + XIX),Total Inpatient Days/Outpatient Visits,nan
A7_3_C15_2,New Cap Related Csts Movable Equipment,ROLLUP,A700003,"A-7, Part III: Capital Assets",00200,01500,RECONCILIATION OF CAPITAL COST CENTERS - Total,RECONCILIATION OF CAPITAL COST CENTERS,Total
A7_3_C9_2,New Cap Related Csts Movable Equipment,ROLLUP,A700003,"A-7, Part III: Capital Assets",00200,00900,RECONCILIATION OF CAPITAL COST CENTERS - Depreciation,RECONCILIATION OF CAPITAL COST CENTERS,Depreciation
A_C1_10,Dietary,ROLLUP,A000000,A: Reclassification & Adjustment of Trial Balance,01000,00100,Salaries,TRIAL BALANCE OF EXPENSE ACCOUNTS,nan
A_C1_13,Nursing Administration,ROLLUP,A000000,A: Reclassification & Adjustment of Trial Balance,01300,00100,Salaries,TRIAL BALANCE OF EXPENSE ACCOUNTS,nan
A_C1_14,Central Services and Supply,ROLLUP,A000000,A: Reclassification & Adjustment of Trial Balance,01400,00100,Salaries,TRIAL BALANCE OF EXPENSE ACCOUNTS,nan
A_C1_15,Pharmacy,ROLLUP,A000000,A: Reclassification & Adjustment of Trial Balance,01500,00100,Salaries,TRIAL BALANCE OF EXPENSE ACCOUNTS,nan
A_C1_16,Medical Records and Medical Rec. Library,ROLLUP,A000000,A: Reclassification & Adjustment of Trial Balance,01600,00100,Salaries,TRIAL BALANCE OF EXPENSE ACCOUNTS,nan
A_C1_17,Social Service,ROLLUP,A000000,A: Reclassification & Adjustment of Trial Balance,01700,00100,Salaries,TRIAL BALANCE OF EXPENSE ACCOUNTS,nan
A_C1_194,Other Nonreimbursable,ROLLUP,A000000,A: Reclassification & Adjustment of Trial Balance,19400,00100,Salaries,TRIAL BALANCE OF EXPENSE ACCOUNTS,nan
A_C1_31,Intensive Care Unit,ROLLUP,A000000,A: Reclassification & Adjustment of Trial Balance,03100,00100,Salaries,TRIAL BALANCE OF EXPENSE ACCOUNTS,nan
A_C1_4,Employee Benefits,ROLLUP,A000000,A: Reclassification & Adjustment of Trial Balance,00400,00100,Salaries,TRIAL BALANCE OF EXPENSE ACCOUNTS,nan
A_C1_5,Administrative and General,ROLLUP,A000000,A: Reclassification & Adjustment of Trial Balance,00500,00100,Salaries,TRIAL BALANCE OF EXPENSE ACCOUNTS,nan
A_C1_50,Operating Room,ROLLUP,A000000,A: Reclassification & Adjustment of Trial Balance,05000,00100,Salaries,TRIAL BALANCE OF EXPENSE ACCOUNTS,nan
A_C1_51,Recovery Room,ROLLUP,A000000,A: Reclassification & Adjustment of Trial Balance,05100,00100,Salaries,TRIAL BALANCE OF EXPENSE ACCOUNTS,nan
A_C1_54,Radiology-Diagnostic,ROLLUP,A000000,A: Reclassification & Adjustment of Trial Balance,05400,00100,Salaries,TRIAL BALANCE OF EXPENSE ACCOUNTS,nan
A_C1_56,Radioisotope,ROLLUP,A000000,A: Reclassification & Adjustment of Trial Balance,05600,00100,Salaries,TRIAL BALANCE OF EXPENSE ACCOUNTS,nan
A_C1_6,Maintenance and Repairs,ROLLUP,A000000,A: Reclassification & Adjustment of Trial Balance,00600,00100,Salaries,TRIAL BALANCE OF EXPENSE ACCOUNTS,nan
A_C1_60,Laboratory,ROLLUP,A000000,A: Reclassification & Adjustment of Trial Balance,06000,00100,Salaries,TRIAL BALANCE OF EXPENSE ACCOUNTS,nan
A_C1_65,Respiratory Therapy,ROLLUP,A000000,A: Reclassification & Adjustment of Trial Balance,06500,00100,Salaries,TRIAL BALANCE OF EXPENSE ACCOUNTS,nan
A_C1_66,Physical Therapy,ROLLUP,A000000,A: Reclassification & Adjustment of Trial Balance,06600,00100,Salaries,TRIAL BALANCE OF EXPENSE ACCOUNTS,nan
A_C1_69,Electrocardiology,ROLLUP,A000000,A: Reclassification & Adjustment of Trial Balance,06900,00100,Salaries,TRIAL BALANCE OF EXPENSE ACCOUNTS,nan
A_C1_8,Laundry and Linen Service,ROLLUP,A000000,A: Reclassification & Adjustment of Trial Balance,00800,00100,Salaries,TRIAL BALANCE OF EXPENSE ACCOUNTS,nan
A_C1_9,Housekeeping,ROLLUP,A000000,A: Reclassification & Adjustment of Trial Balance,00900,00100,Salaries,TRIAL BALANCE OF EXPENSE ACCOUNTS,nan
A_C1_90,Clinic,ROLLUP,A000000,A: Reclassification & Adjustment of Trial Balance,09000,00100,Salaries,TRIAL BALANCE OF EXPENSE ACCOUNTS,nan
A_C1_91,Emergency,ROLLUP,A000000,A: Reclassification & Adjustment of Trial Balance,09100,00100,Salaries,TRIAL BALANCE OF EXPENSE ACCOUNTS,nan
A_C2_10,Dietary,ROLLUP,A000000,A: Reclassification & Adjustment of Trial Balance,01000,00200,Other Costs,TRIAL BALANCE OF EXPENSE ACCOUNTS,nan
A_C2_13,Nursing Administration,ROLLUP,A000000,A: Reclassification & Adjustment of Trial Balance,01300,00200,Other Costs,TRIAL BALANCE OF EXPENSE ACCOUNTS,nan
A_C2_14,Central Services and Supply,ROLLUP,A000000,A: Reclassification & Adjustment of Trial Balance,01400,00200,Other Costs,TRIAL BALANCE OF EXPENSE ACCOUNTS,nan
A_C2_15,Pharmacy,ROLLUP,A000000,A: Reclassification & Adjustment of Trial Balance,01500,00200,Other Costs,TRIAL BALANCE OF EXPENSE ACCOUNTS,nan
A_C2_16,Medical Records and Medical Rec. Library,ROLLUP,A000000,A: Reclassification & Adjustment of Trial Balance,01600,00200,Other Costs,TRIAL BALANCE OF EXPENSE ACCOUNTS,nan
A_C2_17,Social Service,ROLLUP,A000000,A: Reclassification & Adjustment of Trial Balance,01700,00200,Other Costs,TRIAL BALANCE OF EXPENSE ACCOUNTS,nan
A_C2_192,Physicians' Private Office,ROLLUP,A000000,A: Reclassification & Adjustment of Trial Balance,19200,00200,Other Costs,TRIAL BALANCE OF EXPENSE ACCOUNTS,nan
A_C2_194,Other Nonreimbursable,ROLLUP,A000000,A: Reclassification & Adjustment of Trial Balance,19400,00200,Other Costs,TRIAL BALANCE OF EXPENSE ACCOUNTS,nan
A_C2_2,New Capital Equipment,ROLLUP,A000000,A: Reclassification & Adjustment of Trial Balance,00200,00200,Other Costs,TRIAL BALANCE OF EXPENSE ACCOUNTS,nan
A_C2_31,Intensive Care Unit,ROLLUP,A000000,A: Reclassification & Adjustment of Trial Balance,03100,00200,Other Costs,TRIAL BALANCE OF EXPENSE ACCOUNTS,nan
A_C2_4,Employee Benefits,ROLLUP,A000000,A: Reclassification & Adjustment of Trial Balance,00400,00200,Other Costs,TRIAL BALANCE OF EXPENSE ACCOUNTS,nan
A_C2_5,Administrative and General,ROLLUP,A000000,A: Reclassification & Adjustment of Trial Balance,00500,00200,Other Costs,TRIAL BALANCE OF EXPENSE ACCOUNTS,nan
A_C2_50,Operating Room,ROLLUP,A000000,A: Reclassification & Adjustment of Trial Balance,05000,00200,Other Costs,TRIAL BALANCE OF EXPENSE ACCOUNTS,nan
A_C2_51,Recovery Room,ROLLUP,A000000,A: Reclassification & Adjustment of Trial Balance,05100,00200,Other Costs,TRIAL BALANCE OF EXPENSE ACCOUNTS,nan
A_C2_54,Radiology-Diagnostic,ROLLUP,A000000,A: Reclassification & Adjustment of Trial Balance,05400,00200,Other Costs,TRIAL BALANCE OF EXPENSE ACCOUNTS,nan
A_C2_56,Radioisotope,ROLLUP,A000000,A: Reclassification & Adjustment of Trial Balance,05600,00200,Other Costs,TRIAL BALANCE OF EXPENSE ACCOUNTS,nan
A_C2_57,CT Scan,ROLLUP,A000000,A: Reclassification & Adjustment of Trial Balance,05700,00200,Other Costs,TRIAL BALANCE OF EXPENSE ACCOUNTS,nan
A_C2_6,Maintenance and Repairs,ROLLUP,A000000,A: Reclassification & Adjustment of Trial Balance,00600,00200,Other Costs,TRIAL BALANCE OF EXPENSE ACCOUNTS,nan
A_C2_60,Laboratory,ROLLUP,A000000,A: Reclassification & Adjustment of Trial Balance,06000,00200,Other Costs,TRIAL BALANCE OF EXPENSE ACCOUNTS,nan
A_C2_63,"Blood Storing, Processing, Trans",ROLLUP,A000000,A: Reclassification & Adjustment of Trial Balance,06300,00200,Other Costs,TRIAL BALANCE OF EXPENSE ACCOUNTS,nan
A_C2_65,Respiratory Therapy,ROLLUP,A000000,A: Reclassification & Adjustment of Trial Balance,06500,00200,Other Costs,TRIAL BALANCE OF EXPENSE ACCOUNTS,nan
A_C2_66,Physical Therapy,ROLLUP,A000000,A: Reclassification & Adjustment of Trial Balance,06600,00200,Other Costs,TRIAL BALANCE OF EXPENSE ACCOUNTS,nan
A_C2_69,Electrocardiology,ROLLUP,A000000,A: Reclassification & Adjustment of Trial Balance,06900,00200,Other Costs,TRIAL BALANCE OF EXPENSE ACCOUNTS,nan
A_C2_8,Laundry and Linen Service,ROLLUP,A000000,A: Reclassification & Adjustment of Trial Balance,00800,00200,Other Costs,TRIAL BALANCE OF EXPENSE ACCOUNTS,nan
A_C2_9,Housekeeping,ROLLUP,A000000,A: Reclassification & Adjustment of Trial Balance,00900,00200,Other Costs,TRIAL BALANCE OF EXPENSE ACCOUNTS,nan
A_C2_90,Clinic,ROLLUP,A000000,A: Reclassification & Adjustment of Trial Balance,09000,00200,Other Costs,TRIAL BALANCE OF EXPENSE ACCOUNTS,nan
A_C2_91,Emergency,ROLLUP,A000000,A: Reclassification & Adjustment of Trial Balance,09100,00200,Other Costs,TRIAL BALANCE OF EXPENSE ACCOUNTS,nan
A_C6_50,Operating Room,ROLLUP,A000000,A: Reclassification & Adjustment of Trial Balance,05000,00600,Reclassified Net Expenses,TRIAL BALANCE OF EXPENSE ACCOUNTS,nan
A_C6_54,Radiology-Diagnostic,ROLLUP,A000000,A: Reclassification & Adjustment of Trial Balance,05400,00600,Reclassified Net Expenses,TRIAL BALANCE OF EXPENSE ACCOUNTS,nan
A_C6_60,Laboratory,ROLLUP,A000000,A: Reclassification & Adjustment of Trial Balance,06000,00600,Reclassified Net Expenses,TRIAL BALANCE OF EXPENSE ACCOUNTS,nan
A_C6_69,Electrocardiology,ROLLUP,A000000,A: Reclassification & Adjustment of Trial Balance,06900,00600,Reclassified Net Expenses,TRIAL BALANCE OF EXPENSE ACCOUNTS,nan
A_C6_90,Clinic,ROLLUP,A000000,A: Reclassification & Adjustment of Trial Balance,09000,00600,Reclassified Net Expenses,TRIAL BALANCE OF EXPENSE ACCOUNTS,nan
A_C6_91,Emergency,ROLLUP,A000000,A: Reclassification & Adjustment of Trial Balance,09100,00600,Reclassified Net Expenses,TRIAL BALANCE OF EXPENSE ACCOUNTS,nan
B_1_C0_10,Dietary,ROLLUP,B000001,"B, Part I: Cost Allocation - General",01000,00000,Statistical Basis / Cost Center,COST ALLOCATION,Net Expense for Cost Allocation
B_1_C0_11,Cafeteria,ROLLUP,B000001,"B, Part I: Cost Allocation - General",01100,00000,Statistical Basis / Cost Center,COST ALLOCATION,Net Expense for Cost Allocation
B_1_C0_13,Nursing Administration,ROLLUP,B000001,"B, Part I: Cost Allocation - General",01300,00000,Statistical Basis / Cost Center,COST ALLOCATION,Net Expense for Cost Allocation
B_1_C0_14,Central Services and Supply,ROLLUP,B000001,"B, Part I: Cost Allocation - General",01400,00000,Statistical Basis / Cost Center,COST ALLOCATION,Net Expense for Cost Allocation
B_1_C0_15,Pharmacy,ROLLUP,B000001,"B, Part I: Cost Allocation - General",01500,00000,Statistical Basis / Cost Center,COST ALLOCATION,Net Expense for Cost Allocation
B_1_C0_16,Medical Records and Medical Rec. Library,ROLLUP,B000001,"B, Part I: Cost Allocation - General",01600,00000,Statistical Basis / Cost Center,COST ALLOCATION,Net Expense for Cost Allocation
B_1_C0_17,Social Service,ROLLUP,B000001,"B, Part I: Cost Allocation - General",01700,00000,Statistical Basis / Cost Center,COST ALLOCATION,Net Expense for Cost Allocation
B_1_C0_192,Physicians' Private Office,ROLLUP,B000001,"B, Part I: Cost Allocation - General",19200,00000,Statistical Basis / Cost Center,COST ALLOCATION,Net Expense for Cost Allocation
B_1_C0_194,Other Nonreimbursable,ROLLUP,B000001,"B, Part I: Cost Allocation - General",19400,00000,Statistical Basis / Cost Center,COST ALLOCATION,Net Expense for Cost Allocation
B_1_C0_2,New Capital Equipment,ROLLUP,B000001,"B, Part I: Cost Allocation - General",00200,00000,Statistical Basis / Cost Center,COST ALLOCATION,Net Expense for Cost Allocation
B_1_C0_31,Intensive Care Unit,ROLLUP,B000001,"B, Part I: Cost Allocation - General",03100,00000,Statistical Basis / Cost Center,COST ALLOCATION,Net Expense for Cost Allocation
B_1_C0_4,Employee Benefits,ROLLUP,B000001,"B, Part I: Cost Allocation - General",00400,00000,Statistical Basis / Cost Center,COST ALLOCATION,Net Expense for Cost Allocation
B_1_C0_5,Administrative and General,ROLLUP,B000001,"B, Part I: Cost Allocation - General",00500,00000,Statistical Basis / Cost Center,COST ALLOCATION,Net Expense for Cost Allocation
B_1_C0_50,Operating Room,ROLLUP,B000001,"B, Part I: Cost Allocation - General",05000,00000,Statistical Basis / Cost Center,COST ALLOCATION,Net Expense for Cost Allocation
B_1_C0_51,Recovery Room,ROLLUP,B000001,"B, Part I: Cost Allocation - General",05100,00000,Statistical Basis / Cost Center,COST ALLOCATION,Net Expense for Cost Allocation
B_1_C0_54,Radiology-Diagnostic,ROLLUP,B000001,"B, Part I: Cost Allocation - General",05400,00000,Statistical Basis / Cost Center,COST ALLOCATION,Net Expense for Cost Allocation
B_1_C0_56,Radioisotope,ROLLUP,B000001,"B, Part I: Cost Allocation - General",05600,00000,Statistical Basis / Cost Center,COST ALLOCATION,Net Expense for Cost Allocation
B_1_C0_57,CT Scan,ROLLUP,B000001,"B, Part I: Cost Allocation - General",05700,00000,Statistical Basis / Cost Center,COST ALLOCATION,Net Expense for Cost Allocation
B_1_C0_6,Maintenance and Repairs,ROLLUP,B000001,"B, Part I: Cost Allocation - General",00600,00000,Statistical Basis / Cost Center,COST ALLOCATION,Net Expense for Cost Allocation
B_1_C0_60,Laboratory,ROLLUP,B000001,"B, Part I: Cost Allocation - General",06000,00000,Statistical Basis / Cost Center,COST ALLOCATION,Net Expense for Cost Allocation
B_1_C0_63,"Blood Storing, Processing, Trans",ROLLUP,B000001,"B, Part I: Cost Allocation - General",06300,00000,Statistical Basis / Cost Center,COST ALLOCATION,Net Expense for Cost Allocation
B_1_C0_65,Respiratory Therapy,ROLLUP,B000001,"B, Part I: Cost Allocation - General",06500,00000,Statistical Basis / Cost Center,COST ALLOCATION,Net Expense for Cost Allocation
B_1_C0_66,Physical Therapy,ROLLUP,B000001,"B, Part I: Cost Allocation - General",06600,00000,Statistical Basis / Cost Center,COST ALLOCATION,Net Expense for Cost Allocation
B_1_C0_69,Electrocardiology,ROLLUP,B000001,"B, Part I: Cost Allocation - General",06900,00000,Statistical Basis / Cost Center,COST ALLOCATION,Net Expense for Cost Allocation
B_1_C0_71,Medical Supplies Charged to Patients,ROLLUP,B000001,"B, Part I: Cost Allocation - General",07100,00000,Statistical Basis / Cost Center,COST ALLOCATION,Net Expense for Cost Allocation
B_1_C0_72,Impl. Dev. Charged to Patients,ROLLUP,B000001,"B, Part I: Cost Allocation - General",07200,00000,Statistical Basis / Cost Center,COST ALLOCATION,Net Expense for Cost Allocation
B_1_C0_73,Drugs Charged to Patients,ROLLUP,B000001,"B, Part I: Cost Allocation - General",07300,00000,Statistical Basis / Cost Center,COST ALLOCATION,Net Expense for Cost Allocation
B_1_C0_8,Laundry and Linen Service,ROLLUP,B000001,"B, Part I: Cost Allocation - General",00800,00000,Statistical Basis / Cost Center,COST ALLOCATION,Net Expense for Cost Allocation
B_1_C0_9,Housekeeping,ROLLUP,B000001,"B, Part I: Cost Allocation - General",00900,00000,Statistical Basis / Cost Center,COST ALLOCATION,Net Expense for Cost Allocation
B_1_C0_90,Clinic,ROLLUP,B000001,"B, Part I: Cost Allocation - General",09000,00000,Statistical Basis / Cost Center,COST ALLOCATION,Net Expense for Cost Allocation
B_1_C0_91,Emergency,ROLLUP,B000001,"B, Part I: Cost Allocation - General",09100,00000,Statistical Basis / Cost Center,COST ALLOCATION,Net Expense for Cost Allocation
B_1_C26_192,Physicians' Private Office,ROLLUP,B000001,"B, Part I: Cost Allocation - General",19200,02600,Stat Basis / Total,COST ALLOCATION,nan
B_1_C26_194,Other Nonreimbursable,ROLLUP,B000001,"B, Part I: Cost Allocation - General",19400,02600,Stat Basis / Total,COST ALLOCATION,nan
B_1_C26_31,Intensive Care Unit,ROLLUP,B000001,"B, Part I: Cost Allocation - General",03100,02600,Stat Basis / Total,COST ALLOCATION,nan
B_1_C26_50,Operating Room,ROLLUP,B000001,"B, Part I: Cost Allocation - General",05000,02600,Stat Basis / Total,COST ALLOCATION,nan
B_1_C26_51,Recovery Room,ROLLUP,B000001,"B, Part I: Cost Allocation - General",05100,02600,Stat Basis / Total,COST ALLOCATION,nan
B_1_C26_54,Radiology-Diagnostic,ROLLUP,B000001,"B, Part I: Cost Allocation - General",05400,02600,Stat Basis / Total,COST ALLOCATION,nan
B_1_C26_56,Radioisotope,ROLLUP,B000001,"B, Part I: Cost Allocation - General",05600,02600,Stat Basis / Total,COST ALLOCATION,nan
B_1_C26_57,CT Scan,ROLLUP,B000001,"B, Part I: Cost Allocation - General",05700,02600,Stat Basis / Total,COST ALLOCATION,nan
B_1_C26_60,Laboratory,ROLLUP,B000001,"B, Part I: Cost Allocation - General",06000,02600,Stat Basis / Total,COST ALLOCATION,nan
B_1_C26_63,"Blood Storing, Processing, Trans",ROLLUP,B000001,"B, Part I: Cost Allocation - General",06300,02600,Stat Basis / Total,COST ALLOCATION,nan
B_1_C26_65,Respiratory Therapy,ROLLUP,B000001,"B, Part I: Cost Allocation - General",06500,02600,Stat Basis / Total,COST ALLOCATION,nan
B_1_C26_66,Physical Therapy,ROLLUP,B000001,"B, Part I: Cost Allocation - General",06600,02600,Stat Basis / Total,COST ALLOCATION,nan
B_1_C26_69,Electrocardiology,ROLLUP,B000001,"B, Part I: Cost Allocation - General",06900,02600,Stat Basis / Total,COST ALLOCATION,nan
B_1_C26_71,Medical Supplies Charged to Patients,ROLLUP,B000001,"B, Part I: Cost Allocation - General",07100,02600,Stat Basis / Total,COST ALLOCATION,nan
B_1_C26_72,Impl. Dev. Charged to Patients,ROLLUP,B000001,"B, Part I: Cost Allocation - General",07200,02600,Stat Basis / Total,COST ALLOCATION,nan
B_1_C26_73,Drugs Charged to Patients,ROLLUP,B000001,"B, Part I: Cost Allocation - General",07300,02600,Stat Basis / Total,COST ALLOCATION,nan
B_1_C26_90,Clinic,ROLLUP,B000001,"B, Part I: Cost Allocation - General",09000,02600,Stat Basis / Total,COST ALLOCATION,nan
B_1_C26_91,Emergency,ROLLUP,B000001,"B, Part I: Cost Allocation - General",09100,02600,Stat Basis / Total,COST ALLOCATION,nan
B_2_C26_192,Physicians' Private Office,ROLLUP,B000002,"B, Part II: Cost Allocation",19200,02600,ALLOCATION OF NEW CAPITAL COSTS - TOTAL CAPITAL COSTS AFTER COST ALLOCATION,ALLOCATION OF NEW CAPITAL COSTS,nan
B_2_C26_194,Other Nonreimbursable,ROLLUP,B000002,"B, Part II: Cost Allocation",19400,02600,ALLOCATION OF NEW CAPITAL COSTS - TOTAL CAPITAL COSTS AFTER COST ALLOCATION,ALLOCATION OF NEW CAPITAL COSTS,nan
B_2_C26_31,Intensive Care Unit,ROLLUP,B000002,"B, Part II: Cost Allocation",03100,02600,ALLOCATION OF NEW CAPITAL COSTS - TOTAL CAPITAL COSTS AFTER COST ALLOCATION,ALLOCATION OF NEW CAPITAL COSTS,TOTAL CAPITAL COSTS AFTER COST ALLOCATION
B_2_C26_50,Operating Room,ROLLUP,B000002,"B, Part II: Cost Allocation",05000,02600,ALLOCATION OF NEW CAPITAL COSTS - TOTAL CAPITAL COSTS AFTER COST ALLOCATION,ALLOCATION OF NEW CAPITAL COSTS,TOTAL CAPITAL COSTS AFTER COST ALLOCATION
B_2_C26_51,Recovery Room,ROLLUP,B000002,"B, Part II: Cost Allocation",05100,02600,ALLOCATION OF NEW CAPITAL COSTS - TOTAL CAPITAL COSTS AFTER COST ALLOCATION,ALLOCATION OF NEW CAPITAL COSTS,TOTAL CAPITAL COSTS AFTER COST ALLOCATION
B_2_C26_54,Radiology-Diagnostic,ROLLUP,B000002,"B, Part II: Cost Allocation",05400,02600,ALLOCATION OF NEW CAPITAL COSTS - TOTAL CAPITAL COSTS AFTER COST ALLOCATION,ALLOCATION OF NEW CAPITAL COSTS,TOTAL CAPITAL COSTS AFTER COST ALLOCATION
B_2_C26_56,Radioisotope,ROLLUP,B000002,"B, Part II: Cost Allocation",05600,02600,ALLOCATION OF NEW CAPITAL COSTS - TOTAL CAPITAL COSTS AFTER COST ALLOCATION,ALLOCATION OF NEW CAPITAL COSTS,TOTAL CAPITAL COSTS AFTER COST ALLOCATION
B_2_C26_57,CT Scan,ROLLUP,B000002,"B, Part II: Cost Allocation",05700,02600,ALLOCATION OF NEW CAPITAL COSTS - TOTAL CAPITAL COSTS AFTER COST ALLOCATION,ALLOCATION OF NEW CAPITAL COSTS,TOTAL CAPITAL COSTS AFTER COST ALLOCATION
B_2_C26_60,Laboratory,ROLLUP,B000002,"B, Part II: Cost Allocation",06000,02600,ALLOCATION OF NEW CAPITAL COSTS - TOTAL CAPITAL COSTS AFTER COST ALLOCATION,ALLOCATION OF NEW CAPITAL COSTS,TOTAL CAPITAL COSTS AFTER COST ALLOCATION
B_2_C26_63,"Blood Storing, Processing, Trans",ROLLUP,B000002,"B, Part II: Cost Allocation",06300,02600,ALLOCATION OF NEW CAPITAL COSTS - TOTAL CAPITAL COSTS AFTER COST ALLOCATION,ALLOCATION OF NEW CAPITAL COSTS,nan
B_2_C26_65,Respiratory Therapy,ROLLUP,B000002,"B, Part II: Cost Allocation",06500,02600,ALLOCATION OF NEW CAPITAL COSTS - TOTAL CAPITAL COSTS AFTER COST ALLOCATION,ALLOCATION OF NEW CAPITAL COSTS,nan
B_2_C26_66,Physical Therapy,ROLLUP,B000002,"B, Part II: Cost Allocation",06600,02600,ALLOCATION OF NEW CAPITAL COSTS - TOTAL CAPITAL COSTS AFTER COST ALLOCATION,ALLOCATION OF NEW CAPITAL COSTS,nan
B_2_C26_69,Electrocardiology,ROLLUP,B000002,"B, Part II: Cost Allocation",06900,02600,ALLOCATION OF NEW CAPITAL COSTS - TOTAL CAPITAL COSTS AFTER COST ALLOCATION,ALLOCATION OF NEW CAPITAL COSTS,nan
B_2_C26_71,Medical Supplies Charged to Patients,ROLLUP,B000002,"B, Part II: Cost Allocation",07100,02600,ALLOCATION OF NEW CAPITAL COSTS - TOTAL CAPITAL COSTS AFTER COST ALLOCATION,ALLOCATION OF NEW CAPITAL COSTS,nan
B_2_C26_72,Impl. Dev. Charged to Patients,ROLLUP,B000002,"B, Part II: Cost Allocation",07200,02600,ALLOCATION OF NEW CAPITAL COSTS - TOTAL CAPITAL COSTS AFTER COST ALLOCATION,ALLOCATION OF NEW CAPITAL COSTS,nan
B_2_C26_73,Drugs Charged to Patients,ROLLUP,B000002,"B, Part II: Cost Allocation",07300,02600,ALLOCATION OF NEW CAPITAL COSTS - TOTAL CAPITAL COSTS AFTER COST ALLOCATION,ALLOCATION OF NEW CAPITAL COSTS,nan
B_2_C26_88,RHC,ROLLUP,B000002,"B, Part II: Cost Allocation",08800,02600,ALLOCATION OF NEW CAPITAL COSTS - TOTAL CAPITAL COSTS AFTER COST ALLOCATION,ALLOCATION OF NEW CAPITAL COSTS,nan
B_2_C26_90,Clinic,ROLLUP,B000002,"B, Part II: Cost Allocation",09000,02600,ALLOCATION OF NEW CAPITAL COSTS - TOTAL CAPITAL COSTS AFTER COST ALLOCATION,ALLOCATION OF NEW CAPITAL COSTS,nan
B_2_C26_91,Emergency,ROLLUP,B000002,"B, Part II: Cost Allocation",09100,02600,ALLOCATION OF NEW CAPITAL COSTS - TOTAL CAPITAL COSTS AFTER COST ALLOCATION,ALLOCATION OF NEW CAPITAL COSTS,nan
C_1_C5_31,Intensive Care Unit,ROLLUP,C000001,"C, Part I: Ancillary & Outpatient Cost",03100,00500,Medicare Charges (Title XVIII PPS),COMPUTATION OF RATIO OF COST TO CHARGES,nan
C_1_C5_50,Operating Room,ROLLUP,C000001,"C, Part I: Ancillary & Outpatient Cost",05000,00500,Medicare Charges (Title XVIII PPS),COMPUTATION OF RATIO OF COST TO CHARGES,nan
C_1_C5_51,Recovery Room,ROLLUP,C000001,"C, Part I: Ancillary & Outpatient Cost",05100,00500,Medicare Charges (Title XVIII PPS),COMPUTATION OF RATIO OF COST TO CHARGES,nan
C_1_C5_54,Radiology-Diagnostic,ROLLUP,C000001,"C, Part I: Ancillary & Outpatient Cost",05400,00500,Medicare Charges (Title XVIII PPS),COMPUTATION OF RATIO OF COST TO CHARGES,nan
C_1_C5_56,Radioisotope,ROLLUP,C000001,"C, Part I: Ancillary & Outpatient Cost",05600,00500,Medicare Charges (Title XVIII PPS),COMPUTATION OF RATIO OF COST TO CHARGES,nan
C_1_C5_57,CT Scan,ROLLUP,C000001,"C, Part I: Ancillary & Outpatient Cost",05700,00500,Medicare Charges (Title XVIII PPS),COMPUTATION OF RATIO OF COST TO CHARGES,nan
C_1_C5_60,Laboratory,ROLLUP,C000001,"C, Part I: Ancillary & Outpatient Cost",06000,00500,Medicare Charges (Title XVIII PPS),COMPUTATION OF RATIO OF COST TO CHARGES,nan
C_1_C5_63,"Blood Storing, Processing, Trans",ROLLUP,C000001,"C, Part I: Ancillary & Outpatient Cost",06300,00500,Medicare Charges (Title XVIII PPS),COMPUTATION OF RATIO OF COST TO CHARGES,nan
C_1_C5_65,Respiratory Therapy,ROLLUP,C000001,"C, Part I: Ancillary & Outpatient Cost",06500,00500,Medicare Charges (Title XVIII PPS),COMPUTATION OF RATIO OF COST TO CHARGES,nan
C_1_C5_66,Physical Therapy,ROLLUP,C000001,"C, Part I: Ancillary & Outpatient Cost",06600,00500,Medicare Charges (Title XVIII PPS),COMPUTATION OF RATIO OF COST TO CHARGES,nan
C_1_C5_69,Electrocardiology,ROLLUP,C000001,"C, Part I: Ancillary & Outpatient Cost",06900,00500,Medicare Charges (Title XVIII PPS),COMPUTATION OF RATIO OF COST TO CHARGES,nan
C_1_C5_71,Medical Supplies Charged to Patients,ROLLUP,C000001,"C, Part I: Ancillary & Outpatient Cost",07100,00500,Medicare Charges (Title XVIII PPS),COMPUTATION OF RATIO OF COST TO CHARGES,nan
C_1_C5_72,Impl. Dev. Charged to Patients,ROLLUP,C000001,"C, Part I: Ancillary & Outpatient Cost",07200,00500,Medicare Charges (Title XVIII PPS),COMPUTATION OF RATIO OF COST TO CHARGES,nan
C_1_C5_73,Drugs Charged to Patients,ROLLUP,C000001,"C, Part I: Ancillary & Outpatient Cost",07300,00500,Medicare Charges (Title XVIII PPS),COMPUTATION OF RATIO OF COST TO CHARGES,nan
C_1_C5_90,Clinic,ROLLUP,C000001,"C, Part I: Ancillary & Outpatient Cost",09000,00500,Medicare Charges (Title XVIII PPS),COMPUTATION OF RATIO OF COST TO CHARGES,nan
C_1_C5_91,Emergency,ROLLUP,C000001,"C, Part I: Ancillary & Outpatient Cost",09100,00500,Medicare Charges (Title XVIII PPS),COMPUTATION OF RATIO OF COST TO CHARGES,nan
C_1_C6_31,Intensive Care Unit,ROLLUP,C000001,"C, Part I: Ancillary & Outpatient Cost",03100,00600,Medicare Charges (Title XVIII Other),COMPUTATION OF RATIO OF COST TO CHARGES,Total Inpatient Charges
C_1_C6_50,Operating Room,ROLLUP,C000001,"C, Part I: Ancillary & Outpatient Cost",05000,00600,Medicare Charges (Title XVIII Other),COMPUTATION OF RATIO OF COST TO CHARGES,Total Inpatient Charges
C_1_C6_51,Recovery Room,ROLLUP,C000001,"C, Part I: Ancillary & Outpatient Cost",05100,00600,Medicare Charges (Title XVIII Other),COMPUTATION OF RATIO OF COST TO CHARGES,Total Inpatient Charges
C_1_C6_54,Radiology-Diagnostic,ROLLUP,C000001,"C, Part I: Ancillary & Outpatient Cost",05400,00600,Medicare Charges (Title XVIII Other),COMPUTATION OF RATIO OF COST TO CHARGES,Total Inpatient Charges
C_1_C6_56,Radioisotope,ROLLUP,C000001,"C, Part I: Ancillary & Outpatient Cost",05600,00600,Medicare Charges (Title XVIII Other),COMPUTATION OF RATIO OF COST TO CHARGES,Total Inpatient Charges
C_1_C6_57,CT Scan,ROLLUP,C000001,"C, Part I: Ancillary & Outpatient Cost",05700,00600,Medicare Charges (Title XVIII Other),COMPUTATION OF RATIO OF COST TO CHARGES,Total Inpatient Charges
C_1_C6_60,Laboratory,ROLLUP,C000001,"C, Part I: Ancillary & Outpatient Cost",06000,00600,Medicare Charges (Title XVIII Other),COMPUTATION OF RATIO OF COST TO CHARGES,Total Inpatient Charges
C_1_C6_63,"Blood Storing, Processing, Trans",ROLLUP,C000001,"C, Part I: Ancillary & Outpatient Cost",06300,00600,Medicare Charges (Title XVIII Other),COMPUTATION OF RATIO OF COST TO CHARGES,nan
C_1_C6_65,Respiratory Therapy,ROLLUP,C000001,"C, Part I: Ancillary & Outpatient Cost",06500,00600,Medicare Charges (Title XVIII Other),COMPUTATION OF RATIO OF COST TO CHARGES,nan
C_1_C6_66,Physical Therapy,ROLLUP,C000001,"C, Part I: Ancillary & Outpatient Cost",06600,00600,Medicare Charges (Title XVIII Other),COMPUTATION OF RATIO OF COST TO CHARGES,nan
C_1_C6_69,Electrocardiology,ROLLUP,C000001,"C, Part I: Ancillary & Outpatient Cost",06900,00600,Medicare Charges (Title XVIII Other),COMPUTATION OF RATIO OF COST TO CHARGES,nan
C_1_C6_71,Medical Supplies Charged to Patients,ROLLUP,C000001,"C, Part I: Ancillary & Outpatient Cost",07100,00600,Medicare Charges (Title XVIII Other),COMPUTATION OF RATIO OF COST TO CHARGES,nan
C_1_C6_72,Impl. Dev. Charged to Patients,ROLLUP,C000001,"C, Part I: Ancillary & Outpatient Cost",07200,00600,Medicare Charges (Title XVIII Other),COMPUTATION OF RATIO OF COST TO CHARGES,nan
C_1_C6_73,Drugs Charged to Patients,ROLLUP,C000001,"C, Part I: Ancillary & Outpatient Cost",07300,00600,Medicare Charges (Title XVIII Other),COMPUTATION OF RATIO OF COST TO CHARGES,nan
C_1_C6_90,Clinic,ROLLUP,C000001,"C, Part I: Ancillary & Outpatient Cost",09000,00600,Medicare Charges (Title XVIII Other),COMPUTATION OF RATIO OF COST TO CHARGES,nan
C_1_C6_91,Emergency,ROLLUP,C000001,"C, Part I: Ancillary & Outpatient Cost",09100,00600,Medicare Charges (Title XVIII Other),COMPUTATION OF RATIO OF COST TO CHARGES,nan
C_1_C7_50,Operating Room,ROLLUP,C000001,"C, Part I: Ancillary & Outpatient Cost",05000,00700,Total Medicare Charges (Title XVIII),COMPUTATION OF RATIO OF COST TO CHARGES,Total Outpatient Charges
C_1_C7_54,Radiology-Diagnostic,ROLLUP,C000001,"C, Part I: Ancillary & Outpatient Cost",05400,00700,Total Medicare Charges (Title XVIII),COMPUTATION OF RATIO OF COST TO CHARGES,Total Outpatient Charges
C_1_C7_56,Radioisotope,ROLLUP,C000001,"C, Part I: Ancillary & Outpatient Cost",05600,00700,Total Medicare Charges (Title XVIII),COMPUTATION OF RATIO OF COST TO CHARGES,Total Outpatient Charges
C_1_C7_57,CT Scan,ROLLUP,C000001,"C, Part I: Ancillary & Outpatient Cost",05700,00700,Total Medicare Charges (Title XVIII),COMPUTATION OF RATIO OF COST TO CHARGES,Total Outpatient Charges
C_1_C7_60,Laboratory,ROLLUP,C000001,"C, Part I: Ancillary & Outpatient Cost",06000,00700,Total Medicare Charges (Title XVIII),COMPUTATION OF RATIO OF COST TO CHARGES,Total Outpatient Charges
C_1_C7_63,"Blood Storing, Processing, Trans",ROLLUP,C000001,"C, Part I: Ancillary & Outpatient Cost",06300,00700,Total Medicare Charges (Title XVIII),COMPUTATION OF RATIO OF COST TO CHARGES,nan
C_1_C7_65,Respiratory Therapy,ROLLUP,C000001,"C, Part I: Ancillary & Outpatient Cost",06500,00700,Total Medicare Charges (Title XVIII),COMPUTATION OF RATIO OF COST TO CHARGES,nan
C_1_C7_66,Physical Therapy,ROLLUP,C000001,"C, Part I: Ancillary & Outpatient Cost",06600,00700,Total Medicare Charges (Title XVIII),COMPUTATION OF RATIO OF COST TO CHARGES,nan
C_1_C7_69,Electrocardiology,ROLLUP,C000001,"C, Part I: Ancillary & Outpatient Cost",06900,00700,Total Medicare Charges (Title XVIII),COMPUTATION OF RATIO OF COST TO CHARGES,nan
C_1_C7_71,Medical Supplies Charged to Patients,ROLLUP,C000001,"C, Part I: Ancillary & Outpatient Cost",07100,00700,Total Medicare Charges (Title XVIII),COMPUTATION OF RATIO OF COST TO CHARGES,nan
C_1_C7_72,Impl. Dev. Charged to Patients,ROLLUP,C000001,"C, Part I: Ancillary & Outpatient Cost",07200,00700,Total Medicare Charges (Title XVIII),COMPUTATION OF RATIO OF COST TO CHARGES,nan
C_1_C7_73,Drugs Charged to Patients,ROLLUP,C000001,"C, Part I: Ancillary & Outpatient Cost",07300,00700,Total Medicare Charges (Title XVIII),COMPUTATION OF RATIO OF COST TO CHARGES,nan
C_1_C7_90,Clinic,ROLLUP,C000001,"C, Part I: Ancillary & Outpatient Cost",09000,00700,Total Medicare Charges (Title XVIII),COMPUTATION OF RATIO OF COST TO CHARGES,nan
C_1_C7_91,Emergency,ROLLUP,C000001,"C, Part I: Ancillary & Outpatient Cost",09100,00700,Total Medicare Charges (Title XVIII),COMPUTATION OF RATIO OF COST TO CHARGES,nan
D1_HOS_C5_43,Intensive Care Unit Program Cost,ROLLUP,D10A181,D-1: Apportionment - Hospital (Old Age),04300,00500,COMPUTATION OF INPATIENT OPERATING COSTS,COMPUTATION OF INPATIENT OPERATING COSTS,nan
D3_HOS_C2_31,Intensive Care Unit,ROLLUP,D30A180,D-3: Apportionment - Hospital,03100,00200,Medicare Charges,INPATIENT ANCILLARY SERVICE COST APPORTIONMENT,nan
D3_HOS_C2_50,Operating Room,ROLLUP,D30A180,D-3: Apportionment - Hospital,05000,00200,Medicare Charges,INPATIENT ANCILLARY SERVICE COST APPORTIONMENT,nan
D3_HOS_C2_54,Radiology-Diagnostic,ROLLUP,D30A180,D-3: Apportionment - Hospital,05400,00200,Medicare Charges,INPATIENT ANCILLARY SERVICE COST APPORTIONMENT,nan
D3_HOS_C2_56,Radioisotope,ROLLUP,D30A180,D-3: Apportionment - Hospital,05600,00200,Medicare Charges,INPATIENT ANCILLARY SERVICE COST APPORTIONMENT,nan
D3_HOS_C2_57,CT Scan,ROLLUP,D30A180,D-3: Apportionment - Hospital,05700,00200,Medicare Charges,INPATIENT ANCILLARY SERVICE COST APPORTIONMENT,nan
D3_HOS_C2_60,Laboratory,ROLLUP,D30A180,D-3: Apportionment - Hospital,06000,00200,Medicare Charges,INPATIENT ANCILLARY SERVICE COST APPORTIONMENT,nan
D3_HOS_C2_63,"Blood Storing, Processing, Trans",ROLLUP,D30A180,D-3: Apportionment - Hospital,06300,00200,Medicare Charges,INPATIENT ANCILLARY SERVICE COST APPORTIONMENT,nan
D3_HOS_C2_65,Respiratory Therapy,ROLLUP,D30A180,D-3: Apportionment - Hospital,06500,00200,Medicare Charges,INPATIENT ANCILLARY SERVICE COST APPORTIONMENT,nan
D3_HOS_C2_66,Physical Therapy,ROLLUP,D30A180,D-3: Apportionment - Hospital,06600,00200,Medicare Charges,INPATIENT ANCILLARY SERVICE COST APPORTIONMENT,nan
D3_HOS_C2_69,Electrocardiology,ROLLUP,D30A180,D-3: Apportionment - Hospital,06900,00200,Medicare Charges,INPATIENT ANCILLARY SERVICE COST APPORTIONMENT,nan
D3_HOS_C2_71,Medical Supplies Charged to Patients,ROLLUP,D30A180,D-3: Apportionment - Hospital,07100,00200,Medicare Charges,INPATIENT ANCILLARY SERVICE COST APPORTIONMENT,nan
D3_HOS_C2_72,Impl. Dev. Charged to Patients,ROLLUP,D30A180,D-3: Apportionment - Hospital,07200,00200,Medicare Charges,INPATIENT ANCILLARY SERVICE COST APPORTIONMENT,nan
D3_HOS_C2_73,Drugs Charged to Patients,ROLLUP,D30A180,D-3: Apportionment - Hospital,07300,00200,Medicare Charges,INPATIENT ANCILLARY SERVICE COST APPORTIONMENT,nan
D3_HOS_C2_90,Clinic,ROLLUP,D30A180,D-3: Apportionment - Hospital,09000,00200,Medicare Charges,INPATIENT ANCILLARY SERVICE COST APPORTIONMENT,nan
D3_HOS_C2_91,Emergency,ROLLUP,D30A180,D-3: Apportionment - Hospital,09100,00200,Medicare Charges,INPATIENT ANCILLARY SERVICE COST APPORTIONMENT,nan
D3_HOS_C3_50,Operating Room,ROLLUP,D30A180,D-3: Apportionment - Hospital,05000,00300,Cost / Charge Ratio,INPATIENT ANCILLARY SERVICE COST APPORTIONMENT,nan
D3_HOS_C3_54,Radiology-Diagnostic,ROLLUP,D30A180,D-3: Apportionment - Hospital,05400,00300,Cost / Charge Ratio,INPATIENT ANCILLARY SERVICE COST APPORTIONMENT,nan
D3_HOS_C3_56,Radioisotope,ROLLUP,D30A180,D-3: Apportionment - Hospital,05600,00300,Cost / Charge Ratio,INPATIENT ANCILLARY SERVICE COST APPORTIONMENT,nan
D3_HOS_C3_57,CT Scan,ROLLUP,D30A180,D-3: Apportionment - Hospital,05700,00300,Cost / Charge Ratio,INPATIENT ANCILLARY SERVICE COST APPORTIONMENT,nan
D3_HOS_C3_60,Laboratory,ROLLUP,D30A180,D-3: Apportionment - Hospital,06000,00300,Cost / Charge Ratio,INPATIENT ANCILLARY SERVICE COST APPORTIONMENT,nan
D3_HOS_C3_63,"Blood Storing, Processing, Trans",ROLLUP,D30A180,D-3: Apportionment - Hospital,06300,00300,Cost / Charge Ratio,INPATIENT ANCILLARY SERVICE COST APPORTIONMENT,nan
D3_HOS_C3_65,Respiratory Therapy,ROLLUP,D30A180,D-3: Apportionment - Hospital,06500,00300,Cost / Charge Ratio,INPATIENT ANCILLARY SERVICE COST APPORTIONMENT,nan
D3_HOS_C3_66,Physical Therapy,ROLLUP,D30A180,D-3: Apportionment - Hospital,06600,00300,Cost / Charge Ratio,INPATIENT ANCILLARY SERVICE COST APPORTIONMENT,nan
D3_HOS_C3_69,Electrocardiology,ROLLUP,D30A180,D-3: Apportionment - Hospital,06900,00300,Cost / Charge Ratio,INPATIENT ANCILLARY SERVICE COST APPORTIONMENT,nan
D3_HOS_C3_71,Medical Supplies Charged to Patients,ROLLUP,D30A180,D-3: Apportionment - Hospital,07100,00300,Cost / Charge Ratio,INPATIENT ANCILLARY SERVICE COST APPORTIONMENT,nan
D3_HOS_C3_72,Impl. Dev. Charged to Patients,ROLLUP,D30A180,D-3: Apportionment - Hospital,07200,00300,Cost / Charge Ratio,INPATIENT ANCILLARY SERVICE COST APPORTIONMENT,nan
D3_HOS_C3_73,Drugs Charged to Patients,ROLLUP,D30A180,D-3: Apportionment - Hospital,07300,00300,Cost / Charge Ratio,INPATIENT ANCILLARY SERVICE COST APPORTIONMENT,nan
D3_HOS_C3_90,Clinic,ROLLUP,D30A180,D-3: Apportionment - Hospital,09000,00300,Cost / Charge Ratio,INPATIENT ANCILLARY SERVICE COST APPORTIONMENT,nan
D3_HOS_C3_91,Emergency,ROLLUP,D30A180,D-3: Apportionment - Hospital,09100,00300,Cost / Charge Ratio,INPATIENT ANCILLARY SERVICE COST APPORTIONMENT,nan
D_1_HOS_C4_31,Intensive Care Unit,ROLLUP,D00A181,"D, Part I: Apportionment - Hospital",03100,00400,Title XVIII Days,APPORTIONMENT OF INPATIENT ROUTINE SERVICE CAPITAL COSTS,nan
D_1_HOS_C6_31,Intensive Care Unit,ROLLUP,D00A181,"D, Part I: Apportionment - Hospital",03100,00600,Title XVIII Discharges,APPORTIONMENT OF INPATIENT ROUTINE SERVICE CAPITAL COSTS,nan
D_1_HOS_C7_31,Intensive Care Unit,ROLLUP,D00A181,"D, Part I: Apportionment - Hospital",03100,00700,Total Days,APPORTIONMENT OF INPATIENT ROUTINE SERVICE CAPITAL COSTS,nan
D_2_HOS_C5_50,Hospital | Line 50 | Col 5,ROLLUP,D00A182,"D, Part II: Apportionment - Hospital",05000,00500,Settlement Amount,nan,nan
D_2_HOS_C5_54,Hospital | Line 54 | Col 5,ROLLUP,D00A182,"D, Part II: Apportionment - Hospital",05400,00500,Settlement Amount,nan,nan
D_2_HOS_C5_56,Hospital | Line 56 | Col 5,ROLLUP,D00A182,"D, Part II: Apportionment - Hospital",05600,00500,Settlement Amount,nan,nan
D_2_HOS_C5_57,Hospital | Line 57 | Col 5,ROLLUP,D00A182,"D, Part II: Apportionment - Hospital",05700,00500,Settlement Amount,nan,nan
D_2_HOS_C5_60,Hospital | Line 60 | Col 5,ROLLUP,D00A182,"D, Part II: Apportionment - Hospital",06000,00500,Settlement Amount,nan,nan
D_2_HOS_C5_63,Hospital | Line 63 | Col 5,ROLLUP,D00A182,"D, Part II: Apportionment - Hospital",06300,00500,Settlement Amount,nan,nan
D_2_HOS_C5_65,Hospital | Line 65 | Col 5,ROLLUP,D00A182,"D, Part II: Apportionment - Hospital",06500,00500,Settlement Amount,nan,nan
D_2_HOS_C5_66,Hospital | Line 66 | Col 5,ROLLUP,D00A182,"D, Part II: Apportionment - Hospital",06600,00500,Settlement Amount,nan,nan
D_2_HOS_C5_69,Hospital | Line 69 | Col 5,ROLLUP,D00A182,"D, Part II: Apportionment - Hospital",06900,00500,Settlement Amount,nan,nan
D_2_HOS_C5_71,Hospital | Line 71 | Col 5,ROLLUP,D00A182,"D, Part II: Apportionment - Hospital",07100,00500,Settlement Amount,nan,nan
D_2_HOS_C5_72,Hospital | Line 72 | Col 5,ROLLUP,D00A182,"D, Part II: Apportionment - Hospital",07200,00500,Settlement Amount,nan,nan
D_2_HOS_C5_73,Hospital | Line 73 | Col 5,ROLLUP,D00A182,"D, Part II: Apportionment - Hospital",07300,00500,Settlement Amount,nan,nan
D_2_HOS_C5_90,Hospital | Line 90 | Col 5,ROLLUP,D00A182,"D, Part II: Apportionment - Hospital",09000,00500,Settlement Amount,nan,nan
D_2_HOS_C5_91,Hospital | Line 91 | Col 5,ROLLUP,D00A182,"D, Part II: Apportionment - Hospital",09100,00500,Settlement Amount,nan,nan
D_4_HOS_C10_50,Operating Room,ROLLUP,D00A184,"D, Part IV: Apportionment - Hospital",05000,01000,Tentative Settlement,APPORTIONMENT OF INPATIENT/OUTPATIENT ANCILLARY SERVICE OTHER PASS THROUGH COSTS,nan
D_4_HOS_C10_54,Radiology-Diagnostic,ROLLUP,D00A184,"D, Part IV: Apportionment - Hospital",05400,01000,Tentative Settlement,APPORTIONMENT OF INPATIENT/OUTPATIENT ANCILLARY SERVICE OTHER PASS THROUGH COSTS,nan
D_4_HOS_C10_56,Radioisotope,ROLLUP,D00A184,"D, Part IV: Apportionment - Hospital",05600,01000,Tentative Settlement,APPORTIONMENT OF INPATIENT/OUTPATIENT ANCILLARY SERVICE OTHER PASS THROUGH COSTS,nan
D_4_HOS_C10_57,CT Scan,ROLLUP,D00A184,"D, Part IV: Apportionment - Hospital",05700,01000,Tentative Settlement,APPORTIONMENT OF INPATIENT/OUTPATIENT ANCILLARY SERVICE OTHER PASS THROUGH COSTS,nan
D_4_HOS_C10_60,Laboratory,ROLLUP,D00A184,"D, Part IV: Apportionment - Hospital",06000,01000,Tentative Settlement,APPORTIONMENT OF INPATIENT/OUTPATIENT ANCILLARY SERVICE OTHER PASS THROUGH COSTS,nan
D_4_HOS_C10_63,"Blood Storing, Processing, Trans",ROLLUP,D00A184,"D, Part IV: Apportionment - Hospital",06300,01000,Tentative Settlement,APPORTIONMENT OF INPATIENT/OUTPATIENT ANCILLARY SERVICE OTHER PASS THROUGH COSTS,nan
D_4_HOS_C10_65,Respiratory Therapy,ROLLUP,D00A184,"D, Part IV: Apportionment - Hospital",06500,01000,Tentative Settlement,APPORTIONMENT OF INPATIENT/OUTPATIENT ANCILLARY SERVICE OTHER PASS THROUGH COSTS,nan
D_4_HOS_C10_66,Physical Therapy,ROLLUP,D00A184,"D, Part IV: Apportionment - Hospital",06600,01000,Tentative Settlement,APPORTIONMENT OF INPATIENT/OUTPATIENT ANCILLARY SERVICE OTHER PASS THROUGH COSTS,nan
D_4_HOS_C10_69,Electrocardiology,ROLLUP,D00A184,"D, Part IV: Apportionment - Hospital",06900,01000,Tentative Settlement,APPORTIONMENT OF INPATIENT/OUTPATIENT ANCILLARY SERVICE OTHER PASS THROUGH COSTS,nan
D_4_HOS_C10_71,Medical Supplies Charged to Patients,ROLLUP,D00A184,"D, Part IV: Apportionment - Hospital",07100,01000,Tentative Settlement,APPORTIONMENT OF INPATIENT/OUTPATIENT ANCILLARY SERVICE OTHER PASS THROUGH COSTS,nan
D_4_HOS_C10_72,Impl. Dev. Charged to Patients,ROLLUP,D00A184,"D, Part IV: Apportionment - Hospital",07200,01000,Tentative Settlement,APPORTIONMENT OF INPATIENT/OUTPATIENT ANCILLARY SERVICE OTHER PASS THROUGH COSTS,nan
D_4_HOS_C10_73,Drugs Charged to Patients,ROLLUP,D00A184,"D, Part IV: Apportionment - Hospital",07300,01000,Tentative Settlement,APPORTIONMENT OF INPATIENT/OUTPATIENT ANCILLARY SERVICE OTHER PASS THROUGH COSTS,nan
D_4_HOS_C10_90,Clinic,ROLLUP,D00A184,"D, Part IV: Apportionment - Hospital",09000,01000,Tentative Settlement,APPORTIONMENT OF INPATIENT/OUTPATIENT ANCILLARY SERVICE OTHER PASS THROUGH COSTS,nan
D_4_HOS_C10_91,Emergency,ROLLUP,D00A184,"D, Part IV: Apportionment - Hospital",09100,01000,Tentative Settlement,APPORTIONMENT OF INPATIENT/OUTPATIENT ANCILLARY SERVICE OTHER PASS THROUGH COSTS,nan
D_4_HOS_C12_50,Operating Room,ROLLUP,D00A184,"D, Part IV: Apportionment - Hospital",05000,01200,Amount Due To/From Provider,APPORTIONMENT OF INPATIENT/OUTPATIENT ANCILLARY SERVICE OTHER PASS THROUGH COSTS,nan
D_4_HOS_C12_54,Radiology-Diagnostic,ROLLUP,D00A184,"D, Part IV: Apportionment - Hospital",05400,01200,Amount Due To/From Provider,APPORTIONMENT OF INPATIENT/OUTPATIENT ANCILLARY SERVICE OTHER PASS THROUGH COSTS,nan
D_4_HOS_C12_56,Radioisotope,ROLLUP,D00A184,"D, Part IV: Apportionment - Hospital",05600,01200,Amount Due To/From Provider,APPORTIONMENT OF INPATIENT/OUTPATIENT ANCILLARY SERVICE OTHER PASS THROUGH COSTS,nan
D_4_HOS_C12_57,CT Scan,ROLLUP,D00A184,"D, Part IV: Apportionment - Hospital",05700,01200,Amount Due To/From Provider,APPORTIONMENT OF INPATIENT/OUTPATIENT ANCILLARY SERVICE OTHER PASS THROUGH COSTS,nan
D_4_HOS_C12_60,Laboratory,ROLLUP,D00A184,"D, Part IV: Apportionment - Hospital",06000,01200,Amount Due To/From Provider,APPORTIONMENT OF INPATIENT/OUTPATIENT ANCILLARY SERVICE OTHER PASS THROUGH COSTS,nan
D_4_HOS_C12_63,"Blood Storing, Processing, Trans",ROLLUP,D00A184,"D, Part IV: Apportionment - Hospital",06300,01200,Amount Due To/From Provider,APPORTIONMENT OF INPATIENT/OUTPATIENT ANCILLARY SERVICE OTHER PASS THROUGH COSTS,nan
D_4_HOS_C12_65,Respiratory Therapy,ROLLUP,D00A184,"D, Part IV: Apportionment - Hospital",06500,01200,Amount Due To/From Provider,APPORTIONMENT OF INPATIENT/OUTPATIENT ANCILLARY SERVICE OTHER PASS THROUGH COSTS,nan
D_4_HOS_C12_66,Physical Therapy,ROLLUP,D00A184,"D, Part IV: Apportionment - Hospital",06600,01200,Amount Due To/From Provider,APPORTIONMENT OF INPATIENT/OUTPATIENT ANCILLARY SERVICE OTHER PASS THROUGH COSTS,nan
D_4_HOS_C12_69,Electrocardiology,ROLLUP,D00A184,"D, Part IV: Apportionment - Hospital",06900,01200,Amount Due To/From Provider,APPORTIONMENT OF INPATIENT/OUTPATIENT ANCILLARY SERVICE OTHER PASS THROUGH COSTS,nan
D_4_HOS_C12_71,Medical Supplies Charged to Patients,ROLLUP,D00A184,"D, Part IV: Apportionment - Hospital",07100,01200,Amount Due To/From Provider,APPORTIONMENT OF INPATIENT/OUTPATIENT ANCILLARY SERVICE OTHER PASS THROUGH COSTS,nan
D_4_HOS_C12_72,Impl. Dev. Charged to Patients,ROLLUP,D00A184,"D, Part IV: Apportionment - Hospital",07200,01200,Amount Due To/From Provider,APPORTIONMENT OF INPATIENT/OUTPATIENT ANCILLARY SERVICE OTHER PASS THROUGH COSTS,nan
D_4_HOS_C12_73,Drugs Charged to Patients,ROLLUP,D00A184,"D, Part IV: Apportionment - Hospital",07300,01200,Amount Due To/From Provider,APPORTIONMENT OF INPATIENT/OUTPATIENT ANCILLARY SERVICE OTHER PASS THROUGH COSTS,nan
D_4_HOS_C12_90,Clinic,ROLLUP,D00A184,"D, Part IV: Apportionment - Hospital",09000,01200,Amount Due To/From Provider,APPORTIONMENT OF INPATIENT/OUTPATIENT ANCILLARY SERVICE OTHER PASS THROUGH COSTS,nan
D_4_HOS_C12_91,Emergency,ROLLUP,D00A184,"D, Part IV: Apportionment - Hospital",09100,01200,Amount Due To/From Provider,APPORTIONMENT OF INPATIENT/OUTPATIENT ANCILLARY SERVICE OTHER PASS THROUGH COSTS,nan
D_5_HOS_C2_50,Operating Room,ROLLUP,D00A185,"D, Part V: Apportionment - Hospital",05000,00200,APPORTIONMENT OF MEDICAL AND OTHER HEALTH SERVICES - PPS REIMBURSED SERVICES -  CHARGES,APPORTIONMENT OF MEDICAL AND OTHER HEALTH SERVICES,PPS REIMBURSED SERVICES -  CHARGES
D_5_HOS_C2_54,Radiology-Diagnostic,ROLLUP,D00A185,"D, Part V: Apportionment - Hospital",05400,00200,APPORTIONMENT OF MEDICAL AND OTHER HEALTH SERVICES - PPS REIMBURSED SERVICES -  CHARGES,APPORTIONMENT OF MEDICAL AND OTHER HEALTH SERVICES,PPS REIMBURSED SERVICES -  CHARGES
D_5_HOS_C2_56,Radioisotope,ROLLUP,D00A185,"D, Part V: Apportionment - Hospital",05600,00200,APPORTIONMENT OF MEDICAL AND OTHER HEALTH SERVICES - PPS REIMBURSED SERVICES -  CHARGES,APPORTIONMENT OF MEDICAL AND OTHER HEALTH SERVICES,PPS REIMBURSED SERVICES -  CHARGES
D_5_HOS_C2_57,CT Scan,ROLLUP,D00A185,"D, Part V: Apportionment - Hospital",05700,00200,APPORTIONMENT OF MEDICAL AND OTHER HEALTH SERVICES - PPS REIMBURSED SERVICES -  CHARGES,APPORTIONMENT OF MEDICAL AND OTHER HEALTH SERVICES,PPS REIMBURSED SERVICES -  CHARGES
D_5_HOS_C2_60,Laboratory,ROLLUP,D00A185,"D, Part V: Apportionment - Hospital",06000,00200,APPORTIONMENT OF MEDICAL AND OTHER HEALTH SERVICES - PPS REIMBURSED SERVICES -  CHARGES,APPORTIONMENT OF MEDICAL AND OTHER HEALTH SERVICES,PPS REIMBURSED SERVICES -  CHARGES
D_5_HOS_C2_63,"Blood Storing, Processing, Trans",ROLLUP,D00A185,"D, Part V: Apportionment - Hospital",06300,00200,APPORTIONMENT OF MEDICAL AND OTHER HEALTH SERVICES - PPS REIMBURSED SERVICES -  CHARGES,APPORTIONMENT OF MEDICAL AND OTHER HEALTH SERVICES,PPS REIMBURSED SERVICES -  CHARGES
D_5_HOS_C2_65,Respiratory Therapy,ROLLUP,D00A185,"D, Part V: Apportionment - Hospital",06500,00200,APPORTIONMENT OF MEDICAL AND OTHER HEALTH SERVICES - PPS REIMBURSED SERVICES -  CHARGES,APPORTIONMENT OF MEDICAL AND OTHER HEALTH SERVICES,PPS REIMBURSED SERVICES -  CHARGES
D_5_HOS_C2_66,Physical Therapy,ROLLUP,D00A185,"D, Part V: Apportionment - Hospital",06600,00200,APPORTIONMENT OF MEDICAL AND OTHER HEALTH SERVICES - PPS REIMBURSED SERVICES -  CHARGES,APPORTIONMENT OF MEDICAL AND OTHER HEALTH SERVICES,PPS REIMBURSED SERVICES -  CHARGES
D_5_HOS_C2_69,Electrocardiology,ROLLUP,D00A185,"D, Part V: Apportionment - Hospital",06900,00200,APPORTIONMENT OF MEDICAL AND OTHER HEALTH SERVICES - PPS REIMBURSED SERVICES -  CHARGES,APPORTIONMENT OF MEDICAL AND OTHER HEALTH SERVICES,PPS REIMBURSED SERVICES -  CHARGES
D_5_HOS_C2_71,Medical Supplies Charged to Patients,ROLLUP,D00A185,"D, Part V: Apportionment - Hospital",07100,00200,APPORTIONMENT OF MEDICAL AND OTHER HEALTH SERVICES - PPS REIMBURSED SERVICES -  CHARGES,APPORTIONMENT OF MEDICAL AND OTHER HEALTH SERVICES,PPS REIMBURSED SERVICES -  CHARGES
D_5_HOS_C2_72,Impl. Dev. Charged to Patients,ROLLUP,D00A185,"D, Part V: Apportionment - Hospital",07200,00200,APPORTIONMENT OF MEDICAL AND OTHER HEALTH SERVICES - PPS REIMBURSED SERVICES -  CHARGES,APPORTIONMENT OF MEDICAL AND OTHER HEALTH SERVICES,PPS REIMBURSED SERVICES -  CHARGES
D_5_HOS_C2_73,Drugs Charged to Patients,ROLLUP,D00A185,"D, Part V: Apportionment - Hospital",07300,00200,APPORTIONMENT OF MEDICAL AND OTHER HEALTH SERVICES - PPS REIMBURSED SERVICES -  CHARGES,APPORTIONMENT OF MEDICAL AND OTHER HEALTH SERVICES,PPS REIMBURSED SERVICES -  CHARGES
D_5_HOS_C2_90,Clinic,ROLLUP,D00A185,"D, Part V: Apportionment - Hospital",09000,00200,APPORTIONMENT OF MEDICAL AND OTHER HEALTH SERVICES - PPS REIMBURSED SERVICES -  CHARGES,APPORTIONMENT OF MEDICAL AND OTHER HEALTH SERVICES,PPS REIMBURSED SERVICES -  CHARGES
D_5_HOS_C2_91,Emergency,ROLLUP,D00A185,"D, Part V: Apportionment - Hospital",09100,00200,APPORTIONMENT OF MEDICAL AND OTHER HEALTH SERVICES - PPS REIMBURSED SERVICES -  CHARGES,APPORTIONMENT OF MEDICAL AND OTHER HEALTH SERVICES,PPS REIMBURSED SERVICES -  CHARGES
D_5_HOS_C5_50,Operating Room,ROLLUP,D00A185,"D, Part V: Apportionment - Hospital",05000,00500,APPORTIONMENT OF MEDICAL AND OTHER HEALTH SERVICES - PPS SERVICES COST,APPORTIONMENT OF MEDICAL AND OTHER HEALTH SERVICES,PPS SERVICES COST
D_5_HOS_C5_54,Radiology-Diagnostic,ROLLUP,D00A185,"D, Part V: Apportionment - Hospital",05400,00500,APPORTIONMENT OF MEDICAL AND OTHER HEALTH SERVICES - PPS SERVICES COST,APPORTIONMENT OF MEDICAL AND OTHER HEALTH SERVICES,PPS SERVICES COST
D_5_HOS_C5_56,Radioisotope,ROLLUP,D00A185,"D, Part V: Apportionment - Hospital",05600,00500,APPORTIONMENT OF MEDICAL AND OTHER HEALTH SERVICES - PPS SERVICES COST,APPORTIONMENT OF MEDICAL AND OTHER HEALTH SERVICES,PPS SERVICES COST
D_5_HOS_C5_57,CT Scan,ROLLUP,D00A185,"D, Part V: Apportionment - Hospital",05700,00500,APPORTIONMENT OF MEDICAL AND OTHER HEALTH SERVICES - PPS SERVICES COST,APPORTIONMENT OF MEDICAL AND OTHER HEALTH SERVICES,PPS SERVICES COST
D_5_HOS_C5_60,Laboratory,ROLLUP,D00A185,"D, Part V: Apportionment - Hospital",06000,00500,APPORTIONMENT OF MEDICAL AND OTHER HEALTH SERVICES - PPS SERVICES COST,APPORTIONMENT OF MEDICAL AND OTHER HEALTH SERVICES,PPS SERVICES COST
D_5_HOS_C5_63,"Blood Storing, Processing, Trans",ROLLUP,D00A185,"D, Part V: Apportionment - Hospital",06300,00500,APPORTIONMENT OF MEDICAL AND OTHER HEALTH SERVICES - PPS SERVICES COST,APPORTIONMENT OF MEDICAL AND OTHER HEALTH SERVICES,PPS SERVICES COST
D_5_HOS_C5_65,Respiratory Therapy,ROLLUP,D00A185,"D, Part V: Apportionment - Hospital",06500,00500,APPORTIONMENT OF MEDICAL AND OTHER HEALTH SERVICES - PPS SERVICES COST,APPORTIONMENT OF MEDICAL AND OTHER HEALTH SERVICES,PPS SERVICES COST
D_5_HOS_C5_66,Physical Therapy,ROLLUP,D00A185,"D, Part V: Apportionment - Hospital",06600,00500,APPORTIONMENT OF MEDICAL AND OTHER HEALTH SERVICES - PPS SERVICES COST,APPORTIONMENT OF MEDICAL AND OTHER HEALTH SERVICES,PPS SERVICES COST
D_5_HOS_C5_69,Electrocardiology,ROLLUP,D00A185,"D, Part V: Apportionment - Hospital",06900,00500,APPORTIONMENT OF MEDICAL AND OTHER HEALTH SERVICES - PPS SERVICES COST,APPORTIONMENT OF MEDICAL AND OTHER HEALTH SERVICES,PPS SERVICES COST
D_5_HOS_C5_71,Medical Supplies Charged to Patients,ROLLUP,D00A185,"D, Part V: Apportionment - Hospital",07100,00500,APPORTIONMENT OF MEDICAL AND OTHER HEALTH SERVICES - PPS SERVICES COST,APPORTIONMENT OF MEDICAL AND OTHER HEALTH SERVICES,PPS SERVICES COST
D_5_HOS_C5_72,Impl. Dev. Charged to Patients,ROLLUP,D00A185,"D, Part V: Apportionment - Hospital",07200,00500,APPORTIONMENT OF MEDICAL AND OTHER HEALTH SERVICES - PPS SERVICES COST,APPORTIONMENT OF MEDICAL AND OTHER HEALTH SERVICES,PPS SERVICES COST
D_5_HOS_C5_73,Drugs Charged to Patients,ROLLUP,D00A185,"D, Part V: Apportionment - Hospital",07300,00500,APPORTIONMENT OF MEDICAL AND OTHER HEALTH SERVICES - PPS SERVICES COST,APPORTIONMENT OF MEDICAL AND OTHER HEALTH SERVICES,PPS SERVICES COST
D_5_HOS_C5_90,Clinic,ROLLUP,D00A185,"D, Part V: Apportionment - Hospital",09000,00500,APPORTIONMENT OF MEDICAL AND OTHER HEALTH SERVICES - PPS SERVICES COST,APPORTIONMENT OF MEDICAL AND OTHER HEALTH SERVICES,PPS SERVICES COST
D_5_HOS_C5_91,Emergency,ROLLUP,D00A185,"D, Part V: Apportionment - Hospital",09100,00500,APPORTIONMENT OF MEDICAL AND OTHER HEALTH SERVICES - PPS SERVICES COST,APPORTIONMENT OF MEDICAL AND OTHER HEALTH SERVICES,PPS SERVICES COST
E_A_HOS_C1_70,Hospital | Line 70 | Col 1,ROLLUP,E00A18A,"E, Part A: Settlement - Hospital",07000,00100,Amount,nan,nan
G2_C1_11,Line 11 | Col 1,ROLLUP,G200000,G-2: Statement of Changes in Fund Balance,01100,00100,General Fund,nan,nan
G2_C1_27,Line 27 | Col 1,ROLLUP,G200000,G-2: Statement of Changes in Fund Balance,02700,00100,General Fund,nan,nan
G2_C2_27,Line 27 | Col 2,ROLLUP,G200000,G-2: Statement of Changes in Fund Balance,02700,00200,Specific Purpose Fund,nan,nan
S3_1_C2_8,Intensive Care Unit,ROLLUP,S300001,"S-3, Part I: Utilization Data",00800,00200,Inpatient Days (Title V & XVIII),NUMBER OF BEDS,nan
S3_1_C3_8,Intensive Care Unit,ROLLUP,S300001,"S-3, Part I: Utilization Data",00800,00300,Inpatient Days (Title XVIII Medicare),BED DAYS AVAILABLE,nan
S3_1_C6_8,Intensive Care Unit,ROLLUP,S300001,"S-3, Part I: Utilization Data",00800,00600,Total Inpatient Days,Medicare Inpatient Days/Outpatient Visits,nan
S3_1_C7_8,Intensive Care Unit,ROLLUP,S300001,"S-3, Part I: Utilization Data",00800,00700,% Medicare Days / Total Days,Medicaid Inpatient Days/Outpatient Visits,nan
S3_1_C8_8,Intensive Care Unit,ROLLUP,S300001,"S-3, Part I: Utilization Data",00800,00800,Total Discharges,Total Inpatient Days/Outpatient Visits,nan
A7_3_C11_1,New Cap Related Csts Bldg & Fixtures,ROLLUP,A700003,"A-7, Part III: Capital Assets",00100,01100,RECONCILIATION OF CAPITAL COST CENTERS - Interest,RECONCILIATION OF CAPITAL COST CENTERS,Interest
A7_3_C11_2,New Cap Related Csts Movable Equipment,ROLLUP,A700003,"A-7, Part III: Capital Assets",00200,01100,RECONCILIATION OF CAPITAL COST CENTERS - Interest,RECONCILIATION OF CAPITAL COST CENTERS,Interest
A7_3_C15_1,New Cap Related Csts Bldg & Fixtures,ROLLUP,A700003,"A-7, Part III: Capital Assets",00100,01500,RECONCILIATION OF CAPITAL COST CENTERS - Total,RECONCILIATION OF CAPITAL COST CENTERS,Total
A7_3_C9_1,New Cap Related Csts Bldg & Fixtures,ROLLUP,A700003,"A-7, Part III: Capital Assets",00100,00900,RECONCILIATION OF CAPITAL COST CENTERS - Depreciation,RECONCILIATION OF CAPITAL COST CENTERS,Depreciation
A8_C2_33,Other Adjustments (Summed),ROLLUP,A800000,A-8: Adjustments to Expenses,03300,00200,Reclassification,ADJUSTMENTS,nan
A_C1_193,Nonpaid Workers,ROLLUP,A000000,A: Reclassification & Adjustment of Trial Balance,19300,00100,Salaries,TRIAL BALANCE OF EXPENSE ACCOUNTS,nan
A_C1_7,Operation of Plant,ROLLUP,A000000,A: Reclassification & Adjustment of Trial Balance,00700,00100,Salaries,TRIAL BALANCE OF EXPENSE ACCOUNTS,nan
A_C1_88,RHC,ROLLUP,A000000,A: Reclassification & Adjustment of Trial Balance,08800,00100,Salaries,TRIAL BALANCE OF EXPENSE ACCOUNTS,nan
A_C2_1,New Capital Buildings and Fixtures,ROLLUP,A000000,A: Reclassification & Adjustment of Trial Balance,00100,00200,Other Costs,TRIAL BALANCE OF EXPENSE ACCOUNTS,nan
A_C2_19,Nonphysician Anesthetists,ROLLUP,A000000,A: Reclassification & Adjustment of Trial Balance,01900,00200,Other Costs,TRIAL BALANCE OF EXPENSE ACCOUNTS,nan
A_C2_193,Nonpaid Workers,ROLLUP,A000000,A: Reclassification & Adjustment of Trial Balance,19300,00200,Other Costs,TRIAL BALANCE OF EXPENSE ACCOUNTS,nan
A_C2_53,Anesthesiology,ROLLUP,A000000,A: Reclassification & Adjustment of Trial Balance,05300,00200,Other Costs,TRIAL BALANCE OF EXPENSE ACCOUNTS,nan
A_C2_7,Operation of Plant,ROLLUP,A000000,A: Reclassification & Adjustment of Trial Balance,00700,00200,Other Costs,TRIAL BALANCE OF EXPENSE ACCOUNTS,nan
A_C2_71,Medical Supplies Charged to Patients,ROLLUP,A000000,A: Reclassification & Adjustment of Trial Balance,07100,00200,Other Costs,TRIAL BALANCE OF EXPENSE ACCOUNTS,nan
A_C2_72,Impl. Dev. Charged to Patients,ROLLUP,A000000,A: Reclassification & Adjustment of Trial Balance,07200,00200,Other Costs,TRIAL BALANCE OF EXPENSE ACCOUNTS,nan
A_C2_73,Drugs Charged to Patients,ROLLUP,A000000,A: Reclassification & Adjustment of Trial Balance,07300,00200,Other Costs,TRIAL BALANCE OF EXPENSE ACCOUNTS,nan
A_C2_88,RHC,ROLLUP,A000000,A: Reclassification & Adjustment of Trial Balance,08800,00200,Other Costs,TRIAL BALANCE OF EXPENSE ACCOUNTS,nan
A_C6_1,New Capital Buildings and Fixtures,ROLLUP,A000000,A: Reclassification & Adjustment of Trial Balance,00100,00600,Reclassified Net Expenses,TRIAL BALANCE OF EXPENSE ACCOUNTS,nan
A_C6_11,Cafeteria,ROLLUP,A000000,A: Reclassification & Adjustment of Trial Balance,01100,00600,Reclassified Net Expenses,TRIAL BALANCE OF EXPENSE ACCOUNTS,nan
A_C6_19,Nonphysician Anesthetists,ROLLUP,A000000,A: Reclassification & Adjustment of Trial Balance,01900,00600,Reclassified Net Expenses,TRIAL BALANCE OF EXPENSE ACCOUNTS,nan
A_C6_2,New Capital Equipment,ROLLUP,A000000,A: Reclassification & Adjustment of Trial Balance,00200,00600,Reclassified Net Expenses,TRIAL BALANCE OF EXPENSE ACCOUNTS,nan
A_C6_5,Administrative and General,ROLLUP,A000000,A: Reclassification & Adjustment of Trial Balance,00500,00600,Reclassified Net Expenses,TRIAL BALANCE OF EXPENSE ACCOUNTS,nan
A_C6_65,Respiratory Therapy,ROLLUP,A000000,A: Reclassification & Adjustment of Trial Balance,06500,00600,Reclassified Net Expenses,TRIAL BALANCE OF EXPENSE ACCOUNTS,nan
A_C6_7,Operation of Plant,ROLLUP,A000000,A: Reclassification & Adjustment of Trial Balance,00700,00600,Reclassified Net Expenses,TRIAL BALANCE OF EXPENSE ACCOUNTS,nan
A_C6_73,Drugs Charged to Patients,ROLLUP,A000000,A: Reclassification & Adjustment of Trial Balance,07300,00600,Reclassified Net Expenses,TRIAL BALANCE OF EXPENSE ACCOUNTS,nan
B_1_C0_1,New Capital Buildings and Fixtures,ROLLUP,B000001,"B, Part I: Cost Allocation - General",00100,00000,Statistical Basis / Cost Center,COST ALLOCATION,Net Expense for Cost Allocation
B_1_C0_193,Nonpaid Workers,ROLLUP,B000001,"B, Part I: Cost Allocation - General",19300,00000,Statistical Basis / Cost Center,COST ALLOCATION,Net Expense for Cost Allocation
B_1_C0_53,Anesthesiology,ROLLUP,B000001,"B, Part I: Cost Allocation - General",05300,00000,Statistical Basis / Cost Center,COST ALLOCATION,Net Expense for Cost Allocation
B_1_C0_7,Operation of Plant,ROLLUP,B000001,"B, Part I: Cost Allocation - General",00700,00000,Statistical Basis / Cost Center,COST ALLOCATION,Net Expense for Cost Allocation
B_1_C0_88,RHC,ROLLUP,B000001,"B, Part I: Cost Allocation - General",08800,00000,Statistical Basis / Cost Center,COST ALLOCATION,Net Expense for Cost Allocation
B_1_C26_193,Nonpaid Workers,ROLLUP,B000001,"B, Part I: Cost Allocation - General",19300,02600,Stat Basis / Total,COST ALLOCATION,nan
B_1_C26_53,Anesthesiology,ROLLUP,B000001,"B, Part I: Cost Allocation - General",05300,02600,Stat Basis / Total,COST ALLOCATION,nan
B_1_C26_88,RHC,ROLLUP,B000001,"B, Part I: Cost Allocation - General",08800,02600,Stat Basis / Total,COST ALLOCATION,nan
B_2_C26_193,Nonpaid Workers,ROLLUP,B000002,"B, Part II: Cost Allocation",19300,02600,ALLOCATION OF NEW CAPITAL COSTS - TOTAL CAPITAL COSTS AFTER COST ALLOCATION,ALLOCATION OF NEW CAPITAL COSTS,nan
B_2_C26_53,Anesthesiology,ROLLUP,B000002,"B, Part II: Cost Allocation",05300,02600,ALLOCATION OF NEW CAPITAL COSTS - TOTAL CAPITAL COSTS AFTER COST ALLOCATION,ALLOCATION OF NEW CAPITAL COSTS,TOTAL CAPITAL COSTS AFTER COST ALLOCATION
C_1_C5_53,Anesthesiology,ROLLUP,C000001,"C, Part I: Ancillary & Outpatient Cost",05300,00500,Medicare Charges (Title XVIII PPS),COMPUTATION OF RATIO OF COST TO CHARGES,nan
C_1_C5_88,RHC,ROLLUP,C000001,"C, Part I: Ancillary & Outpatient Cost",08800,00500,Medicare Charges (Title XVIII PPS),COMPUTATION OF RATIO OF COST TO CHARGES,nan
C_1_C6_53,Anesthesiology,ROLLUP,C000001,"C, Part I: Ancillary & Outpatient Cost",05300,00600,Medicare Charges (Title XVIII Other),COMPUTATION OF RATIO OF COST TO CHARGES,Total Inpatient Charges
C_1_C6_88,RHC,ROLLUP,C000001,"C, Part I: Ancillary & Outpatient Cost",08800,00600,Medicare Charges (Title XVIII Other),COMPUTATION OF RATIO OF COST TO CHARGES,nan
C_1_C7_53,Anesthesiology,ROLLUP,C000001,"C, Part I: Ancillary & Outpatient Cost",05300,00700,Total Medicare Charges (Title XVIII),COMPUTATION OF RATIO OF COST TO CHARGES,Total Outpatient Charges
C_1_C7_88,RHC,ROLLUP,C000001,"C, Part I: Ancillary & Outpatient Cost",08800,00700,Total Medicare Charges (Title XVIII),COMPUTATION OF RATIO OF COST TO CHARGES,nan
D3_HOS_C2_53,Anesthesiology,ROLLUP,D30A180,D-3: Apportionment - Hospital,05300,00200,Medicare Charges,INPATIENT ANCILLARY SERVICE COST APPORTIONMENT,nan
D3_HOS_C3_53,Anesthesiology,ROLLUP,D30A180,D-3: Apportionment - Hospital,05300,00300,Cost / Charge Ratio,INPATIENT ANCILLARY SERVICE COST APPORTIONMENT,nan
D3_IPF_C2_54,Radiology-Diagnostic,ROLLUP,D30B180,D-3: Apportionment - IPF,05400,00200,Medicare Charges,INPATIENT ANCILLARY SERVICE COST APPORTIONMENT,nan
D3_IPF_C2_60,Laboratory,ROLLUP,D30B180,D-3: Apportionment - IPF,06000,00200,Medicare Charges,INPATIENT ANCILLARY SERVICE COST APPORTIONMENT,nan
D3_IPF_C2_66,Physical Therapy,ROLLUP,D30B180,D-3: Apportionment - IPF,06600,00200,Medicare Charges,INPATIENT ANCILLARY SERVICE COST APPORTIONMENT,nan
D3_IPF_C2_73,Drugs Charged to Patients,ROLLUP,D30B180,D-3: Apportionment - IPF,07300,00200,Medicare Charges,INPATIENT ANCILLARY SERVICE COST APPORTIONMENT,nan
D3_IPF_C2_91,Emergency,ROLLUP,D30B180,D-3: Apportionment - IPF,09100,00200,Medicare Charges,INPATIENT ANCILLARY SERVICE COST APPORTIONMENT,nan
D3_IPF_C3_54,Radiology-Diagnostic,ROLLUP,D30B180,D-3: Apportionment - IPF,05400,00300,Cost / Charge Ratio,INPATIENT ANCILLARY SERVICE COST APPORTIONMENT,nan
D3_IPF_C3_60,Laboratory,ROLLUP,D30B180,D-3: Apportionment - IPF,06000,00300,Cost / Charge Ratio,INPATIENT ANCILLARY SERVICE COST APPORTIONMENT,nan
D3_IPF_C3_66,Physical Therapy,ROLLUP,D30B180,D-3: Apportionment - IPF,06600,00300,Cost / Charge Ratio,INPATIENT ANCILLARY SERVICE COST APPORTIONMENT,nan
D3_IPF_C3_73,Drugs Charged to Patients,ROLLUP,D30B180,D-3: Apportionment - IPF,07300,00300,Cost / Charge Ratio,INPATIENT ANCILLARY SERVICE COST APPORTIONMENT,nan
D3_IPF_C3_91,Emergency,ROLLUP,D30B180,D-3: Apportionment - IPF,09100,00300,Cost / Charge Ratio,INPATIENT ANCILLARY SERVICE COST APPORTIONMENT,nan
D3_SNF_C2_54,Radiology-Diagnostic,ROLLUP,D30E180,D-3: Apportionment - SNF,05400,00200,Medicare Charges,INPATIENT ANCILLARY SERVICE COST APPORTIONMENT,nan
D3_SNF_C2_60,Laboratory,ROLLUP,D30E180,D-3: Apportionment - SNF,06000,00200,Medicare Charges,INPATIENT ANCILLARY SERVICE COST APPORTIONMENT,nan
D3_SNF_C2_65,Respiratory Therapy,ROLLUP,D30E180,D-3: Apportionment - SNF,06500,00200,Medicare Charges,INPATIENT ANCILLARY SERVICE COST APPORTIONMENT,nan
D3_SNF_C2_66,Physical Therapy,ROLLUP,D30E180,D-3: Apportionment - SNF,06600,00200,Medicare Charges,INPATIENT ANCILLARY SERVICE COST APPORTIONMENT,nan
D3_SNF_C2_71,Medical Supplies Charged to Patients,ROLLUP,D30E180,D-3: Apportionment - SNF,07100,00200,Medicare Charges,INPATIENT ANCILLARY SERVICE COST APPORTIONMENT,nan
D3_SNF_C2_73,Drugs Charged to Patients,ROLLUP,D30E180,D-3: Apportionment - SNF,07300,00200,Medicare Charges,INPATIENT ANCILLARY SERVICE COST APPORTIONMENT,nan
D3_SNF_C3_54,Radiology-Diagnostic,ROLLUP,D30E180,D-3: Apportionment - SNF,05400,00300,Cost / Charge Ratio,INPATIENT ANCILLARY SERVICE COST APPORTIONMENT,nan
D3_SNF_C3_60,Laboratory,ROLLUP,D30E180,D-3: Apportionment - SNF,06000,00300,Cost / Charge Ratio,INPATIENT ANCILLARY SERVICE COST APPORTIONMENT,nan
D3_SNF_C3_65,Respiratory Therapy,ROLLUP,D30E180,D-3: Apportionment - SNF,06500,00300,Cost / Charge Ratio,INPATIENT ANCILLARY SERVICE COST APPORTIONMENT,nan
D3_SNF_C3_66,Physical Therapy,ROLLUP,D30E180,D-3: Apportionment - SNF,06600,00300,Cost / Charge Ratio,INPATIENT ANCILLARY SERVICE COST APPORTIONMENT,nan
D3_SNF_C3_71,Medical Supplies Charged to Patients,ROLLUP,D30E180,D-3: Apportionment - SNF,07100,00300,Cost / Charge Ratio,INPATIENT ANCILLARY SERVICE COST APPORTIONMENT,nan
D3_SNF_C3_73,Drugs Charged to Patients,ROLLUP,D30E180,D-3: Apportionment - SNF,07300,00300,Cost / Charge Ratio,INPATIENT ANCILLARY SERVICE COST APPORTIONMENT,nan
D_2_HOS_C5_53,Hospital | Line 53 | Col 5,ROLLUP,D00A182,"D, Part II: Apportionment - Hospital",05300,00500,Settlement Amount,nan,nan
D_2_IPF_C5_54,Inpatient Psychiatric Facility | Line 54 | Col 5,ROLLUP,D00B182,"D, Part II: Apportionment - IPF",05400,00500,Settlement Amount,APPORTIONMENT OF INPATIENT ANCILLARY SERVICE CAPITAL COSTS,nan
D_2_IPF_C5_60,Inpatient Psychiatric Facility | Line 60 | Col 5,ROLLUP,D00B182,"D, Part II: Apportionment - IPF",06000,00500,Settlement Amount,APPORTIONMENT OF INPATIENT ANCILLARY SERVICE CAPITAL COSTS,nan
D_2_IPF_C5_66,Inpatient Psychiatric Facility | Line 66 | Col 5,ROLLUP,D00B182,"D, Part II: Apportionment - IPF",06600,00500,Settlement Amount,APPORTIONMENT OF INPATIENT ANCILLARY SERVICE CAPITAL COSTS,nan
D_2_IPF_C5_73,Inpatient Psychiatric Facility | Line 73 | Col 5,ROLLUP,D00B182,"D, Part II: Apportionment - IPF",07300,00500,Settlement Amount,APPORTIONMENT OF INPATIENT ANCILLARY SERVICE CAPITAL COSTS,nan
D_2_IPF_C5_91,Inpatient Psychiatric Facility | Line 91 | Col 5,ROLLUP,D00B182,"D, Part II: Apportionment - IPF",09100,00500,Settlement Amount,APPORTIONMENT OF INPATIENT ANCILLARY SERVICE CAPITAL COSTS,nan
D_4_HOS_C10_53,Anesthesiology,ROLLUP,D00A184,"D, Part IV: Apportionment - Hospital",05300,01000,Tentative Settlement,APPORTIONMENT OF INPATIENT/OUTPATIENT ANCILLARY SERVICE OTHER PASS THROUGH COSTS,nan
D_4_HOS_C12_53,Anesthesiology,ROLLUP,D00A184,"D, Part IV: Apportionment - Hospital",05300,01200,Amount Due To/From Provider,APPORTIONMENT OF INPATIENT/OUTPATIENT ANCILLARY SERVICE OTHER PASS THROUGH COSTS,nan
D_5_HOS_C2_53,Anesthesiology,ROLLUP,D00A185,"D, Part V: Apportionment - Hospital",05300,00200,APPORTIONMENT OF MEDICAL AND OTHER HEALTH SERVICES - PPS REIMBURSED SERVICES -  CHARGES,APPORTIONMENT OF MEDICAL AND OTHER HEALTH SERVICES,PPS REIMBURSED SERVICES -  CHARGES
D_5_HOS_C5_53,Anesthesiology,ROLLUP,D00A185,"D, Part V: Apportionment - Hospital",05300,00500,APPORTIONMENT OF MEDICAL AND OTHER HEALTH SERVICES - PPS SERVICES COST,APPORTIONMENT OF MEDICAL AND OTHER HEALTH SERVICES,PPS SERVICES COST
G2_C1_20,Line 20 | Col 1,ROLLUP,G200000,G-2: Statement of Changes in Fund Balance,02000,00100,General Fund,nan,nan
G2_C2_20,Line 20 | Col 2,ROLLUP,G200000,G-2: Statement of Changes in Fund Balance,02000,00200,Specific Purpose Fund,nan,nan
G3_C1_24,Line 24 | Col 1,ROLLUP,G300000,G-3: Statement of Revenue & Expenses,02400,00100,Amount,nan,nan
G_C1THRU4_1,"Balance Sheet Cols 1-4, Line 1",ROLLUP,G000000,G: Balance Sheet,00100,00100,Current Period End,BALANCE SHEET,nan
G_C1THRU4_10,"Balance Sheet Cols 1-4, Line 10",ROLLUP,G000000,G: Balance Sheet,01000,00100,Current Period End,BALANCE SHEET,nan
G_C1THRU4_11,"Balance Sheet Cols 1-4, Line 11",ROLLUP,G000000,G: Balance Sheet,01100,00100,Current Period End,BALANCE SHEET,nan
G_C1THRU4_12,"Balance Sheet Cols 1-4, Line 12",ROLLUP,G000000,G: Balance Sheet,01200,00100,Current Period End,BALANCE SHEET,nan
G_C1THRU4_13,"Balance Sheet Cols 1-4, Line 13",ROLLUP,G000000,G: Balance Sheet,01300,00100,Current Period End,BALANCE SHEET,nan
G_C1THRU4_14,"Balance Sheet Cols 1-4, Line 14",ROLLUP,G000000,G: Balance Sheet,01400,00100,Current Period End,BALANCE SHEET,nan
G_C1THRU4_15,"Balance Sheet Cols 1-4, Line 15",ROLLUP,G000000,G: Balance Sheet,01500,00100,Current Period End,BALANCE SHEET,nan
G_C1THRU4_16,"Balance Sheet Cols 1-4, Line 16",ROLLUP,G000000,G: Balance Sheet,01600,00100,Current Period End,BALANCE SHEET,nan
G_C1THRU4_19,"Balance Sheet Cols 1-4, Line 19",ROLLUP,G000000,G: Balance Sheet,01900,00100,Current Period End,BALANCE SHEET,nan
G_C1THRU4_2,"Balance Sheet Cols 1-4, Line 2",ROLLUP,G000000,G: Balance Sheet,00200,00100,Current Period End,BALANCE SHEET,nan
G_C1THRU4_20,"Balance Sheet Cols 1-4, Line 20",ROLLUP,G000000,G: Balance Sheet,02000,00100,Current Period End,BALANCE SHEET,nan
G_C1THRU4_23,"Balance Sheet Cols 1-4, Line 23",ROLLUP,G000000,G: Balance Sheet,02300,00100,Current Period End,BALANCE SHEET,nan
G_C1THRU4_24,"Balance Sheet Cols 1-4, Line 24",ROLLUP,G000000,G: Balance Sheet,02400,00100,Current Period End,BALANCE SHEET,nan
G_C1THRU4_30,"Balance Sheet Cols 1-4, Line 30",ROLLUP,G000000,G: Balance Sheet,03000,00100,Current Period End,BALANCE SHEET,nan
G_C1THRU4_31,"Balance Sheet Cols 1-4, Line 31",ROLLUP,G000000,G: Balance Sheet,03100,00100,Current Period End,BALANCE SHEET,nan
G_C1THRU4_34,"Balance Sheet Cols 1-4, Line 34",ROLLUP,G000000,G: Balance Sheet,03400,00100,Current Period End,BALANCE SHEET,nan
G_C1THRU4_35,"Balance Sheet Cols 1-4, Line 35",ROLLUP,G000000,G: Balance Sheet,03500,00100,Current Period End,BALANCE SHEET,nan
G_C1THRU4_36,"Balance Sheet Cols 1-4, Line 36",ROLLUP,G000000,G: Balance Sheet,03600,00100,Current Period End,BALANCE SHEET,nan
G_C1THRU4_37,"Balance Sheet Cols 1-4, Line 37",ROLLUP,G000000,G: Balance Sheet,03700,00100,Current Period End,BALANCE SHEET,nan
G_C1THRU4_38,"Balance Sheet Cols 1-4, Line 38",ROLLUP,G000000,G: Balance Sheet,03800,00100,Current Period End,BALANCE SHEET,nan
G_C1THRU4_4,"Balance Sheet Cols 1-4, Line 4",ROLLUP,G000000,G: Balance Sheet,00400,00100,Current Period End,BALANCE SHEET,nan
G_C1THRU4_40,"Balance Sheet Cols 1-4, Line 40",ROLLUP,G000000,G: Balance Sheet,04000,00100,Current Period End,BALANCE SHEET,nan
G_C1THRU4_43,"Balance Sheet Cols 1-4, Line 43",ROLLUP,G000000,G: Balance Sheet,04300,00100,Current Period End,BALANCE SHEET,nan
G_C1THRU4_44,"Balance Sheet Cols 1-4, Line 44",ROLLUP,G000000,G: Balance Sheet,04400,00100,Current Period End,BALANCE SHEET,nan
G_C1THRU4_45,"Balance Sheet Cols 1-4, Line 45",ROLLUP,G000000,G: Balance Sheet,04500,00100,Current Period End,BALANCE SHEET,nan
G_C1THRU4_49,"Balance Sheet Cols 1-4, Line 49",ROLLUP,G000000,G: Balance Sheet,04900,00100,Current Period End,BALANCE SHEET,nan
G_C1THRU4_5,"Balance Sheet Cols 1-4, Line 5",ROLLUP,G000000,G: Balance Sheet,00500,00100,Current Period End,BALANCE SHEET,nan
G_C1THRU4_50,"Balance Sheet Cols 1-4, Line 50",ROLLUP,G000000,G: Balance Sheet,05000,00100,Current Period End,BALANCE SHEET,nan
G_C1THRU4_51,"Balance Sheet Cols 1-4, Line 51",ROLLUP,G000000,G: Balance Sheet,05100,00100,Current Period End,BALANCE SHEET,nan
G_C1THRU4_52,"Balance Sheet Cols 1-4, Line 52",ROLLUP,G000000,G: Balance Sheet,05200,00100,Current Period End,BALANCE SHEET,nan
G_C1THRU4_53,"Balance Sheet Cols 1-4, Line 53",ROLLUP,G000000,G: Balance Sheet,05300,00100,Current Period End,BALANCE SHEET,nan
G_C1THRU4_59,"Balance Sheet Cols 1-4, Line 59",ROLLUP,G000000,G: Balance Sheet,05900,00100,Current Period End,BALANCE SHEET,nan
G_C1THRU4_60,"Balance Sheet Cols 1-4, Line 60",ROLLUP,G000000,G: Balance Sheet,06000,00100,Current Period End,BALANCE SHEET,nan
G_C1THRU4_7,"Balance Sheet Cols 1-4, Line 7",ROLLUP,G000000,G: Balance Sheet,00700,00100,Current Period End,BALANCE SHEET,nan
G_C1THRU4_8,"Balance Sheet Cols 1-4, Line 8",ROLLUP,G000000,G: Balance Sheet,00800,00100,Current Period End,BALANCE SHEET,nan
S3_1_C10_26,RHC/FQHC Combined,ROLLUP,S300001,"S-3, Part I: Utilization Data",02600,01000,Discharges (Title XIX Medicaid),Total Inpatient Days/Outpatient Visits,nan
S3_1_C6_26,RHC/FQHC Combined,ROLLUP,S300001,"S-3, Part I: Utilization Data",02600,00600,Total Inpatient Days,Medicare Inpatient Days/Outpatient Visits,nan
S3_1_C8_26,RHC/FQHC Combined,ROLLUP,S300001,"S-3, Part I: Utilization Data",02600,00800,Total Discharges,Total Inpatient Days/Outpatient Visits,nan
A7_3_C10_1,New Cap Related Csts Bldg & Fixtures,ROLLUP,A700003,"A-7, Part III: Capital Assets",00100,01000,RECONCILIATION OF CAPITAL COST CENTERS - Lease,RECONCILIATION OF CAPITAL COST CENTERS,Lease
A7_3_C10_2,New Cap Related Csts Movable Equipment,ROLLUP,A700003,"A-7, Part III: Capital Assets",00200,01000,RECONCILIATION OF CAPITAL COST CENTERS - Lease,RECONCILIATION OF CAPITAL COST CENTERS,Lease
A7_3_C5_1,New Cap Related Csts Bldg & Fixtures,ROLLUP,A700003,"A-7, Part III: Capital Assets",00100,00500,RECONCILIATION OF CAPITAL COST CENTERS - Insurance,RECONCILIATION OF CAPITAL COST CENTERS,Insurance
A7_3_C5_2,New Cap Related Csts Movable Equipment,ROLLUP,A700003,"A-7, Part III: Capital Assets",00200,00500,RECONCILIATION OF CAPITAL COST CENTERS - Insurance,RECONCILIATION OF CAPITAL COST CENTERS,Insurance
A7_3_C6_1,New Cap Related Csts Bldg & Fixtures,ROLLUP,A700003,"A-7, Part III: Capital Assets",00100,00600,RECONCILIATION OF CAPITAL COST CENTERS - Taxes,RECONCILIATION OF CAPITAL COST CENTERS,Taxes
A7_3_C6_2,New Cap Related Csts Movable Equipment,ROLLUP,A700003,"A-7, Part III: Capital Assets",00200,00600,RECONCILIATION OF CAPITAL COST CENTERS - Taxes,RECONCILIATION OF CAPITAL COST CENTERS,Taxes
B_1_C0_67,Occupational Therapy,ROLLUP,B000001,"B, Part I: Cost Allocation - General",06700,00000,Statistical Basis / Cost Center,COST ALLOCATION,Net Expense for Cost Allocation
B_1_C0_68,Speech Pathology,ROLLUP,B000001,"B, Part I: Cost Allocation - General",06800,00000,Statistical Basis / Cost Center,COST ALLOCATION,Net Expense for Cost Allocation
B_1_C0_70,Electroencephalography,ROLLUP,B000001,"B, Part I: Cost Allocation - General",07000,00000,Statistical Basis / Cost Center,COST ALLOCATION,Net Expense for Cost Allocation
B_1_C26_67,Occupational Therapy,ROLLUP,B000001,"B, Part I: Cost Allocation - General",06700,02600,Stat Basis / Total,COST ALLOCATION,nan
B_1_C26_68,Speech Pathology,ROLLUP,B000001,"B, Part I: Cost Allocation - General",06800,02600,Stat Basis / Total,COST ALLOCATION,nan
B_1_C26_70,Electroencephalography,ROLLUP,B000001,"B, Part I: Cost Allocation - General",07000,02600,Stat Basis / Total,COST ALLOCATION,nan
B_2_C26_67,Occupational Therapy,ROLLUP,B000002,"B, Part II: Cost Allocation",06700,02600,ALLOCATION OF NEW CAPITAL COSTS - TOTAL CAPITAL COSTS AFTER COST ALLOCATION,ALLOCATION OF NEW CAPITAL COSTS,nan
B_2_C26_68,Speech Pathology,ROLLUP,B000002,"B, Part II: Cost Allocation",06800,02600,ALLOCATION OF NEW CAPITAL COSTS - TOTAL CAPITAL COSTS AFTER COST ALLOCATION,ALLOCATION OF NEW CAPITAL COSTS,nan
B_2_C26_70,Electroencephalography,ROLLUP,B000002,"B, Part II: Cost Allocation",07000,02600,ALLOCATION OF NEW CAPITAL COSTS - TOTAL CAPITAL COSTS AFTER COST ALLOCATION,ALLOCATION OF NEW CAPITAL COSTS,nan
C_1_C5_67,Occupational Therapy,ROLLUP,C000001,"C, Part I: Ancillary & Outpatient Cost",06700,00500,Medicare Charges (Title XVIII PPS),COMPUTATION OF RATIO OF COST TO CHARGES,nan
C_1_C5_68,Speech Pathology,ROLLUP,C000001,"C, Part I: Ancillary & Outpatient Cost",06800,00500,Medicare Charges (Title XVIII PPS),COMPUTATION OF RATIO OF COST TO CHARGES,nan
C_1_C5_70,Electroencephalography,ROLLUP,C000001,"C, Part I: Ancillary & Outpatient Cost",07000,00500,Medicare Charges (Title XVIII PPS),COMPUTATION OF RATIO OF COST TO CHARGES,nan
C_1_C6_67,Occupational Therapy,ROLLUP,C000001,"C, Part I: Ancillary & Outpatient Cost",06700,00600,Medicare Charges (Title XVIII Other),COMPUTATION OF RATIO OF COST TO CHARGES,nan
C_1_C6_68,Speech Pathology,ROLLUP,C000001,"C, Part I: Ancillary & Outpatient Cost",06800,00600,Medicare Charges (Title XVIII Other),COMPUTATION OF RATIO OF COST TO CHARGES,nan
C_1_C6_70,Electroencephalography,ROLLUP,C000001,"C, Part I: Ancillary & Outpatient Cost",07000,00600,Medicare Charges (Title XVIII Other),COMPUTATION OF RATIO OF COST TO CHARGES,nan
C_1_C7_67,Occupational Therapy,ROLLUP,C000001,"C, Part I: Ancillary & Outpatient Cost",06700,00700,Total Medicare Charges (Title XVIII),COMPUTATION OF RATIO OF COST TO CHARGES,nan
C_1_C7_68,Speech Pathology,ROLLUP,C000001,"C, Part I: Ancillary & Outpatient Cost",06800,00700,Total Medicare Charges (Title XVIII),COMPUTATION OF RATIO OF COST TO CHARGES,nan
C_1_C7_70,Electroencephalography,ROLLUP,C000001,"C, Part I: Ancillary & Outpatient Cost",07000,00700,Total Medicare Charges (Title XVIII),COMPUTATION OF RATIO OF COST TO CHARGES,nan
D3_HOS_C2_67,Occupational Therapy,ROLLUP,D30A180,D-3: Apportionment - Hospital,06700,00200,Medicare Charges,INPATIENT ANCILLARY SERVICE COST APPORTIONMENT,nan
D3_HOS_C2_68,Speech Pathology,ROLLUP,D30A180,D-3: Apportionment - Hospital,06800,00200,Medicare Charges,INPATIENT ANCILLARY SERVICE COST APPORTIONMENT,nan
D3_HOS_C2_70,Electroencephalography,ROLLUP,D30A180,D-3: Apportionment - Hospital,07000,00200,Medicare Charges,INPATIENT ANCILLARY SERVICE COST APPORTIONMENT,nan
D3_HOS_C3_67,Occupational Therapy,ROLLUP,D30A180,D-3: Apportionment - Hospital,06700,00300,Cost / Charge Ratio,INPATIENT ANCILLARY SERVICE COST APPORTIONMENT,nan
D3_HOS_C3_68,Speech Pathology,ROLLUP,D30A180,D-3: Apportionment - Hospital,06800,00300,Cost / Charge Ratio,INPATIENT ANCILLARY SERVICE COST APPORTIONMENT,nan
D3_HOS_C3_70,Electroencephalography,ROLLUP,D30A180,D-3: Apportionment - Hospital,07000,00300,Cost / Charge Ratio,INPATIENT ANCILLARY SERVICE COST APPORTIONMENT,nan
D_2_HOS_C5_67,Hospital | Line 67 | Col 5,ROLLUP,D00A182,"D, Part II: Apportionment - Hospital",06700,00500,Settlement Amount,nan,nan
D_2_HOS_C5_68,Hospital | Line 68 | Col 5,ROLLUP,D00A182,"D, Part II: Apportionment - Hospital",06800,00500,Settlement Amount,nan,nan
D_2_HOS_C5_70,Hospital | Line 70 | Col 5,ROLLUP,D00A182,"D, Part II: Apportionment - Hospital",07000,00500,Settlement Amount,nan,nan
D_4_HOS_C10_67,Occupational Therapy,ROLLUP,D00A184,"D, Part IV: Apportionment - Hospital",06700,01000,Tentative Settlement,APPORTIONMENT OF INPATIENT/OUTPATIENT ANCILLARY SERVICE OTHER PASS THROUGH COSTS,nan
D_4_HOS_C10_68,Speech Pathology,ROLLUP,D00A184,"D, Part IV: Apportionment - Hospital",06800,01000,Tentative Settlement,APPORTIONMENT OF INPATIENT/OUTPATIENT ANCILLARY SERVICE OTHER PASS THROUGH COSTS,nan
D_4_HOS_C10_70,Electroencephalography,ROLLUP,D00A184,"D, Part IV: Apportionment - Hospital",07000,01000,Tentative Settlement,APPORTIONMENT OF INPATIENT/OUTPATIENT ANCILLARY SERVICE OTHER PASS THROUGH COSTS,nan
D_4_HOS_C12_67,Occupational Therapy,ROLLUP,D00A184,"D, Part IV: Apportionment - Hospital",06700,01200,Amount Due To/From Provider,APPORTIONMENT OF INPATIENT/OUTPATIENT ANCILLARY SERVICE OTHER PASS THROUGH COSTS,nan
D_4_HOS_C12_68,Speech Pathology,ROLLUP,D00A184,"D, Part IV: Apportionment - Hospital",06800,01200,Amount Due To/From Provider,APPORTIONMENT OF INPATIENT/OUTPATIENT ANCILLARY SERVICE OTHER PASS THROUGH COSTS,nan
D_4_HOS_C12_70,Electroencephalography,ROLLUP,D00A184,"D, Part IV: Apportionment - Hospital",07000,01200,Amount Due To/From Provider,APPORTIONMENT OF INPATIENT/OUTPATIENT ANCILLARY SERVICE OTHER PASS THROUGH COSTS,nan
D_5_HOS_C2_67,Occupational Therapy,ROLLUP,D00A185,"D, Part V: Apportionment - Hospital",06700,00200,APPORTIONMENT OF MEDICAL AND OTHER HEALTH SERVICES - PPS REIMBURSED SERVICES -  CHARGES,APPORTIONMENT OF MEDICAL AND OTHER HEALTH SERVICES,PPS REIMBURSED SERVICES -  CHARGES
D_5_HOS_C2_68,Speech Pathology,ROLLUP,D00A185,"D, Part V: Apportionment - Hospital",06800,00200,APPORTIONMENT OF MEDICAL AND OTHER HEALTH SERVICES - PPS REIMBURSED SERVICES -  CHARGES,APPORTIONMENT OF MEDICAL AND OTHER HEALTH SERVICES,PPS REIMBURSED SERVICES -  CHARGES
D_5_HOS_C2_70,Electroencephalography,ROLLUP,D00A185,"D, Part V: Apportionment - Hospital",07000,00200,APPORTIONMENT OF MEDICAL AND OTHER HEALTH SERVICES - PPS REIMBURSED SERVICES -  CHARGES,APPORTIONMENT OF MEDICAL AND OTHER HEALTH SERVICES,PPS REIMBURSED SERVICES -  CHARGES
D_5_HOS_C5_67,Occupational Therapy,ROLLUP,D00A185,"D, Part V: Apportionment - Hospital",06700,00500,APPORTIONMENT OF MEDICAL AND OTHER HEALTH SERVICES - PPS SERVICES COST,APPORTIONMENT OF MEDICAL AND OTHER HEALTH SERVICES,PPS SERVICES COST
D_5_HOS_C5_68,Speech Pathology,ROLLUP,D00A185,"D, Part V: Apportionment - Hospital",06800,00500,APPORTIONMENT OF MEDICAL AND OTHER HEALTH SERVICES - PPS SERVICES COST,APPORTIONMENT OF MEDICAL AND OTHER HEALTH SERVICES,PPS SERVICES COST
D_5_HOS_C5_70,Electroencephalography,ROLLUP,D00A185,"D, Part V: Apportionment - Hospital",07000,00500,APPORTIONMENT OF MEDICAL AND OTHER HEALTH SERVICES - PPS SERVICES COST,APPORTIONMENT OF MEDICAL AND OTHER HEALTH SERVICES,PPS SERVICES COST
S3_1_C8_24,Hospice,ROLLUP,S300001,"S-3, Part I: Utilization Data",02400,00800,Total Discharges,Total Inpatient Days/Outpatient Visits,nan
B_1_C0_58,MRI,ROLLUP,B000001,"B, Part I: Cost Allocation - General",05800,00000,Statistical Basis / Cost Center,COST ALLOCATION,Net Expense for Cost Allocation
B_1_C26_58,MRI,ROLLUP,B000001,"B, Part I: Cost Allocation - General",05800,02600,Stat Basis / Total,COST ALLOCATION,nan
B_2_C26_58,MRI,ROLLUP,B000002,"B, Part II: Cost Allocation",05800,02600,ALLOCATION OF NEW CAPITAL COSTS - TOTAL CAPITAL COSTS AFTER COST ALLOCATION,ALLOCATION OF NEW CAPITAL COSTS,TOTAL CAPITAL COSTS AFTER COST ALLOCATION
C_1_C5_58,MRI,ROLLUP,C000001,"C, Part I: Ancillary & Outpatient Cost",05800,00500,Medicare Charges (Title XVIII PPS),COMPUTATION OF RATIO OF COST TO CHARGES,nan
C_1_C6_58,MRI,ROLLUP,C000001,"C, Part I: Ancillary & Outpatient Cost",05800,00600,Medicare Charges (Title XVIII Other),COMPUTATION OF RATIO OF COST TO CHARGES,Total Inpatient Charges
C_1_C7_51,Recovery Room,ROLLUP,C000001,"C, Part I: Ancillary & Outpatient Cost",05100,00700,Total Medicare Charges (Title XVIII),COMPUTATION OF RATIO OF COST TO CHARGES,Total Outpatient Charges
C_1_C7_58,MRI,ROLLUP,C000001,"C, Part I: Ancillary & Outpatient Cost",05800,00700,Total Medicare Charges (Title XVIII),COMPUTATION OF RATIO OF COST TO CHARGES,Total Outpatient Charges
D3_HOS_C2_51,Recovery Room,ROLLUP,D30A180,D-3: Apportionment - Hospital,05100,00200,Medicare Charges,INPATIENT ANCILLARY SERVICE COST APPORTIONMENT,nan
D3_HOS_C2_58,MRI,ROLLUP,D30A180,D-3: Apportionment - Hospital,05800,00200,Medicare Charges,INPATIENT ANCILLARY SERVICE COST APPORTIONMENT,nan
D3_HOS_C3_51,Recovery Room,ROLLUP,D30A180,D-3: Apportionment - Hospital,05100,00300,Cost / Charge Ratio,INPATIENT ANCILLARY SERVICE COST APPORTIONMENT,nan
D3_HOS_C3_58,MRI,ROLLUP,D30A180,D-3: Apportionment - Hospital,05800,00300,Cost / Charge Ratio,INPATIENT ANCILLARY SERVICE COST APPORTIONMENT,nan
D_2_HOS_C5_51,Hospital | Line 51 | Col 5,ROLLUP,D00A182,"D, Part II: Apportionment - Hospital",05100,00500,Settlement Amount,nan,nan
D_2_HOS_C5_58,Hospital | Line 58 | Col 5,ROLLUP,D00A182,"D, Part II: Apportionment - Hospital",05800,00500,Settlement Amount,nan,nan
D_4_HOS_C10_51,Recovery Room,ROLLUP,D00A184,"D, Part IV: Apportionment - Hospital",05100,01000,Tentative Settlement,APPORTIONMENT OF INPATIENT/OUTPATIENT ANCILLARY SERVICE OTHER PASS THROUGH COSTS,nan
D_4_HOS_C10_58,MRI,ROLLUP,D00A184,"D, Part IV: Apportionment - Hospital",05800,01000,Tentative Settlement,APPORTIONMENT OF INPATIENT/OUTPATIENT ANCILLARY SERVICE OTHER PASS THROUGH COSTS,nan
D_4_HOS_C12_51,Recovery Room,ROLLUP,D00A184,"D, Part IV: Apportionment - Hospital",05100,01200,Amount Due To/From Provider,APPORTIONMENT OF INPATIENT/OUTPATIENT ANCILLARY SERVICE OTHER PASS THROUGH COSTS,nan
D_4_HOS_C12_58,MRI,ROLLUP,D00A184,"D, Part IV: Apportionment - Hospital",05800,01200,Amount Due To/From Provider,APPORTIONMENT OF INPATIENT/OUTPATIENT ANCILLARY SERVICE OTHER PASS THROUGH COSTS,nan
D_5_HOS_C2_51,Recovery Room,ROLLUP,D00A185,"D, Part V: Apportionment - Hospital",05100,00200,APPORTIONMENT OF MEDICAL AND OTHER HEALTH SERVICES - PPS REIMBURSED SERVICES -  CHARGES,APPORTIONMENT OF MEDICAL AND OTHER HEALTH SERVICES,PPS REIMBURSED SERVICES -  CHARGES
D_5_HOS_C2_58,MRI,ROLLUP,D00A185,"D, Part V: Apportionment - Hospital",05800,00200,APPORTIONMENT OF MEDICAL AND OTHER HEALTH SERVICES - PPS REIMBURSED SERVICES -  CHARGES,APPORTIONMENT OF MEDICAL AND OTHER HEALTH SERVICES,PPS REIMBURSED SERVICES -  CHARGES
D_5_HOS_C5_51,Recovery Room,ROLLUP,D00A185,"D, Part V: Apportionment - Hospital",05100,00500,APPORTIONMENT OF MEDICAL AND OTHER HEALTH SERVICES - PPS SERVICES COST,APPORTIONMENT OF MEDICAL AND OTHER HEALTH SERVICES,PPS SERVICES COST
D_5_HOS_C5_58,MRI,ROLLUP,D00A185,"D, Part V: Apportionment - Hospital",05800,00500,APPORTIONMENT OF MEDICAL AND OTHER HEALTH SERVICES - PPS SERVICES COST,APPORTIONMENT OF MEDICAL AND OTHER HEALTH SERVICES,PPS SERVICES COST
G_C1THRU4_42,"Balance Sheet Cols 1-4, Line 42",ROLLUP,G000000,G: Balance Sheet,04200,00100,Current Period End,BALANCE SHEET,nan
A_C1_58,MRI,ROLLUP,A000000,A: Reclassification & Adjustment of Trial Balance,05800,00100,Salaries,TRIAL BALANCE OF EXPENSE ACCOUNTS,nan
A_C1_59,Cardiac Catheterization,ROLLUP,A000000,A: Reclassification & Adjustment of Trial Balance,05900,00100,Salaries,TRIAL BALANCE OF EXPENSE ACCOUNTS,nan
A_C1_70,Electroencephalography,ROLLUP,A000000,A: Reclassification & Adjustment of Trial Balance,07000,00100,Salaries,TRIAL BALANCE OF EXPENSE ACCOUNTS,nan
A_C1_71,Medical Supplies Charged to Patients,ROLLUP,A000000,A: Reclassification & Adjustment of Trial Balance,07100,00100,Salaries,TRIAL BALANCE OF EXPENSE ACCOUNTS,nan
A_C2_190,"Gift, Flower, Coffee Shop, Canteen",ROLLUP,A000000,A: Reclassification & Adjustment of Trial Balance,19000,00200,Other Costs,TRIAL BALANCE OF EXPENSE ACCOUNTS,nan
A_C2_58,MRI,ROLLUP,A000000,A: Reclassification & Adjustment of Trial Balance,05800,00200,Other Costs,TRIAL BALANCE OF EXPENSE ACCOUNTS,nan
A_C2_59,Cardiac Catheterization,ROLLUP,A000000,A: Reclassification & Adjustment of Trial Balance,05900,00200,Other Costs,TRIAL BALANCE OF EXPENSE ACCOUNTS,nan
A_C2_70,Electroencephalography,ROLLUP,A000000,A: Reclassification & Adjustment of Trial Balance,07000,00200,Other Costs,TRIAL BALANCE OF EXPENSE ACCOUNTS,nan
A_C2_76,Other Ancillary,ROLLUP,A000000,A: Reclassification & Adjustment of Trial Balance,07600,00200,Other Costs,TRIAL BALANCE OF EXPENSE ACCOUNTS,nan
A_C6_10,Dietary,ROLLUP,A000000,A: Reclassification & Adjustment of Trial Balance,01000,00600,Reclassified Net Expenses,TRIAL BALANCE OF EXPENSE ACCOUNTS,nan
A_C6_13,Nursing Administration,ROLLUP,A000000,A: Reclassification & Adjustment of Trial Balance,01300,00600,Reclassified Net Expenses,TRIAL BALANCE OF EXPENSE ACCOUNTS,nan
A_C6_15,Pharmacy,ROLLUP,A000000,A: Reclassification & Adjustment of Trial Balance,01500,00600,Reclassified Net Expenses,TRIAL BALANCE OF EXPENSE ACCOUNTS,nan
A_C6_4,Employee Benefits,ROLLUP,A000000,A: Reclassification & Adjustment of Trial Balance,00400,00600,Reclassified Net Expenses,TRIAL BALANCE OF EXPENSE ACCOUNTS,nan
A_C6_58,MRI,ROLLUP,A000000,A: Reclassification & Adjustment of Trial Balance,05800,00600,Reclassified Net Expenses,TRIAL BALANCE OF EXPENSE ACCOUNTS,nan
B_1_C0_190,"Gift, Flower, Coffee Shop, Canteen",ROLLUP,B000001,"B, Part I: Cost Allocation - General",19000,00000,Statistical Basis / Cost Center,COST ALLOCATION,Net Expense for Cost Allocation
B_1_C0_59,Cardiac Catheterization,ROLLUP,B000001,"B, Part I: Cost Allocation - General",05900,00000,Statistical Basis / Cost Center,COST ALLOCATION,Net Expense for Cost Allocation
B_1_C0_76,Other Ancillary,ROLLUP,B000001,"B, Part I: Cost Allocation - General",07600,00000,Statistical Basis / Cost Center,COST ALLOCATION,Net Expense for Cost Allocation
B_1_C26_190,"Gift, Flower, Coffee Shop, Canteen",ROLLUP,B000001,"B, Part I: Cost Allocation - General",19000,02600,Stat Basis / Total,COST ALLOCATION,nan
B_1_C26_59,Cardiac Catheterization,ROLLUP,B000001,"B, Part I: Cost Allocation - General",05900,02600,Stat Basis / Total,COST ALLOCATION,nan
B_1_C26_76,Other Ancillary,ROLLUP,B000001,"B, Part I: Cost Allocation - General",07600,02600,Stat Basis / Total,COST ALLOCATION,nan
B_2_C26_190,"Gift, Flower, Coffee Shop, Canteen",ROLLUP,B000002,"B, Part II: Cost Allocation",19000,02600,ALLOCATION OF NEW CAPITAL COSTS - TOTAL CAPITAL COSTS AFTER COST ALLOCATION,ALLOCATION OF NEW CAPITAL COSTS,nan
B_2_C26_59,Cardiac Catheterization,ROLLUP,B000002,"B, Part II: Cost Allocation",05900,02600,ALLOCATION OF NEW CAPITAL COSTS - TOTAL CAPITAL COSTS AFTER COST ALLOCATION,ALLOCATION OF NEW CAPITAL COSTS,TOTAL CAPITAL COSTS AFTER COST ALLOCATION
B_2_C26_76,Other Ancillary,ROLLUP,B000002,"B, Part II: Cost Allocation",07600,02600,ALLOCATION OF NEW CAPITAL COSTS - TOTAL CAPITAL COSTS AFTER COST ALLOCATION,ALLOCATION OF NEW CAPITAL COSTS,nan
C_1_C5_59,Cardiac Catheterization,ROLLUP,C000001,"C, Part I: Ancillary & Outpatient Cost",05900,00500,Medicare Charges (Title XVIII PPS),COMPUTATION OF RATIO OF COST TO CHARGES,nan
C_1_C5_76,Other Ancillary,ROLLUP,C000001,"C, Part I: Ancillary & Outpatient Cost",07600,00500,Medicare Charges (Title XVIII PPS),COMPUTATION OF RATIO OF COST TO CHARGES,nan
C_1_C6_59,Cardiac Catheterization,ROLLUP,C000001,"C, Part I: Ancillary & Outpatient Cost",05900,00600,Medicare Charges (Title XVIII Other),COMPUTATION OF RATIO OF COST TO CHARGES,Total Inpatient Charges
C_1_C7_59,Cardiac Catheterization,ROLLUP,C000001,"C, Part I: Ancillary & Outpatient Cost",05900,00700,Total Medicare Charges (Title XVIII),COMPUTATION OF RATIO OF COST TO CHARGES,Total Outpatient Charges
C_1_C7_76,Other Ancillary,ROLLUP,C000001,"C, Part I: Ancillary & Outpatient Cost",07600,00700,Total Medicare Charges (Title XVIII),COMPUTATION OF RATIO OF COST TO CHARGES,nan
D3_HOS_C2_59,Cardiac Catheterization,ROLLUP,D30A180,D-3: Apportionment - Hospital,05900,00200,Medicare Charges,INPATIENT ANCILLARY SERVICE COST APPORTIONMENT,nan
D3_HOS_C3_59,Cardiac Catheterization,ROLLUP,D30A180,D-3: Apportionment - Hospital,05900,00300,Cost / Charge Ratio,INPATIENT ANCILLARY SERVICE COST APPORTIONMENT,nan
D_2_HOS_C5_59,Hospital | Line 59 | Col 5,ROLLUP,D00A182,"D, Part II: Apportionment - Hospital",05900,00500,Settlement Amount,nan,nan
D_4_HOS_C10_59,Cardiac Catheterization,ROLLUP,D00A184,"D, Part IV: Apportionment - Hospital",05900,01000,Tentative Settlement,APPORTIONMENT OF INPATIENT/OUTPATIENT ANCILLARY SERVICE OTHER PASS THROUGH COSTS,nan
D_4_HOS_C12_59,Cardiac Catheterization,ROLLUP,D00A184,"D, Part IV: Apportionment - Hospital",05900,01200,Amount Due To/From Provider,APPORTIONMENT OF INPATIENT/OUTPATIENT ANCILLARY SERVICE OTHER PASS THROUGH COSTS,nan
D_5_HOS_C2_59,Cardiac Catheterization,ROLLUP,D00A185,"D, Part V: Apportionment - Hospital",05900,00200,APPORTIONMENT OF MEDICAL AND OTHER HEALTH SERVICES - PPS REIMBURSED SERVICES -  CHARGES,APPORTIONMENT OF MEDICAL AND OTHER HEALTH SERVICES,PPS REIMBURSED SERVICES -  CHARGES
D_5_HOS_C5_59,Cardiac Catheterization,ROLLUP,D00A185,"D, Part V: Apportionment - Hospital",05900,00500,APPORTIONMENT OF MEDICAL AND OTHER HEALTH SERVICES - PPS SERVICES COST,APPORTIONMENT OF MEDICAL AND OTHER HEALTH SERVICES,PPS SERVICES COST
G_C1THRU4_17,"Balance Sheet Cols 1-4, Line 17",ROLLUP,G000000,G: Balance Sheet,01700,00100,Current Period End,BALANCE SHEET,nan
G_C1THRU4_18,"Balance Sheet Cols 1-4, Line 18",ROLLUP,G000000,G: Balance Sheet,01800,00100,Current Period End,BALANCE SHEET,nan
G_C1THRU4_41,"Balance Sheet Cols 1-4, Line 41",ROLLUP,G000000,G: Balance Sheet,04100,00100,Current Period End,BALANCE SHEET,nan
G_C1THRU4_47,"Balance Sheet Cols 1-4, Line 47",ROLLUP,G000000,G: Balance Sheet,04700,00100,Current Period End,BALANCE SHEET,nan
G_C1THRU4_6,"Balance Sheet Cols 1-4, Line 6",ROLLUP,G000000,G: Balance Sheet,00600,00100,Current Period End,BALANCE SHEET,nan
A_C1_73,Drugs Charged to Patients,ROLLUP,A000000,A: Reclassification & Adjustment of Trial Balance,07300,00100,Salaries,TRIAL BALANCE OF EXPENSE ACCOUNTS,nan
D_5_HOS_C3_53,Anesthesiology,ROLLUP,D00A185,"D, Part V: Apportionment - Hospital",05300,00300,APPORTIONMENT OF MEDICAL AND OTHER HEALTH SERVICES - COST REIMBURSED SERVICES SUBJECT TO DEDUCTIBLES  AND COINSURANCE - CHARGES,APPORTIONMENT OF MEDICAL AND OTHER HEALTH SERVICES,COST REIMBURSED SERVICES SUBJECT TO DEDUCTIBLES  AND COINSURANCE - CHARGES
D_5_HOS_C3_54,Radiology-Diagnostic,ROLLUP,D00A185,"D, Part V: Apportionment - Hospital",05400,00300,APPORTIONMENT OF MEDICAL AND OTHER HEALTH SERVICES - COST REIMBURSED SERVICES SUBJECT TO DEDUCTIBLES  AND COINSURANCE - CHARGES,APPORTIONMENT OF MEDICAL AND OTHER HEALTH SERVICES,COST REIMBURSED SERVICES SUBJECT TO DEDUCTIBLES  AND COINSURANCE - CHARGES
D_5_HOS_C3_60,Laboratory,ROLLUP,D00A185,"D, Part V: Apportionment - Hospital",06000,00300,APPORTIONMENT OF MEDICAL AND OTHER HEALTH SERVICES - COST REIMBURSED SERVICES SUBJECT TO DEDUCTIBLES  AND COINSURANCE - CHARGES,APPORTIONMENT OF MEDICAL AND OTHER HEALTH SERVICES,COST REIMBURSED SERVICES SUBJECT TO DEDUCTIBLES  AND COINSURANCE - CHARGES
D_5_HOS_C3_66,Physical Therapy,ROLLUP,D00A185,"D, Part V: Apportionment - Hospital",06600,00300,APPORTIONMENT OF MEDICAL AND OTHER HEALTH SERVICES - COST REIMBURSED SERVICES SUBJECT TO DEDUCTIBLES  AND COINSURANCE - CHARGES,APPORTIONMENT OF MEDICAL AND OTHER HEALTH SERVICES,COST REIMBURSED SERVICES SUBJECT TO DEDUCTIBLES  AND COINSURANCE - CHARGES
D_5_HOS_C3_71,Medical Supplies Charged to Patients,ROLLUP,D00A185,"D, Part V: Apportionment - Hospital",07100,00300,APPORTIONMENT OF MEDICAL AND OTHER HEALTH SERVICES - COST REIMBURSED SERVICES SUBJECT TO DEDUCTIBLES  AND COINSURANCE - CHARGES,APPORTIONMENT OF MEDICAL AND OTHER HEALTH SERVICES,COST REIMBURSED SERVICES SUBJECT TO DEDUCTIBLES  AND COINSURANCE - CHARGES
D_5_HOS_C3_73,Drugs Charged to Patients,ROLLUP,D00A185,"D, Part V: Apportionment - Hospital",07300,00300,APPORTIONMENT OF MEDICAL AND OTHER HEALTH SERVICES - COST REIMBURSED SERVICES SUBJECT TO DEDUCTIBLES  AND COINSURANCE - CHARGES,APPORTIONMENT OF MEDICAL AND OTHER HEALTH SERVICES,COST REIMBURSED SERVICES SUBJECT TO DEDUCTIBLES  AND COINSURANCE - CHARGES
D_5_HOS_C3_91,Emergency,ROLLUP,D00A185,"D, Part V: Apportionment - Hospital",09100,00300,APPORTIONMENT OF MEDICAL AND OTHER HEALTH SERVICES - COST REIMBURSED SERVICES SUBJECT TO DEDUCTIBLES  AND COINSURANCE - CHARGES,APPORTIONMENT OF MEDICAL AND OTHER HEALTH SERVICES,COST REIMBURSED SERVICES SUBJECT TO DEDUCTIBLES  AND COINSURANCE - CHARGES
D_5_HOS_C6_53,Anesthesiology,ROLLUP,D00A185,"D, Part V: Apportionment - Hospital",05300,00600,APPORTIONMENT OF MEDICAL AND OTHER HEALTH SERVICES - COST SERVICES SUBJECT TO DEDUCTIBLES AND COINSURANCE - COST,APPORTIONMENT OF MEDICAL AND OTHER HEALTH SERVICES,COST SERVICES SUBJECT TO DEDUCTIBLES AND COINSURANCE - COST
D_5_HOS_C6_54,Radiology-Diagnostic,ROLLUP,D00A185,"D, Part V: Apportionment - Hospital",05400,00600,APPORTIONMENT OF MEDICAL AND OTHER HEALTH SERVICES - COST SERVICES SUBJECT TO DEDUCTIBLES AND COINSURANCE - COST,APPORTIONMENT OF MEDICAL AND OTHER HEALTH SERVICES,COST SERVICES SUBJECT TO DEDUCTIBLES AND COINSURANCE - COST
D_5_HOS_C6_60,Laboratory,ROLLUP,D00A185,"D, Part V: Apportionment - Hospital",06000,00600,APPORTIONMENT OF MEDICAL AND OTHER HEALTH SERVICES - COST SERVICES SUBJECT TO DEDUCTIBLES AND COINSURANCE - COST,APPORTIONMENT OF MEDICAL AND OTHER HEALTH SERVICES,COST SERVICES SUBJECT TO DEDUCTIBLES AND COINSURANCE - COST
D_5_HOS_C6_66,Physical Therapy,ROLLUP,D00A185,"D, Part V: Apportionment - Hospital",06600,00600,APPORTIONMENT OF MEDICAL AND OTHER HEALTH SERVICES - COST SERVICES SUBJECT TO DEDUCTIBLES AND COINSURANCE - COST,APPORTIONMENT OF MEDICAL AND OTHER HEALTH SERVICES,COST SERVICES SUBJECT TO DEDUCTIBLES AND COINSURANCE - COST
D_5_HOS_C6_71,Medical Supplies Charged to Patients,ROLLUP,D00A185,"D, Part V: Apportionment - Hospital",07100,00600,APPORTIONMENT OF MEDICAL AND OTHER HEALTH SERVICES - COST SERVICES SUBJECT TO DEDUCTIBLES AND COINSURANCE - COST,APPORTIONMENT OF MEDICAL AND OTHER HEALTH SERVICES,COST SERVICES SUBJECT TO DEDUCTIBLES AND COINSURANCE - COST
D_5_HOS_C6_73,Drugs Charged to Patients,ROLLUP,D00A185,"D, Part V: Apportionment - Hospital",07300,00600,APPORTIONMENT OF MEDICAL AND OTHER HEALTH SERVICES - COST SERVICES SUBJECT TO DEDUCTIBLES AND COINSURANCE - COST,APPORTIONMENT OF MEDICAL AND OTHER HEALTH SERVICES,COST SERVICES SUBJECT TO DEDUCTIBLES AND COINSURANCE - COST
D_5_HOS_C6_91,Emergency,ROLLUP,D00A185,"D, Part V: Apportionment - Hospital",09100,00600,APPORTIONMENT OF MEDICAL AND OTHER HEALTH SERVICES - COST SERVICES SUBJECT TO DEDUCTIBLES AND COINSURANCE - COST,APPORTIONMENT OF MEDICAL AND OTHER HEALTH SERVICES,COST SERVICES SUBJECT TO DEDUCTIBLES AND COINSURANCE - COST
G_C1THRU4_9,"Balance Sheet Cols 1-4, Line 9",ROLLUP,G000000,G: Balance Sheet,00900,00100,Current Period End,BALANCE SHEET,nan
A_C1_23,Paramedical Education,ROLLUP,A000000,A: Reclassification & Adjustment of Trial Balance,02300,00100,Salaries,TRIAL BALANCE OF EXPENSE ACCOUNTS,nan
A_C1_52,Delivery Room and Labor Room,ROLLUP,A000000,A: Reclassification & Adjustment of Trial Balance,05200,00100,Salaries,TRIAL BALANCE OF EXPENSE ACCOUNTS,nan
A_C1_53,Anesthesiology,ROLLUP,A000000,A: Reclassification & Adjustment of Trial Balance,05300,00100,Salaries,TRIAL BALANCE OF EXPENSE ACCOUNTS,nan
A_C1_57,CT Scan,ROLLUP,A000000,A: Reclassification & Adjustment of Trial Balance,05700,00100,Salaries,TRIAL BALANCE OF EXPENSE ACCOUNTS,nan
A_C1_76,Other Ancillary,ROLLUP,A000000,A: Reclassification & Adjustment of Trial Balance,07600,00100,Salaries,TRIAL BALANCE OF EXPENSE ACCOUNTS,nan
A_C2_23,Paramedical Education,ROLLUP,A000000,A: Reclassification & Adjustment of Trial Balance,02300,00200,Other Costs,TRIAL BALANCE OF EXPENSE ACCOUNTS,nan
A_C2_52,Delivery Room and Labor Room,ROLLUP,A000000,A: Reclassification & Adjustment of Trial Balance,05200,00200,Other Costs,TRIAL BALANCE OF EXPENSE ACCOUNTS,nan
A_C6_194,Other Nonreimbursable,ROLLUP,A000000,A: Reclassification & Adjustment of Trial Balance,19400,00600,Reclassified Net Expenses,TRIAL BALANCE OF EXPENSE ACCOUNTS,nan
A_C6_23,Paramedical Education,ROLLUP,A000000,A: Reclassification & Adjustment of Trial Balance,02300,00600,Reclassified Net Expenses,TRIAL BALANCE OF EXPENSE ACCOUNTS,nan
A_C6_31,Intensive Care Unit,ROLLUP,A000000,A: Reclassification & Adjustment of Trial Balance,03100,00600,Reclassified Net Expenses,TRIAL BALANCE OF EXPENSE ACCOUNTS,nan
A_C6_53,Anesthesiology,ROLLUP,A000000,A: Reclassification & Adjustment of Trial Balance,05300,00600,Reclassified Net Expenses,TRIAL BALANCE OF EXPENSE ACCOUNTS,nan
A_C6_59,Cardiac Catheterization,ROLLUP,A000000,A: Reclassification & Adjustment of Trial Balance,05900,00600,Reclassified Net Expenses,TRIAL BALANCE OF EXPENSE ACCOUNTS,nan
A_C6_66,Physical Therapy,ROLLUP,A000000,A: Reclassification & Adjustment of Trial Balance,06600,00600,Reclassified Net Expenses,TRIAL BALANCE OF EXPENSE ACCOUNTS,nan
A_C6_76,Other Ancillary,ROLLUP,A000000,A: Reclassification & Adjustment of Trial Balance,07600,00600,Reclassified Net Expenses,TRIAL BALANCE OF EXPENSE ACCOUNTS,nan
B_1_C0_23,Paramedical Education,ROLLUP,B000001,"B, Part I: Cost Allocation - General",02300,00000,Statistical Basis / Cost Center,COST ALLOCATION,Net Expense for Cost Allocation
B_1_C0_52,Delivery Room and Labor Room,ROLLUP,B000001,"B, Part I: Cost Allocation - General",05200,00000,Statistical Basis / Cost Center,COST ALLOCATION,Net Expense for Cost Allocation
B_1_C26_52,Delivery Room and Labor Room,ROLLUP,B000001,"B, Part I: Cost Allocation - General",05200,02600,Stat Basis / Total,COST ALLOCATION,nan
B_2_C26_52,Delivery Room and Labor Room,ROLLUP,B000002,"B, Part II: Cost Allocation",05200,02600,ALLOCATION OF NEW CAPITAL COSTS - TOTAL CAPITAL COSTS AFTER COST ALLOCATION,ALLOCATION OF NEW CAPITAL COSTS,TOTAL CAPITAL COSTS AFTER COST ALLOCATION
C_1_C5_52,Delivery Room and Labor Room,ROLLUP,C000001,"C, Part I: Ancillary & Outpatient Cost",05200,00500,Medicare Charges (Title XVIII PPS),COMPUTATION OF RATIO OF COST TO CHARGES,nan
C_1_C6_52,Delivery Room and Labor Room,ROLLUP,C000001,"C, Part I: Ancillary & Outpatient Cost",05200,00600,Medicare Charges (Title XVIII Other),COMPUTATION OF RATIO OF COST TO CHARGES,Total Inpatient Charges
C_1_C6_76,Other Ancillary,ROLLUP,C000001,"C, Part I: Ancillary & Outpatient Cost",07600,00600,Medicare Charges (Title XVIII Other),COMPUTATION OF RATIO OF COST TO CHARGES,nan
C_1_C7_52,Delivery Room and Labor Room,ROLLUP,C000001,"C, Part I: Ancillary & Outpatient Cost",05200,00700,Total Medicare Charges (Title XVIII),COMPUTATION OF RATIO OF COST TO CHARGES,Total Outpatient Charges
D3_HOS_C2_76,Other Ancillary,ROLLUP,D30A180,D-3: Apportionment - Hospital,07600,00200,Medicare Charges,INPATIENT ANCILLARY SERVICE COST APPORTIONMENT,nan
D3_HOS_C3_76,Other Ancillary,ROLLUP,D30A180,D-3: Apportionment - Hospital,07600,00300,Cost / Charge Ratio,INPATIENT ANCILLARY SERVICE COST APPORTIONMENT,nan
D3_IPF_C2_50,Operating Room,ROLLUP,D30B180,D-3: Apportionment - IPF,05000,00200,Medicare Charges,INPATIENT ANCILLARY SERVICE COST APPORTIONMENT,nan
D3_IPF_C2_52,Delivery Room and Labor Room,ROLLUP,D30B180,D-3: Apportionment - IPF,05200,00200,Medicare Charges,INPATIENT ANCILLARY SERVICE COST APPORTIONMENT,nan
D3_IPF_C2_65,Respiratory Therapy,ROLLUP,D30B180,D-3: Apportionment - IPF,06500,00200,Medicare Charges,INPATIENT ANCILLARY SERVICE COST APPORTIONMENT,nan
D3_IPF_C2_69,Electrocardiology,ROLLUP,D30B180,D-3: Apportionment - IPF,06900,00200,Medicare Charges,INPATIENT ANCILLARY SERVICE COST APPORTIONMENT,nan
D3_IPF_C2_71,Medical Supplies Charged to Patients,ROLLUP,D30B180,D-3: Apportionment - IPF,07100,00200,Medicare Charges,INPATIENT ANCILLARY SERVICE COST APPORTIONMENT,nan
D3_IPF_C3_50,Operating Room,ROLLUP,D30B180,D-3: Apportionment - IPF,05000,00300,Cost / Charge Ratio,INPATIENT ANCILLARY SERVICE COST APPORTIONMENT,nan
D3_IPF_C3_52,Delivery Room and Labor Room,ROLLUP,D30B180,D-3: Apportionment - IPF,05200,00300,Cost / Charge Ratio,INPATIENT ANCILLARY SERVICE COST APPORTIONMENT,nan
D3_IPF_C3_65,Respiratory Therapy,ROLLUP,D30B180,D-3: Apportionment - IPF,06500,00300,Cost / Charge Ratio,INPATIENT ANCILLARY SERVICE COST APPORTIONMENT,nan
D3_IPF_C3_69,Electrocardiology,ROLLUP,D30B180,D-3: Apportionment - IPF,06900,00300,Cost / Charge Ratio,INPATIENT ANCILLARY SERVICE COST APPORTIONMENT,nan
D3_IPF_C3_71,Medical Supplies Charged to Patients,ROLLUP,D30B180,D-3: Apportionment - IPF,07100,00300,Cost / Charge Ratio,INPATIENT ANCILLARY SERVICE COST APPORTIONMENT,nan
D_2_HOS_C5_76,Hospital | Line 76 | Col 5,ROLLUP,D00A182,"D, Part II: Apportionment - Hospital",07600,00500,Settlement Amount,nan,nan
D_2_IPF_C5_50,Inpatient Psychiatric Facility | Line 50 | Col 5,ROLLUP,D00B182,"D, Part II: Apportionment - IPF",05000,00500,Settlement Amount,APPORTIONMENT OF INPATIENT ANCILLARY SERVICE CAPITAL COSTS,nan
D_2_IPF_C5_52,Inpatient Psychiatric Facility | Line 52 | Col 5,ROLLUP,D00B182,"D, Part II: Apportionment - IPF",05200,00500,Settlement Amount,APPORTIONMENT OF INPATIENT ANCILLARY SERVICE CAPITAL COSTS,nan
D_2_IPF_C5_65,Inpatient Psychiatric Facility | Line 65 | Col 5,ROLLUP,D00B182,"D, Part II: Apportionment - IPF",06500,00500,Settlement Amount,APPORTIONMENT OF INPATIENT ANCILLARY SERVICE CAPITAL COSTS,nan
D_2_IPF_C5_69,Inpatient Psychiatric Facility | Line 69 | Col 5,ROLLUP,D00B182,"D, Part II: Apportionment - IPF",06900,00500,Settlement Amount,APPORTIONMENT OF INPATIENT ANCILLARY SERVICE CAPITAL COSTS,nan
D_2_IPF_C5_71,Inpatient Psychiatric Facility | Line 71 | Col 5,ROLLUP,D00B182,"D, Part II: Apportionment - IPF",07100,00500,Settlement Amount,APPORTIONMENT OF INPATIENT ANCILLARY SERVICE CAPITAL COSTS,nan
D_3_HOS_C9_31,Intensive Care Unit,ROLLUP,D00A183,"D, Part III: Apportionment - Hospital",03100,00900,APPORTIONMENT OF INPATIENT ROUTINE SERVICE OTHER PASS THROUGH COSTS,APPORTIONMENT OF INPATIENT ROUTINE SERVICE OTHER PASS THROUGH COSTS,nan
D_4_HOS_C10_76,Other Ancillary,ROLLUP,D00A184,"D, Part IV: Apportionment - Hospital",07600,01000,Tentative Settlement,APPORTIONMENT OF INPATIENT/OUTPATIENT ANCILLARY SERVICE OTHER PASS THROUGH COSTS,nan
D_4_HOS_C11_50,Operating Room,ROLLUP,D00A184,"D, Part IV: Apportionment - Hospital",05000,01100,Net Settlement Amount,APPORTIONMENT OF INPATIENT/OUTPATIENT ANCILLARY SERVICE OTHER PASS THROUGH COSTS,nan
D_4_HOS_C11_91,Emergency,ROLLUP,D00A184,"D, Part IV: Apportionment - Hospital",09100,01100,Net Settlement Amount,APPORTIONMENT OF INPATIENT/OUTPATIENT ANCILLARY SERVICE OTHER PASS THROUGH COSTS,nan
D_4_HOS_C12_76,Other Ancillary,ROLLUP,D00A184,"D, Part IV: Apportionment - Hospital",07600,01200,Amount Due To/From Provider,APPORTIONMENT OF INPATIENT/OUTPATIENT ANCILLARY SERVICE OTHER PASS THROUGH COSTS,nan
D_4_HOS_C13_50,Operating Room,ROLLUP,D00A184,"D, Part IV: Apportionment - Hospital",05000,01300,Amount Due To/From Program,APPORTIONMENT OF INPATIENT/OUTPATIENT ANCILLARY SERVICE OTHER PASS THROUGH COSTS,nan
D_4_HOS_C13_91,Emergency,ROLLUP,D00A184,"D, Part IV: Apportionment - Hospital",09100,01300,Amount Due To/From Program,APPORTIONMENT OF INPATIENT/OUTPATIENT ANCILLARY SERVICE OTHER PASS THROUGH COSTS,nan
D_4_HOS_C3_50,Operating Room,ROLLUP,D00A184,"D, Part IV: Apportionment - Hospital",05000,00300,Program Cost,APPORTIONMENT OF INPATIENT/OUTPATIENT ANCILLARY SERVICE OTHER PASS THROUGH COSTS,nan
D_4_HOS_C3_91,Emergency,ROLLUP,D00A184,"D, Part IV: Apportionment - Hospital",09100,00300,Program Cost,APPORTIONMENT OF INPATIENT/OUTPATIENT ANCILLARY SERVICE OTHER PASS THROUGH COSTS,nan
D_4_IPF_C11_91,Emergency,ROLLUP,D00B184,"D, Part IV: Apportionment - IPF",09100,01100,Net Settlement Amount,APPORTIONMENT OF INPATIENT/OUTPATIENT ANCILLARY SERVICE OTHER PASS THROUGH COSTS,nan
D_5_HOS_C2_76,Other Ancillary,ROLLUP,D00A185,"D, Part V: Apportionment - Hospital",07600,00200,APPORTIONMENT OF MEDICAL AND OTHER HEALTH SERVICES - PPS REIMBURSED SERVICES -  CHARGES,APPORTIONMENT OF MEDICAL AND OTHER HEALTH SERVICES,PPS REIMBURSED SERVICES -  CHARGES
D_5_HOS_C4_73,Drugs Charged to Patients,ROLLUP,D00A185,"D, Part V: Apportionment - Hospital",07300,00400,APPORTIONMENT OF MEDICAL AND OTHER HEALTH SERVICES - COST REIMBURSED SERVICES NOT SUBJECT TO DEDUCTIBLES AND COINSURANCE - CHARGES,APPORTIONMENT OF MEDICAL AND OTHER HEALTH SERVICES,COST REIMBURSED SERVICES NOT SUBJECT TO DEDUCTIBLES AND COINSURANCE - CHARGES
D_5_HOS_C5_76,Other Ancillary,ROLLUP,D00A185,"D, Part V: Apportionment - Hospital",07600,00500,APPORTIONMENT OF MEDICAL AND OTHER HEALTH SERVICES - PPS SERVICES COST,APPORTIONMENT OF MEDICAL AND OTHER HEALTH SERVICES,PPS SERVICES COST
D_5_HOS_C7_73,Drugs Charged to Patients,ROLLUP,D00A185,"D, Part V: Apportionment - Hospital",07300,00700,APPORTIONMENT OF MEDICAL AND OTHER HEALTH SERVICES - COST SERVICES NOT SUBJECT TO DEDUCTIBLES AND COINSURANCE - COST,APPORTIONMENT OF MEDICAL AND OTHER HEALTH SERVICES,COST SERVICES NOT SUBJECT TO DEDUCTIBLES AND COINSURANCE - COST
A_C6_16,Medical Records and Medical Rec. Library,ROLLUP,A000000,A: Reclassification & Adjustment of Trial Balance,01600,00600,Reclassified Net Expenses,TRIAL BALANCE OF EXPENSE ACCOUNTS,nan
A_C6_17,Social Service,ROLLUP,A000000,A: Reclassification & Adjustment of Trial Balance,01700,00600,Reclassified Net Expenses,TRIAL BALANCE OF EXPENSE ACCOUNTS,nan
A_C1_21,Interns & Res Salary and Fringe Benefits,ROLLUP,A000000,A: Reclassification & Adjustment of Trial Balance,02100,00100,Salaries,TRIAL BALANCE OF EXPENSE ACCOUNTS,nan
A_C2_21,Interns & Res Salary and Fringe Benefits,ROLLUP,A000000,A: Reclassification & Adjustment of Trial Balance,02100,00200,Other Costs,TRIAL BALANCE OF EXPENSE ACCOUNTS,nan
B_1_C0_21,Interns & Res Salary and Fringe Benefits,ROLLUP,B000001,"B, Part I: Cost Allocation - General",02100,00000,Statistical Basis / Cost Center,COST ALLOCATION,Net Expense for Cost Allocation
B_1_C0_22,Interns & Res Other Program Costs,ROLLUP,B000001,"B, Part I: Cost Allocation - General",02200,00000,Statistical Basis / Cost Center,COST ALLOCATION,Net Expense for Cost Allocation
B_1_C21_21,Interns & Res Salary and Fringe Benefits,ROLLUP,B000001,"B, Part I: Cost Allocation - General",02100,02100,Inpatient Routine Services,COST ALLOCATION,Allocation of Interns & Residents Salary and Fringes
B_1_C21_50,Operating Room,ROLLUP,B000001,"B, Part I: Cost Allocation - General",05000,02100,Inpatient Routine Services,COST ALLOCATION,Allocation of Interns & Residents Salary and Fringes
B_1_C22_50,Operating Room,ROLLUP,B000001,"B, Part I: Cost Allocation - General",05000,02200,Ancillary Services,COST ALLOCATION,Allocation of Interns & Residents Program Costs
D3_IPF_C2_57,CT Scan,ROLLUP,D30B180,D-3: Apportionment - IPF,05700,00200,Medicare Charges,INPATIENT ANCILLARY SERVICE COST APPORTIONMENT,nan
D3_IPF_C2_67,Occupational Therapy,ROLLUP,D30B180,D-3: Apportionment - IPF,06700,00200,Medicare Charges,INPATIENT ANCILLARY SERVICE COST APPORTIONMENT,nan
D3_IPF_C3_57,CT Scan,ROLLUP,D30B180,D-3: Apportionment - IPF,05700,00300,Cost / Charge Ratio,INPATIENT ANCILLARY SERVICE COST APPORTIONMENT,nan
D3_IPF_C3_67,Occupational Therapy,ROLLUP,D30B180,D-3: Apportionment - IPF,06700,00300,Cost / Charge Ratio,INPATIENT ANCILLARY SERVICE COST APPORTIONMENT,nan
D_2_IPF_C5_57,Inpatient Psychiatric Facility | Line 57 | Col 5,ROLLUP,D00B182,"D, Part II: Apportionment - IPF",05700,00500,Settlement Amount,APPORTIONMENT OF INPATIENT ANCILLARY SERVICE CAPITAL COSTS,nan
D_2_IPF_C5_67,Inpatient Psychiatric Facility | Line 67 | Col 5,ROLLUP,D00B182,"D, Part II: Apportionment - IPF",06700,00500,Settlement Amount,APPORTIONMENT OF INPATIENT ANCILLARY SERVICE CAPITAL COSTS,nan
A_C1_35,Other Special Care Unit,ROLLUP,A000000,A: Reclassification & Adjustment of Trial Balance,03500,00100,Salaries,TRIAL BALANCE OF EXPENSE ACCOUNTS,nan
A_C1_63,"Blood Storing, Processing, Trans",ROLLUP,A000000,A: Reclassification & Adjustment of Trial Balance,06300,00100,Salaries,TRIAL BALANCE OF EXPENSE ACCOUNTS,nan
A_C2_35,Other Special Care Unit,ROLLUP,A000000,A: Reclassification & Adjustment of Trial Balance,03500,00200,Other Costs,TRIAL BALANCE OF EXPENSE ACCOUNTS,nan
A_C6_52,Delivery Room and Labor Room,ROLLUP,A000000,A: Reclassification & Adjustment of Trial Balance,05200,00600,Reclassified Net Expenses,TRIAL BALANCE OF EXPENSE ACCOUNTS,nan
A_C6_63,"Blood Storing, Processing, Trans",ROLLUP,A000000,A: Reclassification & Adjustment of Trial Balance,06300,00600,Reclassified Net Expenses,TRIAL BALANCE OF EXPENSE ACCOUNTS,nan
B_1_C0_35,Other Special Care Unit,ROLLUP,B000001,"B, Part I: Cost Allocation - General",03500,00000,Statistical Basis / Cost Center,COST ALLOCATION,Net Expense for Cost Allocation
B_1_C26_35,Other Special Care Unit,ROLLUP,B000001,"B, Part I: Cost Allocation - General",03500,02600,Stat Basis / Total,COST ALLOCATION,nan
B_2_C26_35,Other Special Care Unit,ROLLUP,B000002,"B, Part II: Cost Allocation",03500,02600,ALLOCATION OF NEW CAPITAL COSTS - TOTAL CAPITAL COSTS AFTER COST ALLOCATION,ALLOCATION OF NEW CAPITAL COSTS,TOTAL CAPITAL COSTS AFTER COST ALLOCATION
C_1_C5_35,Other Special Care Unit,ROLLUP,C000001,"C, Part I: Ancillary & Outpatient Cost",03500,00500,Medicare Charges (Title XVIII PPS),COMPUTATION OF RATIO OF COST TO CHARGES,nan
C_1_C6_35,Other Special Care Unit,ROLLUP,C000001,"C, Part I: Ancillary & Outpatient Cost",03500,00600,Medicare Charges (Title XVIII Other),COMPUTATION OF RATIO OF COST TO CHARGES,Total Inpatient Charges
D_1_HOS_C4_35,Other Special Care Unit,ROLLUP,D00A181,"D, Part I: Apportionment - Hospital",03500,00400,Title XVIII Days,APPORTIONMENT OF INPATIENT ROUTINE SERVICE CAPITAL COSTS,nan
D_4_HOS_C11_73,Drugs Charged to Patients,ROLLUP,D00A184,"D, Part IV: Apportionment - Hospital",07300,01100,Net Settlement Amount,APPORTIONMENT OF INPATIENT/OUTPATIENT ANCILLARY SERVICE OTHER PASS THROUGH COSTS,nan
D_4_HOS_C13_73,Drugs Charged to Patients,ROLLUP,D00A184,"D, Part IV: Apportionment - Hospital",07300,01300,Amount Due To/From Program,APPORTIONMENT OF INPATIENT/OUTPATIENT ANCILLARY SERVICE OTHER PASS THROUGH COSTS,nan
D_4_HOS_C3_73,Drugs Charged to Patients,ROLLUP,D00A184,"D, Part IV: Apportionment - Hospital",07300,00300,Program Cost,APPORTIONMENT OF INPATIENT/OUTPATIENT ANCILLARY SERVICE OTHER PASS THROUGH COSTS,nan
G2_C1_13,Line 13 | Col 1,ROLLUP,G200000,G-2: Statement of Changes in Fund Balance,01300,00100,General Fund,nan,nan
G_C1THRU4_46,"Balance Sheet Cols 1-4, Line 46",ROLLUP,G000000,G: Balance Sheet,04600,00100,Current Period End,BALANCE SHEET,nan
S3_1_C2_10,Burn Intensive Care Unit,ROLLUP,S300001,"S-3, Part I: Utilization Data",01000,00200,Inpatient Days (Title V & XVIII),NUMBER OF BEDS,nan
S3_1_C3_10,Burn Intensive Care Unit,ROLLUP,S300001,"S-3, Part I: Utilization Data",01000,00300,Inpatient Days (Title XVIII Medicare),BED DAYS AVAILABLE,nan
S3_1_C7_10,Burn Intensive Care Unit,ROLLUP,S300001,"S-3, Part I: Utilization Data",01000,00700,% Medicare Days / Total Days,Medicaid Inpatient Days/Outpatient Visits,nan
S3_1_C8_10,Burn Intensive Care Unit,ROLLUP,S300001,"S-3, Part I: Utilization Data",01000,00800,Total Discharges,Total Inpatient Days/Outpatient Visits,nan
A_C1_101,HHA,ROLLUP,A000000,A: Reclassification & Adjustment of Trial Balance,10100,00100,Salaries,TRIAL BALANCE OF EXPENSE ACCOUNTS,nan
A_C2_101,HHA,ROLLUP,A000000,A: Reclassification & Adjustment of Trial Balance,10100,00200,Other Costs,TRIAL BALANCE OF EXPENSE ACCOUNTS,nan
B_1_C0_101,HHA,ROLLUP,B000001,"B, Part I: Cost Allocation - General",10100,00000,Statistical Basis / Cost Center,COST ALLOCATION,Net Expense for Cost Allocation
B_1_C26_101,HHA,ROLLUP,B000001,"B, Part I: Cost Allocation - General",10100,02600,Stat Basis / Total,COST ALLOCATION,nan
B_2_C26_101,HHA,ROLLUP,B000002,"B, Part II: Cost Allocation",10100,02600,ALLOCATION OF NEW CAPITAL COSTS - TOTAL CAPITAL COSTS AFTER COST ALLOCATION,ALLOCATION OF NEW CAPITAL COSTS,nan
C_1_C5_101,HHA,ROLLUP,C000001,"C, Part I: Ancillary & Outpatient Cost",10100,00500,Medicare Charges (Title XVIII PPS),COMPUTATION OF RATIO OF COST TO CHARGES,nan
C_1_C7_101,HHA,ROLLUP,C000001,"C, Part I: Ancillary & Outpatient Cost",10100,00700,Total Medicare Charges (Title XVIII),COMPUTATION OF RATIO OF COST TO CHARGES,nan
G2_C2_22,Line 22 | Col 2,ROLLUP,G200000,G-2: Statement of Changes in Fund Balance,02200,00200,Specific Purpose Fund,nan,nan
G_C1THRU4_25,"Balance Sheet Cols 1-4, Line 25",ROLLUP,G000000,G: Balance Sheet,02500,00100,Current Period End,BALANCE SHEET,nan
G_C1THRU4_26,"Balance Sheet Cols 1-4, Line 26",ROLLUP,G000000,G: Balance Sheet,02600,00100,Current Period End,BALANCE SHEET,nan
S3_1_C10_22,HHA,ROLLUP,S300001,"S-3, Part I: Utilization Data",02200,01000,Discharges (Title XIX Medicaid),Total Inpatient Days/Outpatient Visits,nan
S3_1_C6_22,HHA,ROLLUP,S300001,"S-3, Part I: Utilization Data",02200,00600,Total Inpatient Days,Medicare Inpatient Days/Outpatient Visits,nan
S3_1_C8_22,HHA,ROLLUP,S300001,"S-3, Part I: Utilization Data",02200,00800,Total Discharges,Total Inpatient Days/Outpatient Visits,nan
B_1_C0_99,CMHC,ROLLUP,B000001,"B, Part I: Cost Allocation - General",09900,00000,Statistical Basis / Cost Center,COST ALLOCATION,Net Expense for Cost Allocation
B_1_C21_54,Radiology-Diagnostic,ROLLUP,B000001,"B, Part I: Cost Allocation - General",05400,02100,Inpatient Routine Services,COST ALLOCATION,Allocation of Interns & Residents Salary and Fringes
B_1_C21_60,Laboratory,ROLLUP,B000001,"B, Part I: Cost Allocation - General",06000,02100,Inpatient Routine Services,COST ALLOCATION,Allocation of Interns & Residents Salary and Fringes
B_1_C21_69,Electrocardiology,ROLLUP,B000001,"B, Part I: Cost Allocation - General",06900,02100,Inpatient Routine Services,COST ALLOCATION,Allocation of Interns & Residents Salary and Fringes
B_1_C22_54,Radiology-Diagnostic,ROLLUP,B000001,"B, Part I: Cost Allocation - General",05400,02200,Ancillary Services,COST ALLOCATION,Allocation of Interns & Residents Program Costs
B_1_C22_60,Laboratory,ROLLUP,B000001,"B, Part I: Cost Allocation - General",06000,02200,Ancillary Services,COST ALLOCATION,Allocation of Interns & Residents Program Costs
B_1_C22_69,Electrocardiology,ROLLUP,B000001,"B, Part I: Cost Allocation - General",06900,02200,Ancillary Services,COST ALLOCATION,Allocation of Interns & Residents Program Costs
B_1_C26_99,CMHC,ROLLUP,B000001,"B, Part I: Cost Allocation - General",09900,02600,Stat Basis / Total,COST ALLOCATION,nan
B_2_C26_99,CMHC,ROLLUP,B000002,"B, Part II: Cost Allocation",09900,02600,ALLOCATION OF NEW CAPITAL COSTS - TOTAL CAPITAL COSTS AFTER COST ALLOCATION,ALLOCATION OF NEW CAPITAL COSTS,nan
C_1_C5_99,CMHC,ROLLUP,C000001,"C, Part I: Ancillary & Outpatient Cost",09900,00500,Medicare Charges (Title XVIII PPS),COMPUTATION OF RATIO OF COST TO CHARGES,nan
G2_C1_15,Line 15 | Col 1,ROLLUP,G200000,G-2: Statement of Changes in Fund Balance,01500,00100,General Fund,nan,nan
S3_1_C2_12,Other Special Care,ROLLUP,S300001,"S-3, Part I: Utilization Data",01200,00200,Inpatient Days (Title V & XVIII),NUMBER OF BEDS,nan
S3_1_C3_12,Other Special Care,ROLLUP,S300001,"S-3, Part I: Utilization Data",01200,00300,Inpatient Days (Title XVIII Medicare),BED DAYS AVAILABLE,nan
S3_1_C8_12,Other Special Care,ROLLUP,S300001,"S-3, Part I: Utilization Data",01200,00800,Total Discharges,Total Inpatient Days/Outpatient Visits,nan
A_C1_190,"Gift, Flower, Coffee Shop, Canteen",ROLLUP,A000000,A: Reclassification & Adjustment of Trial Balance,19000,00100,Salaries,TRIAL BALANCE OF EXPENSE ACCOUNTS,nan
D3_HOS_C2_52,Delivery Room and Labor Room,ROLLUP,D30A180,D-3: Apportionment - Hospital,05200,00200,Medicare Charges,INPATIENT ANCILLARY SERVICE COST APPORTIONMENT,nan
D3_HOS_C3_52,Delivery Room and Labor Room,ROLLUP,D30A180,D-3: Apportionment - Hospital,05200,00300,Cost / Charge Ratio,INPATIENT ANCILLARY SERVICE COST APPORTIONMENT,nan
D_2_HOS_C5_52,Hospital | Line 52 | Col 5,ROLLUP,D00A182,"D, Part II: Apportionment - Hospital",05200,00500,Settlement Amount,nan,nan
D_4_HOS_C10_52,Delivery Room and Labor Room,ROLLUP,D00A184,"D, Part IV: Apportionment - Hospital",05200,01000,Tentative Settlement,APPORTIONMENT OF INPATIENT/OUTPATIENT ANCILLARY SERVICE OTHER PASS THROUGH COSTS,nan
A_C1_18,Other General Service,ROLLUP,A000000,A: Reclassification & Adjustment of Trial Balance,01800,00100,Salaries,TRIAL BALANCE OF EXPENSE ACCOUNTS,nan
A_C1_192,Physicians' Private Office,ROLLUP,A000000,A: Reclassification & Adjustment of Trial Balance,19200,00100,Salaries,TRIAL BALANCE OF EXPENSE ACCOUNTS,nan
A_C1_22,Interns & Res Other Program Costs,ROLLUP,A000000,A: Reclassification & Adjustment of Trial Balance,02200,00100,Salaries,TRIAL BALANCE OF EXPENSE ACCOUNTS,nan
A_C1_55,Radiology-Therapeutic,ROLLUP,A000000,A: Reclassification & Adjustment of Trial Balance,05500,00100,Salaries,TRIAL BALANCE OF EXPENSE ACCOUNTS,nan
A_C1_67,Occupational Therapy,ROLLUP,A000000,A: Reclassification & Adjustment of Trial Balance,06700,00100,Salaries,TRIAL BALANCE OF EXPENSE ACCOUNTS,nan
A_C1_68,Speech Pathology,ROLLUP,A000000,A: Reclassification & Adjustment of Trial Balance,06800,00100,Salaries,TRIAL BALANCE OF EXPENSE ACCOUNTS,nan
A_C2_18,Other General Service,ROLLUP,A000000,A: Reclassification & Adjustment of Trial Balance,01800,00200,Other Costs,TRIAL BALANCE OF EXPENSE ACCOUNTS,nan
A_C2_22,Interns & Res Other Program Costs,ROLLUP,A000000,A: Reclassification & Adjustment of Trial Balance,02200,00200,Other Costs,TRIAL BALANCE OF EXPENSE ACCOUNTS,nan
A_C2_55,Radiology-Therapeutic,ROLLUP,A000000,A: Reclassification & Adjustment of Trial Balance,05500,00200,Other Costs,TRIAL BALANCE OF EXPENSE ACCOUNTS,nan
A_C2_67,Occupational Therapy,ROLLUP,A000000,A: Reclassification & Adjustment of Trial Balance,06700,00200,Other Costs,TRIAL BALANCE OF EXPENSE ACCOUNTS,nan
A_C2_68,Speech Pathology,ROLLUP,A000000,A: Reclassification & Adjustment of Trial Balance,06800,00200,Other Costs,TRIAL BALANCE OF EXPENSE ACCOUNTS,nan
A_C6_22,Interns & Res Other Program Costs,ROLLUP,A000000,A: Reclassification & Adjustment of Trial Balance,02200,00600,Reclassified Net Expenses,TRIAL BALANCE OF EXPENSE ACCOUNTS,nan
A_C6_35,Other Special Care Unit,ROLLUP,A000000,A: Reclassification & Adjustment of Trial Balance,03500,00600,Reclassified Net Expenses,TRIAL BALANCE OF EXPENSE ACCOUNTS,nan
A_C6_56,Radioisotope,ROLLUP,A000000,A: Reclassification & Adjustment of Trial Balance,05600,00600,Reclassified Net Expenses,TRIAL BALANCE OF EXPENSE ACCOUNTS,nan
A_C6_70,Electroencephalography,ROLLUP,A000000,A: Reclassification & Adjustment of Trial Balance,07000,00600,Reclassified Net Expenses,TRIAL BALANCE OF EXPENSE ACCOUNTS,nan
A_C6_71,Medical Supplies Charged to Patients,ROLLUP,A000000,A: Reclassification & Adjustment of Trial Balance,07100,00600,Reclassified Net Expenses,TRIAL BALANCE OF EXPENSE ACCOUNTS,nan
A_C6_88,RHC,ROLLUP,A000000,A: Reclassification & Adjustment of Trial Balance,08800,00600,Reclassified Net Expenses,TRIAL BALANCE OF EXPENSE ACCOUNTS,nan
B_1_C0_18,Other General Service,ROLLUP,B000001,"B, Part I: Cost Allocation - General",01800,00000,Statistical Basis / Cost Center,COST ALLOCATION,Net Expense for Cost Allocation
B_1_C0_55,Radiology-Therapeutic,ROLLUP,B000001,"B, Part I: Cost Allocation - General",05500,00000,Statistical Basis / Cost Center,COST ALLOCATION,Net Expense for Cost Allocation
B_1_C21_192,Physicians' Private Office,ROLLUP,B000001,"B, Part I: Cost Allocation - General",19200,02100,Inpatient Routine Services,COST ALLOCATION,nan
B_1_C21_31,Intensive Care Unit,ROLLUP,B000001,"B, Part I: Cost Allocation - General",03100,02100,Inpatient Routine Services,COST ALLOCATION,Allocation of Interns & Residents Salary and Fringes
B_1_C21_35,Other Special Care Unit,ROLLUP,B000001,"B, Part I: Cost Allocation - General",03500,02100,Inpatient Routine Services,COST ALLOCATION,Allocation of Interns & Residents Salary and Fringes
B_1_C21_53,Anesthesiology,ROLLUP,B000001,"B, Part I: Cost Allocation - General",05300,02100,Inpatient Routine Services,COST ALLOCATION,Allocation of Interns & Residents Salary and Fringes
B_1_C21_56,Radioisotope,ROLLUP,B000001,"B, Part I: Cost Allocation - General",05600,02100,Inpatient Routine Services,COST ALLOCATION,Allocation of Interns & Residents Salary and Fringes
B_1_C21_59,Cardiac Catheterization,ROLLUP,B000001,"B, Part I: Cost Allocation - General",05900,02100,Inpatient Routine Services,COST ALLOCATION,Allocation of Interns & Residents Salary and Fringes
B_1_C21_70,Electroencephalography,ROLLUP,B000001,"B, Part I: Cost Allocation - General",07000,02100,Inpatient Routine Services,COST ALLOCATION,Allocation of Interns & Residents Salary and Fringes
B_1_C21_90,Clinic,ROLLUP,B000001,"B, Part I: Cost Allocation - General",09000,02100,Inpatient Routine Services,COST ALLOCATION,nan
B_1_C21_91,Emergency,ROLLUP,B000001,"B, Part I: Cost Allocation - General",09100,02100,Inpatient Routine Services,COST ALLOCATION,nan
B_1_C22_192,Physicians' Private Office,ROLLUP,B000001,"B, Part I: Cost Allocation - General",19200,02200,Ancillary Services,COST ALLOCATION,nan
B_1_C22_31,Intensive Care Unit,ROLLUP,B000001,"B, Part I: Cost Allocation - General",03100,02200,Ancillary Services,COST ALLOCATION,Allocation of Interns & Residents Program Costs
B_1_C22_35,Other Special Care Unit,ROLLUP,B000001,"B, Part I: Cost Allocation - General",03500,02200,Ancillary Services,COST ALLOCATION,Allocation of Interns & Residents Program Costs
B_1_C22_53,Anesthesiology,ROLLUP,B000001,"B, Part I: Cost Allocation - General",05300,02200,Ancillary Services,COST ALLOCATION,Allocation of Interns & Residents Program Costs
B_1_C22_56,Radioisotope,ROLLUP,B000001,"B, Part I: Cost Allocation - General",05600,02200,Ancillary Services,COST ALLOCATION,Allocation of Interns & Residents Program Costs
B_1_C22_59,Cardiac Catheterization,ROLLUP,B000001,"B, Part I: Cost Allocation - General",05900,02200,Ancillary Services,COST ALLOCATION,Allocation of Interns & Residents Program Costs
B_1_C22_70,Electroencephalography,ROLLUP,B000001,"B, Part I: Cost Allocation - General",07000,02200,Ancillary Services,COST ALLOCATION,Allocation of Interns & Residents Program Costs
B_1_C22_90,Clinic,ROLLUP,B000001,"B, Part I: Cost Allocation - General",09000,02200,Ancillary Services,COST ALLOCATION,nan
B_1_C22_91,Emergency,ROLLUP,B000001,"B, Part I: Cost Allocation - General",09100,02200,Ancillary Services,COST ALLOCATION,nan
B_1_C26_55,Radiology-Therapeutic,ROLLUP,B000001,"B, Part I: Cost Allocation - General",05500,02600,Stat Basis / Total,COST ALLOCATION,nan
B_2_C26_55,Radiology-Therapeutic,ROLLUP,B000002,"B, Part II: Cost Allocation",05500,02600,ALLOCATION OF NEW CAPITAL COSTS - TOTAL CAPITAL COSTS AFTER COST ALLOCATION,ALLOCATION OF NEW CAPITAL COSTS,TOTAL CAPITAL COSTS AFTER COST ALLOCATION
C_1_C5_55,Radiology-Therapeutic,ROLLUP,C000001,"C, Part I: Ancillary & Outpatient Cost",05500,00500,Medicare Charges (Title XVIII PPS),COMPUTATION OF RATIO OF COST TO CHARGES,nan
C_1_C6_55,Radiology-Therapeutic,ROLLUP,C000001,"C, Part I: Ancillary & Outpatient Cost",05500,00600,Medicare Charges (Title XVIII Other),COMPUTATION OF RATIO OF COST TO CHARGES,Total Inpatient Charges
C_1_C7_55,Radiology-Therapeutic,ROLLUP,C000001,"C, Part I: Ancillary & Outpatient Cost",05500,00700,Total Medicare Charges (Title XVIII),COMPUTATION OF RATIO OF COST TO CHARGES,Total Outpatient Charges
D3_HOS_C2_55,Radiology-Therapeutic,ROLLUP,D30A180,D-3: Apportionment - Hospital,05500,00200,Medicare Charges,INPATIENT ANCILLARY SERVICE COST APPORTIONMENT,nan
D3_HOS_C3_55,Radiology-Therapeutic,ROLLUP,D30A180,D-3: Apportionment - Hospital,05500,00300,Cost / Charge Ratio,INPATIENT ANCILLARY SERVICE COST APPORTIONMENT,nan
D3_IRF_C2_51,Recovery Room,ROLLUP,D30C180,D-3: Apportionment - IRF,05100,00200,Medicare Charges,INPATIENT ANCILLARY SERVICE COST APPORTIONMENT,nan
D3_IRF_C2_54,Radiology-Diagnostic,ROLLUP,D30C180,D-3: Apportionment - IRF,05400,00200,Medicare Charges,INPATIENT ANCILLARY SERVICE COST APPORTIONMENT,nan
D3_IRF_C2_56,Radioisotope,ROLLUP,D30C180,D-3: Apportionment - IRF,05600,00200,Medicare Charges,INPATIENT ANCILLARY SERVICE COST APPORTIONMENT,nan
D3_IRF_C2_57,CT Scan,ROLLUP,D30C180,D-3: Apportionment - IRF,05700,00200,Medicare Charges,INPATIENT ANCILLARY SERVICE COST APPORTIONMENT,nan
D3_IRF_C2_60,Laboratory,ROLLUP,D30C180,D-3: Apportionment - IRF,06000,00200,Medicare Charges,INPATIENT ANCILLARY SERVICE COST APPORTIONMENT,nan
D3_IRF_C2_63,"Blood Storing, Processing, Trans",ROLLUP,D30C180,D-3: Apportionment - IRF,06300,00200,Medicare Charges,INPATIENT ANCILLARY SERVICE COST APPORTIONMENT,nan
D3_IRF_C2_65,Respiratory Therapy,ROLLUP,D30C180,D-3: Apportionment - IRF,06500,00200,Medicare Charges,INPATIENT ANCILLARY SERVICE COST APPORTIONMENT,nan
D3_IRF_C2_66,Physical Therapy,ROLLUP,D30C180,D-3: Apportionment - IRF,06600,00200,Medicare Charges,INPATIENT ANCILLARY SERVICE COST APPORTIONMENT,nan
D3_IRF_C2_67,Occupational Therapy,ROLLUP,D30C180,D-3: Apportionment - IRF,06700,00200,Medicare Charges,INPATIENT ANCILLARY SERVICE COST APPORTIONMENT,nan
D3_IRF_C2_68,Speech Pathology,ROLLUP,D30C180,D-3: Apportionment - IRF,06800,00200,Medicare Charges,INPATIENT ANCILLARY SERVICE COST APPORTIONMENT,nan
D3_IRF_C2_69,Electrocardiology,ROLLUP,D30C180,D-3: Apportionment - IRF,06900,00200,Medicare Charges,INPATIENT ANCILLARY SERVICE COST APPORTIONMENT,nan
D3_IRF_C2_71,Medical Supplies Charged to Patients,ROLLUP,D30C180,D-3: Apportionment - IRF,07100,00200,Medicare Charges,INPATIENT ANCILLARY SERVICE COST APPORTIONMENT,nan
D3_IRF_C2_72,Impl. Dev. Charged to Patients,ROLLUP,D30C180,D-3: Apportionment - IRF,07200,00200,Medicare Charges,INPATIENT ANCILLARY SERVICE COST APPORTIONMENT,nan
D3_IRF_C2_73,Drugs Charged to Patients,ROLLUP,D30C180,D-3: Apportionment - IRF,07300,00200,Medicare Charges,INPATIENT ANCILLARY SERVICE COST APPORTIONMENT,nan
D3_IRF_C3_51,Recovery Room,ROLLUP,D30C180,D-3: Apportionment - IRF,05100,00300,Cost / Charge Ratio,INPATIENT ANCILLARY SERVICE COST APPORTIONMENT,nan
D3_IRF_C3_54,Radiology-Diagnostic,ROLLUP,D30C180,D-3: Apportionment - IRF,05400,00300,Cost / Charge Ratio,INPATIENT ANCILLARY SERVICE COST APPORTIONMENT,nan
D3_IRF_C3_56,Radioisotope,ROLLUP,D30C180,D-3: Apportionment - IRF,05600,00300,Cost / Charge Ratio,INPATIENT ANCILLARY SERVICE COST APPORTIONMENT,nan
D3_IRF_C3_57,CT Scan,ROLLUP,D30C180,D-3: Apportionment - IRF,05700,00300,Cost / Charge Ratio,INPATIENT ANCILLARY SERVICE COST APPORTIONMENT,nan
D3_IRF_C3_60,Laboratory,ROLLUP,D30C180,D-3: Apportionment - IRF,06000,00300,Cost / Charge Ratio,INPATIENT ANCILLARY SERVICE COST APPORTIONMENT,nan
D3_IRF_C3_63,"Blood Storing, Processing, Trans",ROLLUP,D30C180,D-3: Apportionment - IRF,06300,00300,Cost / Charge Ratio,INPATIENT ANCILLARY SERVICE COST APPORTIONMENT,nan
D3_IRF_C3_65,Respiratory Therapy,ROLLUP,D30C180,D-3: Apportionment - IRF,06500,00300,Cost / Charge Ratio,INPATIENT ANCILLARY SERVICE COST APPORTIONMENT,nan
D3_IRF_C3_66,Physical Therapy,ROLLUP,D30C180,D-3: Apportionment - IRF,06600,00300,Cost / Charge Ratio,INPATIENT ANCILLARY SERVICE COST APPORTIONMENT,nan
D3_IRF_C3_67,Occupational Therapy,ROLLUP,D30C180,D-3: Apportionment - IRF,06700,00300,Cost / Charge Ratio,INPATIENT ANCILLARY SERVICE COST APPORTIONMENT,nan
D3_IRF_C3_68,Speech Pathology,ROLLUP,D30C180,D-3: Apportionment - IRF,06800,00300,Cost / Charge Ratio,INPATIENT ANCILLARY SERVICE COST APPORTIONMENT,nan
D3_IRF_C3_69,Electrocardiology,ROLLUP,D30C180,D-3: Apportionment - IRF,06900,00300,Cost / Charge Ratio,INPATIENT ANCILLARY SERVICE COST APPORTIONMENT,nan
D3_IRF_C3_71,Medical Supplies Charged to Patients,ROLLUP,D30C180,D-3: Apportionment - IRF,07100,00300,Cost / Charge Ratio,INPATIENT ANCILLARY SERVICE COST APPORTIONMENT,nan
D3_IRF_C3_72,Impl. Dev. Charged to Patients,ROLLUP,D30C180,D-3: Apportionment - IRF,07200,00300,Cost / Charge Ratio,INPATIENT ANCILLARY SERVICE COST APPORTIONMENT,nan
D3_IRF_C3_73,Drugs Charged to Patients,ROLLUP,D30C180,D-3: Apportionment - IRF,07300,00300,Cost / Charge Ratio,INPATIENT ANCILLARY SERVICE COST APPORTIONMENT,nan
D_2_HOS_C5_55,Hospital | Line 55 | Col 5,ROLLUP,D00A182,"D, Part II: Apportionment - Hospital",05500,00500,Settlement Amount,nan,nan
D_2_IRF_C5_51,Inpatient Rehabilitation Facility | Line 51 | Col 5,ROLLUP,D00C182,"D, Part II: Apportionment - IRF",05100,00500,Settlement Amount,APPORTIONMENT OF INPATIENT ANCILLARY SERVICE CAPITAL COSTS,nan
D_2_IRF_C5_54,Inpatient Rehabilitation Facility | Line 54 | Col 5,ROLLUP,D00C182,"D, Part II: Apportionment - IRF",05400,00500,Settlement Amount,APPORTIONMENT OF INPATIENT ANCILLARY SERVICE CAPITAL COSTS,nan
D_2_IRF_C5_56,Inpatient Rehabilitation Facility | Line 56 | Col 5,ROLLUP,D00C182,"D, Part II: Apportionment - IRF",05600,00500,Settlement Amount,APPORTIONMENT OF INPATIENT ANCILLARY SERVICE CAPITAL COSTS,nan
D_2_IRF_C5_57,Inpatient Rehabilitation Facility | Line 57 | Col 5,ROLLUP,D00C182,"D, Part II: Apportionment - IRF",05700,00500,Settlement Amount,APPORTIONMENT OF INPATIENT ANCILLARY SERVICE CAPITAL COSTS,nan
D_2_IRF_C5_60,Inpatient Rehabilitation Facility | Line 60 | Col 5,ROLLUP,D00C182,"D, Part II: Apportionment - IRF",06000,00500,Settlement Amount,APPORTIONMENT OF INPATIENT ANCILLARY SERVICE CAPITAL COSTS,nan
D_2_IRF_C5_63,Inpatient Rehabilitation Facility | Line 63 | Col 5,ROLLUP,D00C182,"D, Part II: Apportionment - IRF",06300,00500,Settlement Amount,APPORTIONMENT OF INPATIENT ANCILLARY SERVICE CAPITAL COSTS,nan
D_2_IRF_C5_65,Inpatient Rehabilitation Facility | Line 65 | Col 5,ROLLUP,D00C182,"D, Part II: Apportionment - IRF",06500,00500,Settlement Amount,APPORTIONMENT OF INPATIENT ANCILLARY SERVICE CAPITAL COSTS,nan
D_2_IRF_C5_66,Inpatient Rehabilitation Facility | Line 66 | Col 5,ROLLUP,D00C182,"D, Part II: Apportionment - IRF",06600,00500,Settlement Amount,APPORTIONMENT OF INPATIENT ANCILLARY SERVICE CAPITAL COSTS,nan
D_2_IRF_C5_67,Inpatient Rehabilitation Facility | Line 67 | Col 5,ROLLUP,D00C182,"D, Part II: Apportionment - IRF",06700,00500,Settlement Amount,APPORTIONMENT OF INPATIENT ANCILLARY SERVICE CAPITAL COSTS,nan
D_2_IRF_C5_68,Inpatient Rehabilitation Facility | Line 68 | Col 5,ROLLUP,D00C182,"D, Part II: Apportionment - IRF",06800,00500,Settlement Amount,APPORTIONMENT OF INPATIENT ANCILLARY SERVICE CAPITAL COSTS,nan
D_2_IRF_C5_69,Inpatient Rehabilitation Facility | Line 69 | Col 5,ROLLUP,D00C182,"D, Part II: Apportionment - IRF",06900,00500,Settlement Amount,APPORTIONMENT OF INPATIENT ANCILLARY SERVICE CAPITAL COSTS,nan
D_2_IRF_C5_71,Inpatient Rehabilitation Facility | Line 71 | Col 5,ROLLUP,D00C182,"D, Part II: Apportionment - IRF",07100,00500,Settlement Amount,APPORTIONMENT OF INPATIENT ANCILLARY SERVICE CAPITAL COSTS,nan
D_2_IRF_C5_72,Inpatient Rehabilitation Facility | Line 72 | Col 5,ROLLUP,D00C182,"D, Part II: Apportionment - IRF",07200,00500,Settlement Amount,APPORTIONMENT OF INPATIENT ANCILLARY SERVICE CAPITAL COSTS,nan
D_2_IRF_C5_73,Inpatient Rehabilitation Facility | Line 73 | Col 5,ROLLUP,D00C182,"D, Part II: Apportionment - IRF",07300,00500,Settlement Amount,APPORTIONMENT OF INPATIENT ANCILLARY SERVICE CAPITAL COSTS,nan
D_4_HOS_C10_55,Radiology-Therapeutic,ROLLUP,D00A184,"D, Part IV: Apportionment - Hospital",05500,01000,Tentative Settlement,APPORTIONMENT OF INPATIENT/OUTPATIENT ANCILLARY SERVICE OTHER PASS THROUGH COSTS,nan
D_4_HOS_C12_52,Delivery Room and Labor Room,ROLLUP,D00A184,"D, Part IV: Apportionment - Hospital",05200,01200,Amount Due To/From Provider,APPORTIONMENT OF INPATIENT/OUTPATIENT ANCILLARY SERVICE OTHER PASS THROUGH COSTS,nan
D_4_HOS_C12_55,Radiology-Therapeutic,ROLLUP,D00A184,"D, Part IV: Apportionment - Hospital",05500,01200,Amount Due To/From Provider,APPORTIONMENT OF INPATIENT/OUTPATIENT ANCILLARY SERVICE OTHER PASS THROUGH COSTS,nan
D_4_IRF_C11_73,Drugs Charged to Patients,ROLLUP,D00C184,"D, Part IV: Apportionment - IRF",07300,01100,Net Settlement Amount,APPORTIONMENT OF INPATIENT/OUTPATIENT ANCILLARY SERVICE OTHER PASS THROUGH COSTS,nan
D_5_HOS_C2_52,Delivery Room and Labor Room,ROLLUP,D00A185,"D, Part V: Apportionment - Hospital",05200,00200,APPORTIONMENT OF MEDICAL AND OTHER HEALTH SERVICES - PPS REIMBURSED SERVICES -  CHARGES,APPORTIONMENT OF MEDICAL AND OTHER HEALTH SERVICES,PPS REIMBURSED SERVICES -  CHARGES
D_5_HOS_C2_55,Radiology-Therapeutic,ROLLUP,D00A185,"D, Part V: Apportionment - Hospital",05500,00200,APPORTIONMENT OF MEDICAL AND OTHER HEALTH SERVICES - PPS REIMBURSED SERVICES -  CHARGES,APPORTIONMENT OF MEDICAL AND OTHER HEALTH SERVICES,PPS REIMBURSED SERVICES -  CHARGES
D_5_HOS_C4_90,Clinic,ROLLUP,D00A185,"D, Part V: Apportionment - Hospital",09000,00400,APPORTIONMENT OF MEDICAL AND OTHER HEALTH SERVICES - COST REIMBURSED SERVICES NOT SUBJECT TO DEDUCTIBLES AND COINSURANCE - CHARGES,APPORTIONMENT OF MEDICAL AND OTHER HEALTH SERVICES,COST REIMBURSED SERVICES NOT SUBJECT TO DEDUCTIBLES AND COINSURANCE - CHARGES
D_5_HOS_C4_91,Emergency,ROLLUP,D00A185,"D, Part V: Apportionment - Hospital",09100,00400,APPORTIONMENT OF MEDICAL AND OTHER HEALTH SERVICES - COST REIMBURSED SERVICES NOT SUBJECT TO DEDUCTIBLES AND COINSURANCE - CHARGES,APPORTIONMENT OF MEDICAL AND OTHER HEALTH SERVICES,COST REIMBURSED SERVICES NOT SUBJECT TO DEDUCTIBLES AND COINSURANCE - CHARGES
D_5_HOS_C5_52,Delivery Room and Labor Room,ROLLUP,D00A185,"D, Part V: Apportionment - Hospital",05200,00500,APPORTIONMENT OF MEDICAL AND OTHER HEALTH SERVICES - PPS SERVICES COST,APPORTIONMENT OF MEDICAL AND OTHER HEALTH SERVICES,PPS SERVICES COST
D_5_HOS_C5_55,Radiology-Therapeutic,ROLLUP,D00A185,"D, Part V: Apportionment - Hospital",05500,00500,APPORTIONMENT OF MEDICAL AND OTHER HEALTH SERVICES - PPS SERVICES COST,APPORTIONMENT OF MEDICAL AND OTHER HEALTH SERVICES,PPS SERVICES COST
D_5_HOS_C7_90,Clinic,ROLLUP,D00A185,"D, Part V: Apportionment - Hospital",09000,00700,APPORTIONMENT OF MEDICAL AND OTHER HEALTH SERVICES - COST SERVICES NOT SUBJECT TO DEDUCTIBLES AND COINSURANCE - COST,APPORTIONMENT OF MEDICAL AND OTHER HEALTH SERVICES,COST SERVICES NOT SUBJECT TO DEDUCTIBLES AND COINSURANCE - COST
D_5_HOS_C7_91,Emergency,ROLLUP,D00A185,"D, Part V: Apportionment - Hospital",09100,00700,APPORTIONMENT OF MEDICAL AND OTHER HEALTH SERVICES - COST SERVICES NOT SUBJECT TO DEDUCTIBLES AND COINSURANCE - COST,APPORTIONMENT OF MEDICAL AND OTHER HEALTH SERVICES,COST SERVICES NOT SUBJECT TO DEDUCTIBLES AND COINSURANCE - COST
G_C1THRU4_39,"Balance Sheet Cols 1-4, Line 39",ROLLUP,G000000,G: Balance Sheet,03900,00100,Current Period End,BALANCE SHEET,nan
S3_1_C7_26,RHC/FQHC Combined,ROLLUP,S300001,"S-3, Part I: Utilization Data",02600,00700,% Medicare Days / Total Days,Medicaid Inpatient Days/Outpatient Visits,nan
A_C6_21,Interns & Res Salary and Fringe Benefits,ROLLUP,A000000,A: Reclassification & Adjustment of Trial Balance,02100,00600,Reclassified Net Expenses,TRIAL BALANCE OF EXPENSE ACCOUNTS,nan
B_1_C21_66,Physical Therapy,ROLLUP,B000001,"B, Part I: Cost Allocation - General",06600,02100,Inpatient Routine Services,COST ALLOCATION,Allocation of Interns & Residents Salary and Fringes
B_1_C21_76,Other Ancillary,ROLLUP,B000001,"B, Part I: Cost Allocation - General",07600,02100,Inpatient Routine Services,COST ALLOCATION,nan
B_1_C22_66,Physical Therapy,ROLLUP,B000001,"B, Part I: Cost Allocation - General",06600,02200,Ancillary Services,COST ALLOCATION,Allocation of Interns & Residents Program Costs
B_1_C22_76,Other Ancillary,ROLLUP,B000001,"B, Part I: Cost Allocation - General",07600,02200,Ancillary Services,COST ALLOCATION,nan
A_C1_34,Surgical Intensive Care Unit,ROLLUP,A000000,A: Reclassification & Adjustment of Trial Balance,03400,00100,Salaries,TRIAL BALANCE OF EXPENSE ACCOUNTS,nan
A_C1_64,Intravenous Therapy,ROLLUP,A000000,A: Reclassification & Adjustment of Trial Balance,06400,00100,Salaries,TRIAL BALANCE OF EXPENSE ACCOUNTS,nan
A_C1_75,ASC (Non Distinct Part),ROLLUP,A000000,A: Reclassification & Adjustment of Trial Balance,07500,00100,Salaries,TRIAL BALANCE OF EXPENSE ACCOUNTS,nan
A_C1_93,Other Outpatient Services,ROLLUP,A000000,A: Reclassification & Adjustment of Trial Balance,09300,00100,Salaries,TRIAL BALANCE OF EXPENSE ACCOUNTS,nan
A_C2_34,Surgical Intensive Care Unit,ROLLUP,A000000,A: Reclassification & Adjustment of Trial Balance,03400,00200,Other Costs,TRIAL BALANCE OF EXPENSE ACCOUNTS,nan
A_C2_64,Intravenous Therapy,ROLLUP,A000000,A: Reclassification & Adjustment of Trial Balance,06400,00200,Other Costs,TRIAL BALANCE OF EXPENSE ACCOUNTS,nan
A_C2_75,ASC (Non Distinct Part),ROLLUP,A000000,A: Reclassification & Adjustment of Trial Balance,07500,00200,Other Costs,TRIAL BALANCE OF EXPENSE ACCOUNTS,nan
A_C2_93,Other Outpatient Services,ROLLUP,A000000,A: Reclassification & Adjustment of Trial Balance,09300,00200,Other Costs,TRIAL BALANCE OF EXPENSE ACCOUNTS,nan
A_C6_14,Central Services and Supply,ROLLUP,A000000,A: Reclassification & Adjustment of Trial Balance,01400,00600,Reclassified Net Expenses,TRIAL BALANCE OF EXPENSE ACCOUNTS,nan
A_C6_55,Radiology-Therapeutic,ROLLUP,A000000,A: Reclassification & Adjustment of Trial Balance,05500,00600,Reclassified Net Expenses,TRIAL BALANCE OF EXPENSE ACCOUNTS,nan
A_C6_57,CT Scan,ROLLUP,A000000,A: Reclassification & Adjustment of Trial Balance,05700,00600,Reclassified Net Expenses,TRIAL BALANCE OF EXPENSE ACCOUNTS,nan
A_C6_75,ASC (Non Distinct Part),ROLLUP,A000000,A: Reclassification & Adjustment of Trial Balance,07500,00600,Reclassified Net Expenses,TRIAL BALANCE OF EXPENSE ACCOUNTS,nan
A_C6_93,Other Outpatient Services,ROLLUP,A000000,A: Reclassification & Adjustment of Trial Balance,09300,00600,Reclassified Net Expenses,TRIAL BALANCE OF EXPENSE ACCOUNTS,nan
B_1_C0_34,Surgical Intensive Care Unit,ROLLUP,B000001,"B, Part I: Cost Allocation - General",03400,00000,Statistical Basis / Cost Center,COST ALLOCATION,Net Expense for Cost Allocation
B_1_C0_64,Intravenous Therapy,ROLLUP,B000001,"B, Part I: Cost Allocation - General",06400,00000,Statistical Basis / Cost Center,COST ALLOCATION,Net Expense for Cost Allocation
B_1_C0_75,ASC (Non Distinct Part),ROLLUP,B000001,"B, Part I: Cost Allocation - General",07500,00000,Statistical Basis / Cost Center,COST ALLOCATION,Net Expense for Cost Allocation
B_1_C0_93,Other Outpatient Services,ROLLUP,B000001,"B, Part I: Cost Allocation - General",09300,00000,Statistical Basis / Cost Center,COST ALLOCATION,Net Expense for Cost Allocation
B_1_C21_194,Other Nonreimbursable,ROLLUP,B000001,"B, Part I: Cost Allocation - General",19400,02100,Inpatient Routine Services,COST ALLOCATION,nan
B_1_C21_52,Delivery Room and Labor Room,ROLLUP,B000001,"B, Part I: Cost Allocation - General",05200,02100,Inpatient Routine Services,COST ALLOCATION,Allocation of Interns & Residents Salary and Fringes
B_1_C22_194,Other Nonreimbursable,ROLLUP,B000001,"B, Part I: Cost Allocation - General",19400,02200,Ancillary Services,COST ALLOCATION,nan
B_1_C22_52,Delivery Room and Labor Room,ROLLUP,B000001,"B, Part I: Cost Allocation - General",05200,02200,Ancillary Services,COST ALLOCATION,Allocation of Interns & Residents Program Costs
B_1_C26_34,Surgical Intensive Care Unit,ROLLUP,B000001,"B, Part I: Cost Allocation - General",03400,02600,Stat Basis / Total,COST ALLOCATION,nan
B_1_C26_64,Intravenous Therapy,ROLLUP,B000001,"B, Part I: Cost Allocation - General",06400,02600,Stat Basis / Total,COST ALLOCATION,nan
B_1_C26_75,ASC (Non Distinct Part),ROLLUP,B000001,"B, Part I: Cost Allocation - General",07500,02600,Stat Basis / Total,COST ALLOCATION,nan
B_1_C26_93,Other Outpatient Services,ROLLUP,B000001,"B, Part I: Cost Allocation - General",09300,02600,Stat Basis / Total,COST ALLOCATION,nan
B_2_C26_34,Surgical Intensive Care Unit,ROLLUP,B000002,"B, Part II: Cost Allocation",03400,02600,ALLOCATION OF NEW CAPITAL COSTS - TOTAL CAPITAL COSTS AFTER COST ALLOCATION,ALLOCATION OF NEW CAPITAL COSTS,TOTAL CAPITAL COSTS AFTER COST ALLOCATION
B_2_C26_64,Intravenous Therapy,ROLLUP,B000002,"B, Part II: Cost Allocation",06400,02600,ALLOCATION OF NEW CAPITAL COSTS - TOTAL CAPITAL COSTS AFTER COST ALLOCATION,ALLOCATION OF NEW CAPITAL COSTS,nan
B_2_C26_75,ASC (Non Distinct Part),ROLLUP,B000002,"B, Part II: Cost Allocation",07500,02600,ALLOCATION OF NEW CAPITAL COSTS - TOTAL CAPITAL COSTS AFTER COST ALLOCATION,ALLOCATION OF NEW CAPITAL COSTS,nan
B_2_C26_93,Other Outpatient Services,ROLLUP,B000002,"B, Part II: Cost Allocation",09300,02600,ALLOCATION OF NEW CAPITAL COSTS - TOTAL CAPITAL COSTS AFTER COST ALLOCATION,ALLOCATION OF NEW CAPITAL COSTS,nan
C_1_C5_34,Surgical Intensive Care Unit,ROLLUP,C000001,"C, Part I: Ancillary & Outpatient Cost",03400,00500,Medicare Charges (Title XVIII PPS),COMPUTATION OF RATIO OF COST TO CHARGES,nan
C_1_C5_64,Intravenous Therapy,ROLLUP,C000001,"C, Part I: Ancillary & Outpatient Cost",06400,00500,Medicare Charges (Title XVIII PPS),COMPUTATION OF RATIO OF COST TO CHARGES,nan
C_1_C5_75,ASC (Non Distinct Part),ROLLUP,C000001,"C, Part I: Ancillary & Outpatient Cost",07500,00500,Medicare Charges (Title XVIII PPS),COMPUTATION OF RATIO OF COST TO CHARGES,nan
C_1_C5_93,Other Outpatient Services,ROLLUP,C000001,"C, Part I: Ancillary & Outpatient Cost",09300,00500,Medicare Charges (Title XVIII PPS),COMPUTATION OF RATIO OF COST TO CHARGES,nan
C_1_C6_34,Surgical Intensive Care Unit,ROLLUP,C000001,"C, Part I: Ancillary & Outpatient Cost",03400,00600,Medicare Charges (Title XVIII Other),COMPUTATION OF RATIO OF COST TO CHARGES,Total Inpatient Charges
C_1_C6_64,Intravenous Therapy,ROLLUP,C000001,"C, Part I: Ancillary & Outpatient Cost",06400,00600,Medicare Charges (Title XVIII Other),COMPUTATION OF RATIO OF COST TO CHARGES,nan
C_1_C6_75,ASC (Non Distinct Part),ROLLUP,C000001,"C, Part I: Ancillary & Outpatient Cost",07500,00600,Medicare Charges (Title XVIII Other),COMPUTATION OF RATIO OF COST TO CHARGES,nan
C_1_C6_93,Other Outpatient Services,ROLLUP,C000001,"C, Part I: Ancillary & Outpatient Cost",09300,00600,Medicare Charges (Title XVIII Other),COMPUTATION OF RATIO OF COST TO CHARGES,nan
C_1_C7_64,Intravenous Therapy,ROLLUP,C000001,"C, Part I: Ancillary & Outpatient Cost",06400,00700,Total Medicare Charges (Title XVIII),COMPUTATION OF RATIO OF COST TO CHARGES,nan
C_1_C7_75,ASC (Non Distinct Part),ROLLUP,C000001,"C, Part I: Ancillary & Outpatient Cost",07500,00700,Total Medicare Charges (Title XVIII),COMPUTATION OF RATIO OF COST TO CHARGES,nan
C_1_C7_93,Other Outpatient Services,ROLLUP,C000001,"C, Part I: Ancillary & Outpatient Cost",09300,00700,Total Medicare Charges (Title XVIII),COMPUTATION OF RATIO OF COST TO CHARGES,nan
D3_HOS_C2_34,Surgical Intensive Care Unit,ROLLUP,D30A180,D-3: Apportionment - Hospital,03400,00200,Medicare Charges,INPATIENT ANCILLARY SERVICE COST APPORTIONMENT,nan
D3_HOS_C2_64,Intravenous Therapy,ROLLUP,D30A180,D-3: Apportionment - Hospital,06400,00200,Medicare Charges,INPATIENT ANCILLARY SERVICE COST APPORTIONMENT,nan
D3_HOS_C2_75,ASC (Non Distinct Part),ROLLUP,D30A180,D-3: Apportionment - Hospital,07500,00200,Medicare Charges,INPATIENT ANCILLARY SERVICE COST APPORTIONMENT,nan
D3_HOS_C2_93,Other Outpatient Services,ROLLUP,D30A180,D-3: Apportionment - Hospital,09300,00200,Medicare Charges,INPATIENT ANCILLARY SERVICE COST APPORTIONMENT,nan
D3_HOS_C3_64,Intravenous Therapy,ROLLUP,D30A180,D-3: Apportionment - Hospital,06400,00300,Cost / Charge Ratio,INPATIENT ANCILLARY SERVICE COST APPORTIONMENT,nan
D3_HOS_C3_75,ASC (Non Distinct Part),ROLLUP,D30A180,D-3: Apportionment - Hospital,07500,00300,Cost / Charge Ratio,INPATIENT ANCILLARY SERVICE COST APPORTIONMENT,nan
D3_HOS_C3_93,Other Outpatient Services,ROLLUP,D30A180,D-3: Apportionment - Hospital,09300,00300,Cost / Charge Ratio,INPATIENT ANCILLARY SERVICE COST APPORTIONMENT,nan
D3_IPF_C2_51,Recovery Room,ROLLUP,D30B180,D-3: Apportionment - IPF,05100,00200,Medicare Charges,INPATIENT ANCILLARY SERVICE COST APPORTIONMENT,nan
D3_IPF_C2_58,MRI,ROLLUP,D30B180,D-3: Apportionment - IPF,05800,00200,Medicare Charges,INPATIENT ANCILLARY SERVICE COST APPORTIONMENT,nan
D3_IPF_C2_64,Intravenous Therapy,ROLLUP,D30B180,D-3: Apportionment - IPF,06400,00200,Medicare Charges,INPATIENT ANCILLARY SERVICE COST APPORTIONMENT,nan
D3_IPF_C2_75,ASC (Non Distinct Part),ROLLUP,D30B180,D-3: Apportionment - IPF,07500,00200,Medicare Charges,INPATIENT ANCILLARY SERVICE COST APPORTIONMENT,nan
D3_IPF_C2_90,Clinic,ROLLUP,D30B180,D-3: Apportionment - IPF,09000,00200,Medicare Charges,INPATIENT ANCILLARY SERVICE COST APPORTIONMENT,nan
D3_IPF_C2_93,Other Outpatient Services,ROLLUP,D30B180,D-3: Apportionment - IPF,09300,00200,Medicare Charges,INPATIENT ANCILLARY SERVICE COST APPORTIONMENT,nan
D3_IPF_C3_58,MRI,ROLLUP,D30B180,D-3: Apportionment - IPF,05800,00300,Cost / Charge Ratio,INPATIENT ANCILLARY SERVICE COST APPORTIONMENT,nan
D3_IPF_C3_64,Intravenous Therapy,ROLLUP,D30B180,D-3: Apportionment - IPF,06400,00300,Cost / Charge Ratio,INPATIENT ANCILLARY SERVICE COST APPORTIONMENT,nan
D3_IPF_C3_75,ASC (Non Distinct Part),ROLLUP,D30B180,D-3: Apportionment - IPF,07500,00300,Cost / Charge Ratio,INPATIENT ANCILLARY SERVICE COST APPORTIONMENT,nan
D3_IPF_C3_90,Clinic,ROLLUP,D30B180,D-3: Apportionment - IPF,09000,00300,Cost / Charge Ratio,INPATIENT ANCILLARY SERVICE COST APPORTIONMENT,nan
D3_IPF_C3_93,Other Outpatient Services,ROLLUP,D30B180,D-3: Apportionment - IPF,09300,00300,Cost / Charge Ratio,INPATIENT ANCILLARY SERVICE COST APPORTIONMENT,nan
D3_IRF_C2_50,Operating Room,ROLLUP,D30C180,D-3: Apportionment - IRF,05000,00200,Medicare Charges,INPATIENT ANCILLARY SERVICE COST APPORTIONMENT,nan
D3_IRF_C2_52,Delivery Room and Labor Room,ROLLUP,D30C180,D-3: Apportionment - IRF,05200,00200,Medicare Charges,INPATIENT ANCILLARY SERVICE COST APPORTIONMENT,nan
D3_IRF_C2_58,MRI,ROLLUP,D30C180,D-3: Apportionment - IRF,05800,00200,Medicare Charges,INPATIENT ANCILLARY SERVICE COST APPORTIONMENT,nan
D3_IRF_C2_59,Cardiac Catheterization,ROLLUP,D30C180,D-3: Apportionment - IRF,05900,00200,Medicare Charges,INPATIENT ANCILLARY SERVICE COST APPORTIONMENT,nan
D3_IRF_C2_64,Intravenous Therapy,ROLLUP,D30C180,D-3: Apportionment - IRF,06400,00200,Medicare Charges,INPATIENT ANCILLARY SERVICE COST APPORTIONMENT,nan
D3_IRF_C2_70,Electroencephalography,ROLLUP,D30C180,D-3: Apportionment - IRF,07000,00200,Medicare Charges,INPATIENT ANCILLARY SERVICE COST APPORTIONMENT,nan
D3_IRF_C2_75,ASC (Non Distinct Part),ROLLUP,D30C180,D-3: Apportionment - IRF,07500,00200,Medicare Charges,INPATIENT ANCILLARY SERVICE COST APPORTIONMENT,nan
D3_IRF_C2_90,Clinic,ROLLUP,D30C180,D-3: Apportionment - IRF,09000,00200,Medicare Charges,INPATIENT ANCILLARY SERVICE COST APPORTIONMENT,nan
D3_IRF_C2_91,Emergency,ROLLUP,D30C180,D-3: Apportionment - IRF,09100,00200,Medicare Charges,INPATIENT ANCILLARY SERVICE COST APPORTIONMENT,nan
D3_IRF_C3_50,Operating Room,ROLLUP,D30C180,D-3: Apportionment - IRF,05000,00300,Cost / Charge Ratio,INPATIENT ANCILLARY SERVICE COST APPORTIONMENT,nan
D3_IRF_C3_52,Delivery Room and Labor Room,ROLLUP,D30C180,D-3: Apportionment - IRF,05200,00300,Cost / Charge Ratio,INPATIENT ANCILLARY SERVICE COST APPORTIONMENT,nan
D3_IRF_C3_58,MRI,ROLLUP,D30C180,D-3: Apportionment - IRF,05800,00300,Cost / Charge Ratio,INPATIENT ANCILLARY SERVICE COST APPORTIONMENT,nan
D3_IRF_C3_59,Cardiac Catheterization,ROLLUP,D30C180,D-3: Apportionment - IRF,05900,00300,Cost / Charge Ratio,INPATIENT ANCILLARY SERVICE COST APPORTIONMENT,nan
D3_IRF_C3_64,Intravenous Therapy,ROLLUP,D30C180,D-3: Apportionment - IRF,06400,00300,Cost / Charge Ratio,INPATIENT ANCILLARY SERVICE COST APPORTIONMENT,nan
D3_IRF_C3_70,Electroencephalography,ROLLUP,D30C180,D-3: Apportionment - IRF,07000,00300,Cost / Charge Ratio,INPATIENT ANCILLARY SERVICE COST APPORTIONMENT,nan
D3_IRF_C3_75,ASC (Non Distinct Part),ROLLUP,D30C180,D-3: Apportionment - IRF,07500,00300,Cost / Charge Ratio,INPATIENT ANCILLARY SERVICE COST APPORTIONMENT,nan
D3_IRF_C3_90,Clinic,ROLLUP,D30C180,D-3: Apportionment - IRF,09000,00300,Cost / Charge Ratio,INPATIENT ANCILLARY SERVICE COST APPORTIONMENT,nan
D3_IRF_C3_91,Emergency,ROLLUP,D30C180,D-3: Apportionment - IRF,09100,00300,Cost / Charge Ratio,INPATIENT ANCILLARY SERVICE COST APPORTIONMENT,nan
D_1_HOS_C4_34,Surgical Intensive Care Unit,ROLLUP,D00A181,"D, Part I: Apportionment - Hospital",03400,00400,Title XVIII Days,APPORTIONMENT OF INPATIENT ROUTINE SERVICE CAPITAL COSTS,nan
D_1_HOS_C6_34,Surgical Intensive Care Unit,ROLLUP,D00A181,"D, Part I: Apportionment - Hospital",03400,00600,Title XVIII Discharges,APPORTIONMENT OF INPATIENT ROUTINE SERVICE CAPITAL COSTS,nan
D_1_HOS_C7_34,Surgical Intensive Care Unit,ROLLUP,D00A181,"D, Part I: Apportionment - Hospital",03400,00700,Total Days,APPORTIONMENT OF INPATIENT ROUTINE SERVICE CAPITAL COSTS,nan
D_2_HOS_C5_64,Hospital | Line 64 | Col 5,ROLLUP,D00A182,"D, Part II: Apportionment - Hospital",06400,00500,Settlement Amount,nan,nan
D_2_HOS_C5_75,Hospital | Line 75 | Col 5,ROLLUP,D00A182,"D, Part II: Apportionment - Hospital",07500,00500,Settlement Amount,nan,nan
D_2_HOS_C5_93,Hospital | Line 93 | Col 5,ROLLUP,D00A182,"D, Part II: Apportionment - Hospital",09300,00500,Settlement Amount,nan,nan
D_2_IPF_C5_58,Inpatient Psychiatric Facility | Line 58 | Col 5,ROLLUP,D00B182,"D, Part II: Apportionment - IPF",05800,00500,Settlement Amount,APPORTIONMENT OF INPATIENT ANCILLARY SERVICE CAPITAL COSTS,nan
D_2_IPF_C5_64,Inpatient Psychiatric Facility | Line 64 | Col 5,ROLLUP,D00B182,"D, Part II: Apportionment - IPF",06400,00500,Settlement Amount,APPORTIONMENT OF INPATIENT ANCILLARY SERVICE CAPITAL COSTS,nan
D_2_IPF_C5_90,Inpatient Psychiatric Facility | Line 90 | Col 5,ROLLUP,D00B182,"D, Part II: Apportionment - IPF",09000,00500,Settlement Amount,APPORTIONMENT OF INPATIENT ANCILLARY SERVICE CAPITAL COSTS,nan
D_2_IPF_C5_93,Inpatient Psychiatric Facility | Line 93 | Col 5,ROLLUP,D00B182,"D, Part II: Apportionment - IPF",09300,00500,Settlement Amount,APPORTIONMENT OF INPATIENT ANCILLARY SERVICE CAPITAL COSTS,nan
D_2_IRF_C5_50,Inpatient Rehabilitation Facility | Line 50 | Col 5,ROLLUP,D00C182,"D, Part II: Apportionment - IRF",05000,00500,Settlement Amount,APPORTIONMENT OF INPATIENT ANCILLARY SERVICE CAPITAL COSTS,nan
D_2_IRF_C5_52,Inpatient Rehabilitation Facility | Line 52 | Col 5,ROLLUP,D00C182,"D, Part II: Apportionment - IRF",05200,00500,Settlement Amount,APPORTIONMENT OF INPATIENT ANCILLARY SERVICE CAPITAL COSTS,nan
D_2_IRF_C5_58,Inpatient Rehabilitation Facility | Line 58 | Col 5,ROLLUP,D00C182,"D, Part II: Apportionment - IRF",05800,00500,Settlement Amount,APPORTIONMENT OF INPATIENT ANCILLARY SERVICE CAPITAL COSTS,nan
D_2_IRF_C5_59,Inpatient Rehabilitation Facility | Line 59 | Col 5,ROLLUP,D00C182,"D, Part II: Apportionment - IRF",05900,00500,Settlement Amount,APPORTIONMENT OF INPATIENT ANCILLARY SERVICE CAPITAL COSTS,nan
D_2_IRF_C5_64,Inpatient Rehabilitation Facility | Line 64 | Col 5,ROLLUP,D00C182,"D, Part II: Apportionment - IRF",06400,00500,Settlement Amount,APPORTIONMENT OF INPATIENT ANCILLARY SERVICE CAPITAL COSTS,nan
D_2_IRF_C5_70,Inpatient Rehabilitation Facility | Line 70 | Col 5,ROLLUP,D00C182,"D, Part II: Apportionment - IRF",07000,00500,Settlement Amount,APPORTIONMENT OF INPATIENT ANCILLARY SERVICE CAPITAL COSTS,nan
D_2_IRF_C5_75,Inpatient Rehabilitation Facility | Line 75 | Col 5,ROLLUP,D00C182,"D, Part II: Apportionment - IRF",07500,00500,Settlement Amount,APPORTIONMENT OF INPATIENT ANCILLARY SERVICE CAPITAL COSTS,nan
D_2_IRF_C5_90,Inpatient Rehabilitation Facility | Line 90 | Col 5,ROLLUP,D00C182,"D, Part II: Apportionment - IRF",09000,00500,Settlement Amount,APPORTIONMENT OF INPATIENT ANCILLARY SERVICE CAPITAL COSTS,nan
D_2_IRF_C5_91,Inpatient Rehabilitation Facility | Line 91 | Col 5,ROLLUP,D00C182,"D, Part II: Apportionment - IRF",09100,00500,Settlement Amount,APPORTIONMENT OF INPATIENT ANCILLARY SERVICE CAPITAL COSTS,nan
D_3_HOS_C9_34,Surgical Intensive Care Unit,ROLLUP,D00A183,"D, Part III: Apportionment - Hospital",03400,00900,APPORTIONMENT OF INPATIENT ROUTINE SERVICE OTHER PASS THROUGH COSTS,APPORTIONMENT OF INPATIENT ROUTINE SERVICE OTHER PASS THROUGH COSTS,nan
D_4_HOS_C10_64,Intravenous Therapy,ROLLUP,D00A184,"D, Part IV: Apportionment - Hospital",06400,01000,Tentative Settlement,APPORTIONMENT OF INPATIENT/OUTPATIENT ANCILLARY SERVICE OTHER PASS THROUGH COSTS,nan
D_4_HOS_C10_75,ASC (Non Distinct Part),ROLLUP,D00A184,"D, Part IV: Apportionment - Hospital",07500,01000,Tentative Settlement,APPORTIONMENT OF INPATIENT/OUTPATIENT ANCILLARY SERVICE OTHER PASS THROUGH COSTS,nan
D_4_HOS_C10_93,Other Outpatient Services,ROLLUP,D00A184,"D, Part IV: Apportionment - Hospital",09300,01000,Tentative Settlement,APPORTIONMENT OF INPATIENT/OUTPATIENT ANCILLARY SERVICE OTHER PASS THROUGH COSTS,nan
D_4_HOS_C12_64,Intravenous Therapy,ROLLUP,D00A184,"D, Part IV: Apportionment - Hospital",06400,01200,Amount Due To/From Provider,APPORTIONMENT OF INPATIENT/OUTPATIENT ANCILLARY SERVICE OTHER PASS THROUGH COSTS,nan
D_4_HOS_C12_75,ASC (Non Distinct Part),ROLLUP,D00A184,"D, Part IV: Apportionment - Hospital",07500,01200,Amount Due To/From Provider,APPORTIONMENT OF INPATIENT/OUTPATIENT ANCILLARY SERVICE OTHER PASS THROUGH COSTS,nan
D_4_HOS_C12_93,Other Outpatient Services,ROLLUP,D00A184,"D, Part IV: Apportionment - Hospital",09300,01200,Amount Due To/From Provider,APPORTIONMENT OF INPATIENT/OUTPATIENT ANCILLARY SERVICE OTHER PASS THROUGH COSTS,nan
D_4_IPF_C11_73,Drugs Charged to Patients,ROLLUP,D00B184,"D, Part IV: Apportionment - IPF",07300,01100,Net Settlement Amount,APPORTIONMENT OF INPATIENT/OUTPATIENT ANCILLARY SERVICE OTHER PASS THROUGH COSTS,nan
D_5_HOS_C2_64,Intravenous Therapy,ROLLUP,D00A185,"D, Part V: Apportionment - Hospital",06400,00200,APPORTIONMENT OF MEDICAL AND OTHER HEALTH SERVICES - PPS REIMBURSED SERVICES -  CHARGES,APPORTIONMENT OF MEDICAL AND OTHER HEALTH SERVICES,PPS REIMBURSED SERVICES -  CHARGES
D_5_HOS_C2_75,ASC (Non Distinct Part),ROLLUP,D00A185,"D, Part V: Apportionment - Hospital",07500,00200,APPORTIONMENT OF MEDICAL AND OTHER HEALTH SERVICES - PPS REIMBURSED SERVICES -  CHARGES,APPORTIONMENT OF MEDICAL AND OTHER HEALTH SERVICES,PPS REIMBURSED SERVICES -  CHARGES
D_5_HOS_C2_93,Other Outpatient Services,ROLLUP,D00A185,"D, Part V: Apportionment - Hospital",09300,00200,APPORTIONMENT OF MEDICAL AND OTHER HEALTH SERVICES - PPS REIMBURSED SERVICES -  CHARGES,APPORTIONMENT OF MEDICAL AND OTHER HEALTH SERVICES,PPS REIMBURSED SERVICES -  CHARGES
D_5_HOS_C5_64,Intravenous Therapy,ROLLUP,D00A185,"D, Part V: Apportionment - Hospital",06400,00500,APPORTIONMENT OF MEDICAL AND OTHER HEALTH SERVICES - PPS SERVICES COST,APPORTIONMENT OF MEDICAL AND OTHER HEALTH SERVICES,PPS SERVICES COST
D_5_HOS_C5_75,ASC (Non Distinct Part),ROLLUP,D00A185,"D, Part V: Apportionment - Hospital",07500,00500,APPORTIONMENT OF MEDICAL AND OTHER HEALTH SERVICES - PPS SERVICES COST,APPORTIONMENT OF MEDICAL AND OTHER HEALTH SERVICES,PPS SERVICES COST
D_5_HOS_C5_93,Other Outpatient Services,ROLLUP,D00A185,"D, Part V: Apportionment - Hospital",09300,00500,APPORTIONMENT OF MEDICAL AND OTHER HEALTH SERVICES - PPS SERVICES COST,APPORTIONMENT OF MEDICAL AND OTHER HEALTH SERVICES,PPS SERVICES COST
G2_C1_14,Line 14 | Col 1,ROLLUP,G200000,G-2: Statement of Changes in Fund Balance,01400,00100,General Fund,nan,nan
S3_1_C2_11,Surgical Intensive Care Unit,ROLLUP,S300001,"S-3, Part I: Utilization Data",01100,00200,Inpatient Days (Title V & XVIII),NUMBER OF BEDS,nan
S3_1_C3_11,Surgical Intensive Care Unit,ROLLUP,S300001,"S-3, Part I: Utilization Data",01100,00300,Inpatient Days (Title XVIII Medicare),BED DAYS AVAILABLE,nan
S3_1_C6_11,Surgical Intensive Care Unit,ROLLUP,S300001,"S-3, Part I: Utilization Data",01100,00600,Total Inpatient Days,Medicare Inpatient Days/Outpatient Visits,nan
S3_1_C7_11,Surgical Intensive Care Unit,ROLLUP,S300001,"S-3, Part I: Utilization Data",01100,00700,% Medicare Days / Total Days,Medicaid Inpatient Days/Outpatient Visits,nan
S3_1_C7_12,Other Special Care,ROLLUP,S300001,"S-3, Part I: Utilization Data",01200,00700,% Medicare Days / Total Days,Medicaid Inpatient Days/Outpatient Visits,nan
S3_1_C8_11,Surgical Intensive Care Unit,ROLLUP,S300001,"S-3, Part I: Utilization Data",01100,00800,Total Discharges,Total Inpatient Days/Outpatient Visits,nan
A_C6_6,Maintenance and Repairs,ROLLUP,A000000,A: Reclassification & Adjustment of Trial Balance,00600,00600,Reclassified Net Expenses,TRIAL BALANCE OF EXPENSE ACCOUNTS,nan
A_C6_68,Speech Pathology,ROLLUP,A000000,A: Reclassification & Adjustment of Trial Balance,06800,00600,Reclassified Net Expenses,TRIAL BALANCE OF EXPENSE ACCOUNTS,nan
D_5_HOS_C3_50,Operating Room,ROLLUP,D00A185,"D, Part V: Apportionment - Hospital",05000,00300,APPORTIONMENT OF MEDICAL AND OTHER HEALTH SERVICES - COST REIMBURSED SERVICES SUBJECT TO DEDUCTIBLES  AND COINSURANCE - CHARGES,APPORTIONMENT OF MEDICAL AND OTHER HEALTH SERVICES,COST REIMBURSED SERVICES SUBJECT TO DEDUCTIBLES  AND COINSURANCE - CHARGES
D_5_HOS_C3_65,Respiratory Therapy,ROLLUP,D00A185,"D, Part V: Apportionment - Hospital",06500,00300,APPORTIONMENT OF MEDICAL AND OTHER HEALTH SERVICES - COST REIMBURSED SERVICES SUBJECT TO DEDUCTIBLES  AND COINSURANCE - CHARGES,APPORTIONMENT OF MEDICAL AND OTHER HEALTH SERVICES,COST REIMBURSED SERVICES SUBJECT TO DEDUCTIBLES  AND COINSURANCE - CHARGES
D_5_HOS_C3_67,Occupational Therapy,ROLLUP,D00A185,"D, Part V: Apportionment - Hospital",06700,00300,APPORTIONMENT OF MEDICAL AND OTHER HEALTH SERVICES - COST REIMBURSED SERVICES SUBJECT TO DEDUCTIBLES  AND COINSURANCE - CHARGES,APPORTIONMENT OF MEDICAL AND OTHER HEALTH SERVICES,COST REIMBURSED SERVICES SUBJECT TO DEDUCTIBLES  AND COINSURANCE - CHARGES
D_5_HOS_C3_68,Speech Pathology,ROLLUP,D00A185,"D, Part V: Apportionment - Hospital",06800,00300,APPORTIONMENT OF MEDICAL AND OTHER HEALTH SERVICES - COST REIMBURSED SERVICES SUBJECT TO DEDUCTIBLES  AND COINSURANCE - CHARGES,APPORTIONMENT OF MEDICAL AND OTHER HEALTH SERVICES,COST REIMBURSED SERVICES SUBJECT TO DEDUCTIBLES  AND COINSURANCE - CHARGES
D_5_HOS_C3_72,Impl. Dev. Charged to Patients,ROLLUP,D00A185,"D, Part V: Apportionment - Hospital",07200,00300,APPORTIONMENT OF MEDICAL AND OTHER HEALTH SERVICES - COST REIMBURSED SERVICES SUBJECT TO DEDUCTIBLES  AND COINSURANCE - CHARGES,APPORTIONMENT OF MEDICAL AND OTHER HEALTH SERVICES,COST REIMBURSED SERVICES SUBJECT TO DEDUCTIBLES  AND COINSURANCE - CHARGES
D_5_HOS_C3_76,Other Ancillary,ROLLUP,D00A185,"D, Part V: Apportionment - Hospital",07600,00300,APPORTIONMENT OF MEDICAL AND OTHER HEALTH SERVICES - COST REIMBURSED SERVICES SUBJECT TO DEDUCTIBLES  AND COINSURANCE - CHARGES,APPORTIONMENT OF MEDICAL AND OTHER HEALTH SERVICES,COST REIMBURSED SERVICES SUBJECT TO DEDUCTIBLES  AND COINSURANCE - CHARGES
D_5_HOS_C6_50,Operating Room,ROLLUP,D00A185,"D, Part V: Apportionment - Hospital",05000,00600,APPORTIONMENT OF MEDICAL AND OTHER HEALTH SERVICES - COST SERVICES SUBJECT TO DEDUCTIBLES AND COINSURANCE - COST,APPORTIONMENT OF MEDICAL AND OTHER HEALTH SERVICES,COST SERVICES SUBJECT TO DEDUCTIBLES AND COINSURANCE - COST
D_5_HOS_C6_65,Respiratory Therapy,ROLLUP,D00A185,"D, Part V: Apportionment - Hospital",06500,00600,APPORTIONMENT OF MEDICAL AND OTHER HEALTH SERVICES - COST SERVICES SUBJECT TO DEDUCTIBLES AND COINSURANCE - COST,APPORTIONMENT OF MEDICAL AND OTHER HEALTH SERVICES,COST SERVICES SUBJECT TO DEDUCTIBLES AND COINSURANCE - COST
D_5_HOS_C6_67,Occupational Therapy,ROLLUP,D00A185,"D, Part V: Apportionment - Hospital",06700,00600,APPORTIONMENT OF MEDICAL AND OTHER HEALTH SERVICES - COST SERVICES SUBJECT TO DEDUCTIBLES AND COINSURANCE - COST,APPORTIONMENT OF MEDICAL AND OTHER HEALTH SERVICES,COST SERVICES SUBJECT TO DEDUCTIBLES AND COINSURANCE - COST
D_5_HOS_C6_68,Speech Pathology,ROLLUP,D00A185,"D, Part V: Apportionment - Hospital",06800,00600,APPORTIONMENT OF MEDICAL AND OTHER HEALTH SERVICES - COST SERVICES SUBJECT TO DEDUCTIBLES AND COINSURANCE - COST,APPORTIONMENT OF MEDICAL AND OTHER HEALTH SERVICES,COST SERVICES SUBJECT TO DEDUCTIBLES AND COINSURANCE - COST
D_5_HOS_C6_72,Impl. Dev. Charged to Patients,ROLLUP,D00A185,"D, Part V: Apportionment - Hospital",07200,00600,APPORTIONMENT OF MEDICAL AND OTHER HEALTH SERVICES - COST SERVICES SUBJECT TO DEDUCTIBLES AND COINSURANCE - COST,APPORTIONMENT OF MEDICAL AND OTHER HEALTH SERVICES,COST SERVICES SUBJECT TO DEDUCTIBLES AND COINSURANCE - COST
D_5_HOS_C6_76,Other Ancillary,ROLLUP,D00A185,"D, Part V: Apportionment - Hospital",07600,00600,APPORTIONMENT OF MEDICAL AND OTHER HEALTH SERVICES - COST SERVICES SUBJECT TO DEDUCTIBLES AND COINSURANCE - COST,APPORTIONMENT OF MEDICAL AND OTHER HEALTH SERVICES,COST SERVICES SUBJECT TO DEDUCTIBLES AND COINSURANCE - COST
G_C1THRU4_21,"Balance Sheet Cols 1-4, Line 21",ROLLUP,G000000,G: Balance Sheet,02100,00100,Current Period End,BALANCE SHEET,nan
A_C6_9,Housekeeping,ROLLUP,A000000,A: Reclassification & Adjustment of Trial Balance,00900,00600,Reclassified Net Expenses,TRIAL BALANCE OF EXPENSE ACCOUNTS,nan
G_C1THRU4_54,"Balance Sheet Cols 1-4, Line 54",ROLLUP,G000000,G: Balance Sheet,05400,00100,Current Period End,BALANCE SHEET,nan
G_C1THRU4_55,"Balance Sheet Cols 1-4, Line 55",ROLLUP,G000000,G: Balance Sheet,05500,00100,Current Period End,BALANCE SHEET,nan
A_C2_62,Whole Blood & Packed Red Blood Cells,ROLLUP,A000000,A: Reclassification & Adjustment of Trial Balance,06200,00200,Other Costs,TRIAL BALANCE OF EXPENSE ACCOUNTS,nan
B_1_C26_62,Whole Blood & Packed Red Blood Cells,ROLLUP,B000001,"B, Part I: Cost Allocation - General",06200,02600,Stat Basis / Total,COST ALLOCATION,nan
B_2_C26_62,Whole Blood & Packed Red Blood Cells,ROLLUP,B000002,"B, Part II: Cost Allocation",06200,02600,ALLOCATION OF NEW CAPITAL COSTS - TOTAL CAPITAL COSTS AFTER COST ALLOCATION,ALLOCATION OF NEW CAPITAL COSTS,TOTAL CAPITAL COSTS AFTER COST ALLOCATION
C_1_C5_62,Whole Blood & Packed Red Blood Cells,ROLLUP,C000001,"C, Part I: Ancillary & Outpatient Cost",06200,00500,Medicare Charges (Title XVIII PPS),COMPUTATION OF RATIO OF COST TO CHARGES,nan
C_1_C6_62,Whole Blood & Packed Red Blood Cells,ROLLUP,C000001,"C, Part I: Ancillary & Outpatient Cost",06200,00600,Medicare Charges (Title XVIII Other),COMPUTATION OF RATIO OF COST TO CHARGES,Total Inpatient Charges
C_1_C7_62,Whole Blood & Packed Red Blood Cells,ROLLUP,C000001,"C, Part I: Ancillary & Outpatient Cost",06200,00700,Total Medicare Charges (Title XVIII),COMPUTATION OF RATIO OF COST TO CHARGES,Total Outpatient Charges
D3_HOS_C2_62,Whole Blood & Packed Red Blood Cells,ROLLUP,D30A180,D-3: Apportionment - Hospital,06200,00200,Medicare Charges,INPATIENT ANCILLARY SERVICE COST APPORTIONMENT,nan
D3_HOS_C3_62,Whole Blood & Packed Red Blood Cells,ROLLUP,D30A180,D-3: Apportionment - Hospital,06200,00300,Cost / Charge Ratio,INPATIENT ANCILLARY SERVICE COST APPORTIONMENT,nan
D_2_HOS_C5_62,Hospital | Line 62 | Col 5,ROLLUP,D00A182,"D, Part II: Apportionment - Hospital",06200,00500,Settlement Amount,nan,nan
D_4_HOS_C10_62,Whole Blood & Packed Red Blood Cells,ROLLUP,D00A184,"D, Part IV: Apportionment - Hospital",06200,01000,Tentative Settlement,APPORTIONMENT OF INPATIENT/OUTPATIENT ANCILLARY SERVICE OTHER PASS THROUGH COSTS,nan
D_4_HOS_C12_62,Whole Blood & Packed Red Blood Cells,ROLLUP,D00A184,"D, Part IV: Apportionment - Hospital",06200,01200,Amount Due To/From Provider,APPORTIONMENT OF INPATIENT/OUTPATIENT ANCILLARY SERVICE OTHER PASS THROUGH COSTS,nan
D_5_HOS_C2_62,Whole Blood & Packed Red Blood Cells,ROLLUP,D00A185,"D, Part V: Apportionment - Hospital",06200,00200,APPORTIONMENT OF MEDICAL AND OTHER HEALTH SERVICES - PPS REIMBURSED SERVICES -  CHARGES,APPORTIONMENT OF MEDICAL AND OTHER HEALTH SERVICES,PPS REIMBURSED SERVICES -  CHARGES
D_5_HOS_C5_62,Whole Blood & Packed Red Blood Cells,ROLLUP,D00A185,"D, Part V: Apportionment - Hospital",06200,00500,APPORTIONMENT OF MEDICAL AND OTHER HEALTH SERVICES - PPS SERVICES COST,APPORTIONMENT OF MEDICAL AND OTHER HEALTH SERVICES,PPS SERVICES COST
A_C1_11,Cafeteria,ROLLUP,A000000,A: Reclassification & Adjustment of Trial Balance,01100,00100,Salaries,TRIAL BALANCE OF EXPENSE ACCOUNTS,nan
A_C2_11,Cafeteria,ROLLUP,A000000,A: Reclassification & Adjustment of Trial Balance,01100,00200,Other Costs,TRIAL BALANCE OF EXPENSE ACCOUNTS,nan
A7_3_C7_1,New Cap Related Csts Bldg & Fixtures,ROLLUP,A700003,"A-7, Part III: Capital Assets",00100,00700,RECONCILIATION OF CAPITAL COST CENTERS - Other Capital Related Costs,RECONCILIATION OF CAPITAL COST CENTERS,Other Capital Related Costs
A7_3_C7_2,New Cap Related Csts Movable Equipment,ROLLUP,A700003,"A-7, Part III: Capital Assets",00200,00700,RECONCILIATION OF CAPITAL COST CENTERS - Other Capital Related Costs,RECONCILIATION OF CAPITAL COST CENTERS,Other Capital Related Costs
A_C6_192,Physicians' Private Office,ROLLUP,A000000,A: Reclassification & Adjustment of Trial Balance,19200,00600,Reclassified Net Expenses,TRIAL BALANCE OF EXPENSE ACCOUNTS,nan
D_5_HOS_C3_51,Recovery Room,ROLLUP,D00A185,"D, Part V: Apportionment - Hospital",05100,00300,APPORTIONMENT OF MEDICAL AND OTHER HEALTH SERVICES - COST REIMBURSED SERVICES SUBJECT TO DEDUCTIBLES  AND COINSURANCE - CHARGES,APPORTIONMENT OF MEDICAL AND OTHER HEALTH SERVICES,COST REIMBURSED SERVICES SUBJECT TO DEDUCTIBLES  AND COINSURANCE - CHARGES
D_5_HOS_C3_63,"Blood Storing, Processing, Trans",ROLLUP,D00A185,"D, Part V: Apportionment - Hospital",06300,00300,APPORTIONMENT OF MEDICAL AND OTHER HEALTH SERVICES - COST REIMBURSED SERVICES SUBJECT TO DEDUCTIBLES  AND COINSURANCE - CHARGES,APPORTIONMENT OF MEDICAL AND OTHER HEALTH SERVICES,COST REIMBURSED SERVICES SUBJECT TO DEDUCTIBLES  AND COINSURANCE - CHARGES
D_5_HOS_C3_69,Electrocardiology,ROLLUP,D00A185,"D, Part V: Apportionment - Hospital",06900,00300,APPORTIONMENT OF MEDICAL AND OTHER HEALTH SERVICES - COST REIMBURSED SERVICES SUBJECT TO DEDUCTIBLES  AND COINSURANCE - CHARGES,APPORTIONMENT OF MEDICAL AND OTHER HEALTH SERVICES,COST REIMBURSED SERVICES SUBJECT TO DEDUCTIBLES  AND COINSURANCE - CHARGES
D_5_HOS_C3_90,Clinic,ROLLUP,D00A185,"D, Part V: Apportionment - Hospital",09000,00300,APPORTIONMENT OF MEDICAL AND OTHER HEALTH SERVICES - COST REIMBURSED SERVICES SUBJECT TO DEDUCTIBLES  AND COINSURANCE - CHARGES,APPORTIONMENT OF MEDICAL AND OTHER HEALTH SERVICES,COST REIMBURSED SERVICES SUBJECT TO DEDUCTIBLES  AND COINSURANCE - CHARGES
D_5_HOS_C4_60,Laboratory,ROLLUP,D00A185,"D, Part V: Apportionment - Hospital",06000,00400,APPORTIONMENT OF MEDICAL AND OTHER HEALTH SERVICES - COST REIMBURSED SERVICES NOT SUBJECT TO DEDUCTIBLES AND COINSURANCE - CHARGES,APPORTIONMENT OF MEDICAL AND OTHER HEALTH SERVICES,COST REIMBURSED SERVICES NOT SUBJECT TO DEDUCTIBLES AND COINSURANCE - CHARGES
D_5_HOS_C4_65,Respiratory Therapy,ROLLUP,D00A185,"D, Part V: Apportionment - Hospital",06500,00400,APPORTIONMENT OF MEDICAL AND OTHER HEALTH SERVICES - COST REIMBURSED SERVICES NOT SUBJECT TO DEDUCTIBLES AND COINSURANCE - CHARGES,APPORTIONMENT OF MEDICAL AND OTHER HEALTH SERVICES,COST REIMBURSED SERVICES NOT SUBJECT TO DEDUCTIBLES AND COINSURANCE - CHARGES
D_5_HOS_C6_51,Recovery Room,ROLLUP,D00A185,"D, Part V: Apportionment - Hospital",05100,00600,APPORTIONMENT OF MEDICAL AND OTHER HEALTH SERVICES - COST SERVICES SUBJECT TO DEDUCTIBLES AND COINSURANCE - COST,APPORTIONMENT OF MEDICAL AND OTHER HEALTH SERVICES,COST SERVICES SUBJECT TO DEDUCTIBLES AND COINSURANCE - COST
D_5_HOS_C6_63,"Blood Storing, Processing, Trans",ROLLUP,D00A185,"D, Part V: Apportionment - Hospital",06300,00600,APPORTIONMENT OF MEDICAL AND OTHER HEALTH SERVICES - COST SERVICES SUBJECT TO DEDUCTIBLES AND COINSURANCE - COST,APPORTIONMENT OF MEDICAL AND OTHER HEALTH SERVICES,COST SERVICES SUBJECT TO DEDUCTIBLES AND COINSURANCE - COST
D_5_HOS_C6_69,Electrocardiology,ROLLUP,D00A185,"D, Part V: Apportionment - Hospital",06900,00600,APPORTIONMENT OF MEDICAL AND OTHER HEALTH SERVICES - COST SERVICES SUBJECT TO DEDUCTIBLES AND COINSURANCE - COST,APPORTIONMENT OF MEDICAL AND OTHER HEALTH SERVICES,COST SERVICES SUBJECT TO DEDUCTIBLES AND COINSURANCE - COST
D_5_HOS_C6_90,Clinic,ROLLUP,D00A185,"D, Part V: Apportionment - Hospital",09000,00600,APPORTIONMENT OF MEDICAL AND OTHER HEALTH SERVICES - COST SERVICES SUBJECT TO DEDUCTIBLES AND COINSURANCE - COST,APPORTIONMENT OF MEDICAL AND OTHER HEALTH SERVICES,COST SERVICES SUBJECT TO DEDUCTIBLES AND COINSURANCE - COST
D_5_HOS_C7_60,Laboratory,ROLLUP,D00A185,"D, Part V: Apportionment - Hospital",06000,00700,APPORTIONMENT OF MEDICAL AND OTHER HEALTH SERVICES - COST SERVICES NOT SUBJECT TO DEDUCTIBLES AND COINSURANCE - COST,APPORTIONMENT OF MEDICAL AND OTHER HEALTH SERVICES,COST SERVICES NOT SUBJECT TO DEDUCTIBLES AND COINSURANCE - COST
D_5_HOS_C7_65,Respiratory Therapy,ROLLUP,D00A185,"D, Part V: Apportionment - Hospital",06500,00700,APPORTIONMENT OF MEDICAL AND OTHER HEALTH SERVICES - COST SERVICES NOT SUBJECT TO DEDUCTIBLES AND COINSURANCE - COST,APPORTIONMENT OF MEDICAL AND OTHER HEALTH SERVICES,COST SERVICES NOT SUBJECT TO DEDUCTIBLES AND COINSURANCE - COST
A_C2_96,Durable Medical Equipment Rented,ROLLUP,A000000,A: Reclassification & Adjustment of Trial Balance,09600,00200,Other Costs,TRIAL BALANCE OF EXPENSE ACCOUNTS,nan
A_C6_64,Intravenous Therapy,ROLLUP,A000000,A: Reclassification & Adjustment of Trial Balance,06400,00600,Reclassified Net Expenses,TRIAL BALANCE OF EXPENSE ACCOUNTS,nan
B_1_C0_96,Durable Medical Equipment Rented,ROLLUP,B000001,"B, Part I: Cost Allocation - General",09600,00000,Statistical Basis / Cost Center,COST ALLOCATION,Net Expense for Cost Allocation
B_1_C26_96,Durable Medical Equipment Rented,ROLLUP,B000001,"B, Part I: Cost Allocation - General",09600,02600,Stat Basis / Total,COST ALLOCATION,nan
B_2_C26_96,Durable Medical Equipment Rented,ROLLUP,B000002,"B, Part II: Cost Allocation",09600,02600,ALLOCATION OF NEW CAPITAL COSTS - TOTAL CAPITAL COSTS AFTER COST ALLOCATION,ALLOCATION OF NEW CAPITAL COSTS,nan
C_1_C5_96,Durable Medical Equipment Rented,ROLLUP,C000001,"C, Part I: Ancillary & Outpatient Cost",09600,00500,Medicare Charges (Title XVIII PPS),COMPUTATION OF RATIO OF COST TO CHARGES,nan
C_1_C7_96,Durable Medical Equipment Rented,ROLLUP,C000001,"C, Part I: Ancillary & Outpatient Cost",09600,00700,Total Medicare Charges (Title XVIII),COMPUTATION OF RATIO OF COST TO CHARGES,nan
D3_IPF_C2_53,Anesthesiology,ROLLUP,D30B180,D-3: Apportionment - IPF,05300,00200,Medicare Charges,INPATIENT ANCILLARY SERVICE COST APPORTIONMENT,nan
D3_IPF_C2_63,"Blood Storing, Processing, Trans",ROLLUP,D30B180,D-3: Apportionment - IPF,06300,00200,Medicare Charges,INPATIENT ANCILLARY SERVICE COST APPORTIONMENT,nan
D3_IPF_C3_53,Anesthesiology,ROLLUP,D30B180,D-3: Apportionment - IPF,05300,00300,Cost / Charge Ratio,INPATIENT ANCILLARY SERVICE COST APPORTIONMENT,nan
D3_IPF_C3_63,"Blood Storing, Processing, Trans",ROLLUP,D30B180,D-3: Apportionment - IPF,06300,00300,Cost / Charge Ratio,INPATIENT ANCILLARY SERVICE COST APPORTIONMENT,nan
D3_IRF_C2_53,Anesthesiology,ROLLUP,D30C180,D-3: Apportionment - IRF,05300,00200,Medicare Charges,INPATIENT ANCILLARY SERVICE COST APPORTIONMENT,nan
D3_IRF_C3_53,Anesthesiology,ROLLUP,D30C180,D-3: Apportionment - IRF,05300,00300,Cost / Charge Ratio,INPATIENT ANCILLARY SERVICE COST APPORTIONMENT,nan
D_2_IPF_C5_53,Inpatient Psychiatric Facility | Line 53 | Col 5,ROLLUP,D00B182,"D, Part II: Apportionment - IPF",05300,00500,Settlement Amount,APPORTIONMENT OF INPATIENT ANCILLARY SERVICE CAPITAL COSTS,nan
D_2_IPF_C5_63,Inpatient Psychiatric Facility | Line 63 | Col 5,ROLLUP,D00B182,"D, Part II: Apportionment - IPF",06300,00500,Settlement Amount,APPORTIONMENT OF INPATIENT ANCILLARY SERVICE CAPITAL COSTS,nan
D_2_IRF_C5_53,Inpatient Rehabilitation Facility | Line 53 | Col 5,ROLLUP,D00C182,"D, Part II: Apportionment - IRF",05300,00500,Settlement Amount,APPORTIONMENT OF INPATIENT ANCILLARY SERVICE CAPITAL COSTS,nan
D_5_HOS_C4_50,Operating Room,ROLLUP,D00A185,"D, Part V: Apportionment - Hospital",05000,00400,APPORTIONMENT OF MEDICAL AND OTHER HEALTH SERVICES - COST REIMBURSED SERVICES NOT SUBJECT TO DEDUCTIBLES AND COINSURANCE - CHARGES,APPORTIONMENT OF MEDICAL AND OTHER HEALTH SERVICES,COST REIMBURSED SERVICES NOT SUBJECT TO DEDUCTIBLES AND COINSURANCE - CHARGES
D_5_HOS_C4_53,Anesthesiology,ROLLUP,D00A185,"D, Part V: Apportionment - Hospital",05300,00400,APPORTIONMENT OF MEDICAL AND OTHER HEALTH SERVICES - COST REIMBURSED SERVICES NOT SUBJECT TO DEDUCTIBLES AND COINSURANCE - CHARGES,APPORTIONMENT OF MEDICAL AND OTHER HEALTH SERVICES,COST REIMBURSED SERVICES NOT SUBJECT TO DEDUCTIBLES AND COINSURANCE - CHARGES
D_5_HOS_C4_56,Radioisotope,ROLLUP,D00A185,"D, Part V: Apportionment - Hospital",05600,00400,APPORTIONMENT OF MEDICAL AND OTHER HEALTH SERVICES - COST REIMBURSED SERVICES NOT SUBJECT TO DEDUCTIBLES AND COINSURANCE - CHARGES,APPORTIONMENT OF MEDICAL AND OTHER HEALTH SERVICES,COST REIMBURSED SERVICES NOT SUBJECT TO DEDUCTIBLES AND COINSURANCE - CHARGES
D_5_HOS_C4_57,CT Scan,ROLLUP,D00A185,"D, Part V: Apportionment - Hospital",05700,00400,APPORTIONMENT OF MEDICAL AND OTHER HEALTH SERVICES - COST REIMBURSED SERVICES NOT SUBJECT TO DEDUCTIBLES AND COINSURANCE - CHARGES,APPORTIONMENT OF MEDICAL AND OTHER HEALTH SERVICES,COST REIMBURSED SERVICES NOT SUBJECT TO DEDUCTIBLES AND COINSURANCE - CHARGES
D_5_HOS_C4_64,Intravenous Therapy,ROLLUP,D00A185,"D, Part V: Apportionment - Hospital",06400,00400,APPORTIONMENT OF MEDICAL AND OTHER HEALTH SERVICES - COST REIMBURSED SERVICES NOT SUBJECT TO DEDUCTIBLES AND COINSURANCE - CHARGES,APPORTIONMENT OF MEDICAL AND OTHER HEALTH SERVICES,COST REIMBURSED SERVICES NOT SUBJECT TO DEDUCTIBLES AND COINSURANCE - CHARGES
D_5_HOS_C4_93,Other Outpatient Services,ROLLUP,D00A185,"D, Part V: Apportionment - Hospital",09300,00400,APPORTIONMENT OF MEDICAL AND OTHER HEALTH SERVICES - COST REIMBURSED SERVICES NOT SUBJECT TO DEDUCTIBLES AND COINSURANCE - CHARGES,APPORTIONMENT OF MEDICAL AND OTHER HEALTH SERVICES,COST REIMBURSED SERVICES NOT SUBJECT TO DEDUCTIBLES AND COINSURANCE - CHARGES
D_5_HOS_C7_50,Operating Room,ROLLUP,D00A185,"D, Part V: Apportionment - Hospital",05000,00700,APPORTIONMENT OF MEDICAL AND OTHER HEALTH SERVICES - COST SERVICES NOT SUBJECT TO DEDUCTIBLES AND COINSURANCE - COST,APPORTIONMENT OF MEDICAL AND OTHER HEALTH SERVICES,COST SERVICES NOT SUBJECT TO DEDUCTIBLES AND COINSURANCE - COST
D_5_HOS_C7_56,Radioisotope,ROLLUP,D00A185,"D, Part V: Apportionment - Hospital",05600,00700,APPORTIONMENT OF MEDICAL AND OTHER HEALTH SERVICES - COST SERVICES NOT SUBJECT TO DEDUCTIBLES AND COINSURANCE - COST,APPORTIONMENT OF MEDICAL AND OTHER HEALTH SERVICES,COST SERVICES NOT SUBJECT TO DEDUCTIBLES AND COINSURANCE - COST
D_5_HOS_C7_93,Other Outpatient Services,ROLLUP,D00A185,"D, Part V: Apportionment - Hospital",09300,00700,APPORTIONMENT OF MEDICAL AND OTHER HEALTH SERVICES - COST SERVICES NOT SUBJECT TO DEDUCTIBLES AND COINSURANCE - COST,APPORTIONMENT OF MEDICAL AND OTHER HEALTH SERVICES,COST SERVICES NOT SUBJECT TO DEDUCTIBLES AND COINSURANCE - COST
G_C1THRU4_27,"Balance Sheet Cols 1-4, Line 27",ROLLUP,G000000,G: Balance Sheet,02700,00100,Current Period End,BALANCE SHEET,nan
G_C1THRU4_28,"Balance Sheet Cols 1-4, Line 28",ROLLUP,G000000,G: Balance Sheet,02800,00100,Current Period End,BALANCE SHEET,nan
A_C1_89,FQHC,ROLLUP,A000000,A: Reclassification & Adjustment of Trial Balance,08900,00100,Salaries,TRIAL BALANCE OF EXPENSE ACCOUNTS,nan
A_C1_9201,Observation Beds (Distinct Unit),ROLLUP,A000000,A: Reclassification & Adjustment of Trial Balance,09201,00100,Salaries,TRIAL BALANCE OF EXPENSE ACCOUNTS,nan
A_C2_89,FQHC,ROLLUP,A000000,A: Reclassification & Adjustment of Trial Balance,08900,00200,Other Costs,TRIAL BALANCE OF EXPENSE ACCOUNTS,nan
A_C2_9201,Observation Beds (Distinct Unit),ROLLUP,A000000,A: Reclassification & Adjustment of Trial Balance,09201,00200,Other Costs,TRIAL BALANCE OF EXPENSE ACCOUNTS,nan
A_C6_89,FQHC,ROLLUP,A000000,A: Reclassification & Adjustment of Trial Balance,08900,00600,Reclassified Net Expenses,TRIAL BALANCE OF EXPENSE ACCOUNTS,nan
A_C6_9201,Observation Beds (Distinct Unit),ROLLUP,A000000,A: Reclassification & Adjustment of Trial Balance,09201,00600,Reclassified Net Expenses,TRIAL BALANCE OF EXPENSE ACCOUNTS,nan
B_1_C0_89,FQHC,ROLLUP,B000001,"B, Part I: Cost Allocation - General",08900,00000,Statistical Basis / Cost Center,COST ALLOCATION,Net Expense for Cost Allocation
B_1_C0_9201,Observation Beds (Distinct Unit),ROLLUP,B000001,"B, Part I: Cost Allocation - General",09201,00000,Statistical Basis / Cost Center,COST ALLOCATION,Net Expense for Cost Allocation
B_1_C26_89,FQHC,ROLLUP,B000001,"B, Part I: Cost Allocation - General",08900,02600,Stat Basis / Total,COST ALLOCATION,nan
B_1_C26_9201,Observation Beds (Distinct Unit),ROLLUP,B000001,"B, Part I: Cost Allocation - General",09201,02600,Stat Basis / Total,COST ALLOCATION,nan
B_2_C26_89,FQHC,ROLLUP,B000002,"B, Part II: Cost Allocation",08900,02600,ALLOCATION OF NEW CAPITAL COSTS - TOTAL CAPITAL COSTS AFTER COST ALLOCATION,ALLOCATION OF NEW CAPITAL COSTS,nan
B_2_C26_9201,Observation Beds (Distinct Unit),ROLLUP,B000002,"B, Part II: Cost Allocation",09201,02600,ALLOCATION OF NEW CAPITAL COSTS - TOTAL CAPITAL COSTS AFTER COST ALLOCATION,ALLOCATION OF NEW CAPITAL COSTS,nan
C_1_C5_89,FQHC,ROLLUP,C000001,"C, Part I: Ancillary & Outpatient Cost",08900,00500,Medicare Charges (Title XVIII PPS),COMPUTATION OF RATIO OF COST TO CHARGES,nan
C_1_C5_9201,Observation Beds (Distinct Unit),ROLLUP,C000001,"C, Part I: Ancillary & Outpatient Cost",09201,00500,Medicare Charges (Title XVIII PPS),COMPUTATION OF RATIO OF COST TO CHARGES,nan
C_1_C6_9201,Observation Beds (Distinct Unit),ROLLUP,C000001,"C, Part I: Ancillary & Outpatient Cost",09201,00600,Medicare Charges (Title XVIII Other),COMPUTATION OF RATIO OF COST TO CHARGES,nan
C_1_C7_89,FQHC,ROLLUP,C000001,"C, Part I: Ancillary & Outpatient Cost",08900,00700,Total Medicare Charges (Title XVIII),COMPUTATION OF RATIO OF COST TO CHARGES,nan
C_1_C7_9201,Observation Beds (Distinct Unit),ROLLUP,C000001,"C, Part I: Ancillary & Outpatient Cost",09201,00700,Total Medicare Charges (Title XVIII),COMPUTATION OF RATIO OF COST TO CHARGES,nan
D3_HOS_C2_9201,Observation Beds (Distinct Unit),ROLLUP,D30A180,D-3: Apportionment - Hospital,09201,00200,Medicare Charges,INPATIENT ANCILLARY SERVICE COST APPORTIONMENT,nan
D3_HOS_C3_9201,Observation Beds (Distinct Unit),ROLLUP,D30A180,D-3: Apportionment - Hospital,09201,00300,Cost / Charge Ratio,INPATIENT ANCILLARY SERVICE COST APPORTIONMENT,nan
D_2_HOS_C5_9201,Hospital | Line 92.01 | Col 5,ROLLUP,D00A182,"D, Part II: Apportionment - Hospital",09201,00500,Settlement Amount,nan,nan
D_4_HOS_C10_9201,Observation Beds (Distinct Unit),ROLLUP,D00A184,"D, Part IV: Apportionment - Hospital",09201,01000,Tentative Settlement,APPORTIONMENT OF INPATIENT/OUTPATIENT ANCILLARY SERVICE OTHER PASS THROUGH COSTS,nan
D_4_HOS_C12_9201,Observation Beds (Distinct Unit),ROLLUP,D00A184,"D, Part IV: Apportionment - Hospital",09201,01200,Amount Due To/From Provider,APPORTIONMENT OF INPATIENT/OUTPATIENT ANCILLARY SERVICE OTHER PASS THROUGH COSTS,nan
D_5_HOS_C2_9201,Observation Beds (Distinct Unit),ROLLUP,D00A185,"D, Part V: Apportionment - Hospital",09201,00200,APPORTIONMENT OF MEDICAL AND OTHER HEALTH SERVICES - PPS REIMBURSED SERVICES -  CHARGES,APPORTIONMENT OF MEDICAL AND OTHER HEALTH SERVICES,PPS REIMBURSED SERVICES -  CHARGES
D_5_HOS_C5_9201,Observation Beds (Distinct Unit),ROLLUP,D00A185,"D, Part V: Apportionment - Hospital",09201,00500,APPORTIONMENT OF MEDICAL AND OTHER HEALTH SERVICES - PPS SERVICES COST,APPORTIONMENT OF MEDICAL AND OTHER HEALTH SERVICES,PPS SERVICES COST
G2_C2_21,Line 21 | Col 2,ROLLUP,G200000,G-2: Statement of Changes in Fund Balance,02100,00200,Specific Purpose Fund,nan,nan
G_C1THRU4_29,"Balance Sheet Cols 1-4, Line 29",ROLLUP,G000000,G: Balance Sheet,02900,00100,Current Period End,BALANCE SHEET,nan
A_C6_51,Recovery Room,ROLLUP,A000000,A: Reclassification & Adjustment of Trial Balance,05100,00600,Reclassified Net Expenses,TRIAL BALANCE OF EXPENSE ACCOUNTS,nan
D_5_HOS_C4_51,Recovery Room,ROLLUP,D00A185,"D, Part V: Apportionment - Hospital",05100,00400,APPORTIONMENT OF MEDICAL AND OTHER HEALTH SERVICES - COST REIMBURSED SERVICES NOT SUBJECT TO DEDUCTIBLES AND COINSURANCE - CHARGES,APPORTIONMENT OF MEDICAL AND OTHER HEALTH SERVICES,COST REIMBURSED SERVICES NOT SUBJECT TO DEDUCTIBLES AND COINSURANCE - CHARGES
D_5_HOS_C7_51,Recovery Room,ROLLUP,D00A185,"D, Part V: Apportionment - Hospital",05100,00700,APPORTIONMENT OF MEDICAL AND OTHER HEALTH SERVICES - COST SERVICES NOT SUBJECT TO DEDUCTIBLES AND COINSURANCE - COST,APPORTIONMENT OF MEDICAL AND OTHER HEALTH SERVICES,COST SERVICES NOT SUBJECT TO DEDUCTIBLES AND COINSURANCE - COST
B_1_C0_19,Nonphysician Anesthetists,ROLLUP,B000001,"B, Part I: Cost Allocation - General",01900,00000,Statistical Basis / Cost Center,COST ALLOCATION,Net Expense for Cost Allocation
D_4_HOS_C1_53,Anesthesiology,ROLLUP,D00A184,"D, Part IV: Apportionment - Hospital",05300,00100,Cost / Charge Ratio,APPORTIONMENT OF INPATIENT/OUTPATIENT ANCILLARY SERVICE OTHER PASS THROUGH COSTS,nan
B_1_C0_62,Whole Blood & Packed Red Blood Cells,ROLLUP,B000001,"B, Part I: Cost Allocation - General",06200,00000,Statistical Basis / Cost Center,COST ALLOCATION,Net Expense for Cost Allocation
A_C1_116,Hospice,ROLLUP,A000000,A: Reclassification & Adjustment of Trial Balance,11600,00100,Salaries,TRIAL BALANCE OF EXPENSE ACCOUNTS,nan
A_C1_20,Nursing School,ROLLUP,A000000,A: Reclassification & Adjustment of Trial Balance,02000,00100,Salaries,TRIAL BALANCE OF EXPENSE ACCOUNTS,nan
A_C1_33,Burn Intensive Care Unit,ROLLUP,A000000,A: Reclassification & Adjustment of Trial Balance,03300,00100,Salaries,TRIAL BALANCE OF EXPENSE ACCOUNTS,nan
A_C2_116,Hospice,ROLLUP,A000000,A: Reclassification & Adjustment of Trial Balance,11600,00200,Other Costs,TRIAL BALANCE OF EXPENSE ACCOUNTS,nan
A_C2_20,Nursing School,ROLLUP,A000000,A: Reclassification & Adjustment of Trial Balance,02000,00200,Other Costs,TRIAL BALANCE OF EXPENSE ACCOUNTS,nan
A_C2_33,Burn Intensive Care Unit,ROLLUP,A000000,A: Reclassification & Adjustment of Trial Balance,03300,00200,Other Costs,TRIAL BALANCE OF EXPENSE ACCOUNTS,nan
A_C6_193,Nonpaid Workers,ROLLUP,A000000,A: Reclassification & Adjustment of Trial Balance,19300,00600,Reclassified Net Expenses,TRIAL BALANCE OF EXPENSE ACCOUNTS,nan
A_C6_20,Nursing School,ROLLUP,A000000,A: Reclassification & Adjustment of Trial Balance,02000,00600,Reclassified Net Expenses,TRIAL BALANCE OF EXPENSE ACCOUNTS,nan
A_C6_33,Burn Intensive Care Unit,ROLLUP,A000000,A: Reclassification & Adjustment of Trial Balance,03300,00600,Reclassified Net Expenses,TRIAL BALANCE OF EXPENSE ACCOUNTS,nan
B_1_C0_116,Hospice,ROLLUP,B000001,"B, Part I: Cost Allocation - General",11600,00000,Statistical Basis / Cost Center,COST ALLOCATION,Net Expense for Cost Allocation
B_1_C0_20,Nursing School,ROLLUP,B000001,"B, Part I: Cost Allocation - General",02000,00000,Statistical Basis / Cost Center,COST ALLOCATION,Net Expense for Cost Allocation
B_1_C0_33,Burn Intensive Care Unit,ROLLUP,B000001,"B, Part I: Cost Allocation - General",03300,00000,Statistical Basis / Cost Center,COST ALLOCATION,Net Expense for Cost Allocation
B_1_C26_116,Hospice,ROLLUP,B000001,"B, Part I: Cost Allocation - General",11600,02600,Stat Basis / Total,COST ALLOCATION,nan
B_1_C26_33,Burn Intensive Care Unit,ROLLUP,B000001,"B, Part I: Cost Allocation - General",03300,02600,Stat Basis / Total,COST ALLOCATION,nan
B_2_C26_116,Hospice,ROLLUP,B000002,"B, Part II: Cost Allocation",11600,02600,ALLOCATION OF NEW CAPITAL COSTS - TOTAL CAPITAL COSTS AFTER COST ALLOCATION,ALLOCATION OF NEW CAPITAL COSTS,nan
B_2_C26_33,Burn Intensive Care Unit,ROLLUP,B000002,"B, Part II: Cost Allocation",03300,02600,ALLOCATION OF NEW CAPITAL COSTS - TOTAL CAPITAL COSTS AFTER COST ALLOCATION,ALLOCATION OF NEW CAPITAL COSTS,TOTAL CAPITAL COSTS AFTER COST ALLOCATION
C_1_C5_116,Hospice,ROLLUP,C000001,"C, Part I: Ancillary & Outpatient Cost",11600,00500,Medicare Charges (Title XVIII PPS),COMPUTATION OF RATIO OF COST TO CHARGES,nan
C_1_C5_33,Burn Intensive Care Unit,ROLLUP,C000001,"C, Part I: Ancillary & Outpatient Cost",03300,00500,Medicare Charges (Title XVIII PPS),COMPUTATION OF RATIO OF COST TO CHARGES,nan
C_1_C6_33,Burn Intensive Care Unit,ROLLUP,C000001,"C, Part I: Ancillary & Outpatient Cost",03300,00600,Medicare Charges (Title XVIII Other),COMPUTATION OF RATIO OF COST TO CHARGES,Total Inpatient Charges
C_1_C7_116,Hospice,ROLLUP,C000001,"C, Part I: Ancillary & Outpatient Cost",11600,00700,Total Medicare Charges (Title XVIII),COMPUTATION OF RATIO OF COST TO CHARGES,nan
D3_HOS_C2_33,Burn Intensive Care Unit,ROLLUP,D30A180,D-3: Apportionment - Hospital,03300,00200,Medicare Charges,INPATIENT ANCILLARY SERVICE COST APPORTIONMENT,nan
D3_IRF_C2_55,Radiology-Therapeutic,ROLLUP,D30C180,D-3: Apportionment - IRF,05500,00200,Medicare Charges,INPATIENT ANCILLARY SERVICE COST APPORTIONMENT,nan
D3_IRF_C3_55,Radiology-Therapeutic,ROLLUP,D30C180,D-3: Apportionment - IRF,05500,00300,Cost / Charge Ratio,INPATIENT ANCILLARY SERVICE COST APPORTIONMENT,nan
D_1_HOS_C4_33,Burn Intensive Care Unit,ROLLUP,D00A181,"D, Part I: Apportionment - Hospital",03300,00400,Title XVIII Days,APPORTIONMENT OF INPATIENT ROUTINE SERVICE CAPITAL COSTS,nan
D_1_HOS_C6_33,Burn Intensive Care Unit,ROLLUP,D00A181,"D, Part I: Apportionment - Hospital",03300,00600,Title XVIII Discharges,APPORTIONMENT OF INPATIENT ROUTINE SERVICE CAPITAL COSTS,nan
D_1_HOS_C7_33,Burn Intensive Care Unit,ROLLUP,D00A181,"D, Part I: Apportionment - Hospital",03300,00700,Total Days,APPORTIONMENT OF INPATIENT ROUTINE SERVICE CAPITAL COSTS,nan
D_2_IRF_C5_55,Inpatient Rehabilitation Facility | Line 55 | Col 5,ROLLUP,D00C182,"D, Part II: Apportionment - IRF",05500,00500,Settlement Amount,APPORTIONMENT OF INPATIENT ANCILLARY SERVICE CAPITAL COSTS,nan
D_3_HOS_C9_33,Burn Intensive Care Unit,ROLLUP,D00A183,"D, Part III: Apportionment - Hospital",03300,00900,APPORTIONMENT OF INPATIENT ROUTINE SERVICE OTHER PASS THROUGH COSTS,APPORTIONMENT OF INPATIENT ROUTINE SERVICE OTHER PASS THROUGH COSTS,nan
D_4_HOS_C11_53,Anesthesiology,ROLLUP,D00A184,"D, Part IV: Apportionment - Hospital",05300,01100,Net Settlement Amount,APPORTIONMENT OF INPATIENT/OUTPATIENT ANCILLARY SERVICE OTHER PASS THROUGH COSTS,nan
D_4_HOS_C11_54,Radiology-Diagnostic,ROLLUP,D00A184,"D, Part IV: Apportionment - Hospital",05400,01100,Net Settlement Amount,APPORTIONMENT OF INPATIENT/OUTPATIENT ANCILLARY SERVICE OTHER PASS THROUGH COSTS,nan
D_4_HOS_C11_55,Radiology-Therapeutic,ROLLUP,D00A184,"D, Part IV: Apportionment - Hospital",05500,01100,Net Settlement Amount,APPORTIONMENT OF INPATIENT/OUTPATIENT ANCILLARY SERVICE OTHER PASS THROUGH COSTS,nan
D_4_HOS_C11_56,Radioisotope,ROLLUP,D00A184,"D, Part IV: Apportionment - Hospital",05600,01100,Net Settlement Amount,APPORTIONMENT OF INPATIENT/OUTPATIENT ANCILLARY SERVICE OTHER PASS THROUGH COSTS,nan
D_4_HOS_C11_57,CT Scan,ROLLUP,D00A184,"D, Part IV: Apportionment - Hospital",05700,01100,Net Settlement Amount,APPORTIONMENT OF INPATIENT/OUTPATIENT ANCILLARY SERVICE OTHER PASS THROUGH COSTS,nan
D_4_HOS_C11_58,MRI,ROLLUP,D00A184,"D, Part IV: Apportionment - Hospital",05800,01100,Net Settlement Amount,APPORTIONMENT OF INPATIENT/OUTPATIENT ANCILLARY SERVICE OTHER PASS THROUGH COSTS,nan
D_4_HOS_C11_60,Laboratory,ROLLUP,D00A184,"D, Part IV: Apportionment - Hospital",06000,01100,Net Settlement Amount,APPORTIONMENT OF INPATIENT/OUTPATIENT ANCILLARY SERVICE OTHER PASS THROUGH COSTS,nan
D_4_HOS_C11_63,"Blood Storing, Processing, Trans",ROLLUP,D00A184,"D, Part IV: Apportionment - Hospital",06300,01100,Net Settlement Amount,APPORTIONMENT OF INPATIENT/OUTPATIENT ANCILLARY SERVICE OTHER PASS THROUGH COSTS,nan
D_4_HOS_C11_65,Respiratory Therapy,ROLLUP,D00A184,"D, Part IV: Apportionment - Hospital",06500,01100,Net Settlement Amount,APPORTIONMENT OF INPATIENT/OUTPATIENT ANCILLARY SERVICE OTHER PASS THROUGH COSTS,nan
D_4_HOS_C11_66,Physical Therapy,ROLLUP,D00A184,"D, Part IV: Apportionment - Hospital",06600,01100,Net Settlement Amount,APPORTIONMENT OF INPATIENT/OUTPATIENT ANCILLARY SERVICE OTHER PASS THROUGH COSTS,nan
D_4_HOS_C11_67,Occupational Therapy,ROLLUP,D00A184,"D, Part IV: Apportionment - Hospital",06700,01100,Net Settlement Amount,APPORTIONMENT OF INPATIENT/OUTPATIENT ANCILLARY SERVICE OTHER PASS THROUGH COSTS,nan
D_4_HOS_C11_68,Speech Pathology,ROLLUP,D00A184,"D, Part IV: Apportionment - Hospital",06800,01100,Net Settlement Amount,APPORTIONMENT OF INPATIENT/OUTPATIENT ANCILLARY SERVICE OTHER PASS THROUGH COSTS,nan
D_4_HOS_C11_69,Electrocardiology,ROLLUP,D00A184,"D, Part IV: Apportionment - Hospital",06900,01100,Net Settlement Amount,APPORTIONMENT OF INPATIENT/OUTPATIENT ANCILLARY SERVICE OTHER PASS THROUGH COSTS,nan
D_4_HOS_C11_70,Electroencephalography,ROLLUP,D00A184,"D, Part IV: Apportionment - Hospital",07000,01100,Net Settlement Amount,APPORTIONMENT OF INPATIENT/OUTPATIENT ANCILLARY SERVICE OTHER PASS THROUGH COSTS,nan
D_4_HOS_C11_76,Other Ancillary,ROLLUP,D00A184,"D, Part IV: Apportionment - Hospital",07600,01100,Net Settlement Amount,APPORTIONMENT OF INPATIENT/OUTPATIENT ANCILLARY SERVICE OTHER PASS THROUGH COSTS,nan
D_4_HOS_C11_90,Clinic,ROLLUP,D00A184,"D, Part IV: Apportionment - Hospital",09000,01100,Net Settlement Amount,APPORTIONMENT OF INPATIENT/OUTPATIENT ANCILLARY SERVICE OTHER PASS THROUGH COSTS,nan
D_4_HOS_C13_53,Anesthesiology,ROLLUP,D00A184,"D, Part IV: Apportionment - Hospital",05300,01300,Amount Due To/From Program,APPORTIONMENT OF INPATIENT/OUTPATIENT ANCILLARY SERVICE OTHER PASS THROUGH COSTS,nan
D_4_HOS_C13_54,Radiology-Diagnostic,ROLLUP,D00A184,"D, Part IV: Apportionment - Hospital",05400,01300,Amount Due To/From Program,APPORTIONMENT OF INPATIENT/OUTPATIENT ANCILLARY SERVICE OTHER PASS THROUGH COSTS,nan
D_4_HOS_C13_55,Radiology-Therapeutic,ROLLUP,D00A184,"D, Part IV: Apportionment - Hospital",05500,01300,Amount Due To/From Program,APPORTIONMENT OF INPATIENT/OUTPATIENT ANCILLARY SERVICE OTHER PASS THROUGH COSTS,nan
D_4_HOS_C13_56,Radioisotope,ROLLUP,D00A184,"D, Part IV: Apportionment - Hospital",05600,01300,Amount Due To/From Program,APPORTIONMENT OF INPATIENT/OUTPATIENT ANCILLARY SERVICE OTHER PASS THROUGH COSTS,nan
D_4_HOS_C13_57,CT Scan,ROLLUP,D00A184,"D, Part IV: Apportionment - Hospital",05700,01300,Amount Due To/From Program,APPORTIONMENT OF INPATIENT/OUTPATIENT ANCILLARY SERVICE OTHER PASS THROUGH COSTS,nan
D_4_HOS_C13_58,MRI,ROLLUP,D00A184,"D, Part IV: Apportionment - Hospital",05800,01300,Amount Due To/From Program,APPORTIONMENT OF INPATIENT/OUTPATIENT ANCILLARY SERVICE OTHER PASS THROUGH COSTS,nan
D_4_HOS_C13_60,Laboratory,ROLLUP,D00A184,"D, Part IV: Apportionment - Hospital",06000,01300,Amount Due To/From Program,APPORTIONMENT OF INPATIENT/OUTPATIENT ANCILLARY SERVICE OTHER PASS THROUGH COSTS,nan
D_4_HOS_C13_63,"Blood Storing, Processing, Trans",ROLLUP,D00A184,"D, Part IV: Apportionment - Hospital",06300,01300,Amount Due To/From Program,APPORTIONMENT OF INPATIENT/OUTPATIENT ANCILLARY SERVICE OTHER PASS THROUGH COSTS,nan
D_4_HOS_C13_65,Respiratory Therapy,ROLLUP,D00A184,"D, Part IV: Apportionment - Hospital",06500,01300,Amount Due To/From Program,APPORTIONMENT OF INPATIENT/OUTPATIENT ANCILLARY SERVICE OTHER PASS THROUGH COSTS,nan
D_4_HOS_C13_66,Physical Therapy,ROLLUP,D00A184,"D, Part IV: Apportionment - Hospital",06600,01300,Amount Due To/From Program,APPORTIONMENT OF INPATIENT/OUTPATIENT ANCILLARY SERVICE OTHER PASS THROUGH COSTS,nan
D_4_HOS_C13_67,Occupational Therapy,ROLLUP,D00A184,"D, Part IV: Apportionment - Hospital",06700,01300,Amount Due To/From Program,APPORTIONMENT OF INPATIENT/OUTPATIENT ANCILLARY SERVICE OTHER PASS THROUGH COSTS,nan
D_4_HOS_C13_68,Speech Pathology,ROLLUP,D00A184,"D, Part IV: Apportionment - Hospital",06800,01300,Amount Due To/From Program,APPORTIONMENT OF INPATIENT/OUTPATIENT ANCILLARY SERVICE OTHER PASS THROUGH COSTS,nan
D_4_HOS_C13_69,Electrocardiology,ROLLUP,D00A184,"D, Part IV: Apportionment - Hospital",06900,01300,Amount Due To/From Program,APPORTIONMENT OF INPATIENT/OUTPATIENT ANCILLARY SERVICE OTHER PASS THROUGH COSTS,nan
D_4_HOS_C13_70,Electroencephalography,ROLLUP,D00A184,"D, Part IV: Apportionment - Hospital",07000,01300,Amount Due To/From Program,APPORTIONMENT OF INPATIENT/OUTPATIENT ANCILLARY SERVICE OTHER PASS THROUGH COSTS,nan
D_4_HOS_C13_76,Other Ancillary,ROLLUP,D00A184,"D, Part IV: Apportionment - Hospital",07600,01300,Amount Due To/From Program,APPORTIONMENT OF INPATIENT/OUTPATIENT ANCILLARY SERVICE OTHER PASS THROUGH COSTS,nan
D_4_HOS_C13_90,Clinic,ROLLUP,D00A184,"D, Part IV: Apportionment - Hospital",09000,01300,Amount Due To/From Program,APPORTIONMENT OF INPATIENT/OUTPATIENT ANCILLARY SERVICE OTHER PASS THROUGH COSTS,nan
D_4_HOS_C2_50,Operating Room,ROLLUP,D00A184,"D, Part IV: Apportionment - Hospital",05000,00200,Program Charges,APPORTIONMENT OF INPATIENT/OUTPATIENT ANCILLARY SERVICE OTHER PASS THROUGH COSTS,nan
D_4_HOS_C2_53,Anesthesiology,ROLLUP,D00A184,"D, Part IV: Apportionment - Hospital",05300,00200,Program Charges,APPORTIONMENT OF INPATIENT/OUTPATIENT ANCILLARY SERVICE OTHER PASS THROUGH COSTS,nan
D_4_HOS_C2_54,Radiology-Diagnostic,ROLLUP,D00A184,"D, Part IV: Apportionment - Hospital",05400,00200,Program Charges,APPORTIONMENT OF INPATIENT/OUTPATIENT ANCILLARY SERVICE OTHER PASS THROUGH COSTS,nan
D_4_HOS_C2_55,Radiology-Therapeutic,ROLLUP,D00A184,"D, Part IV: Apportionment - Hospital",05500,00200,Program Charges,APPORTIONMENT OF INPATIENT/OUTPATIENT ANCILLARY SERVICE OTHER PASS THROUGH COSTS,nan
D_4_HOS_C2_56,Radioisotope,ROLLUP,D00A184,"D, Part IV: Apportionment - Hospital",05600,00200,Program Charges,APPORTIONMENT OF INPATIENT/OUTPATIENT ANCILLARY SERVICE OTHER PASS THROUGH COSTS,nan
D_4_HOS_C2_57,CT Scan,ROLLUP,D00A184,"D, Part IV: Apportionment - Hospital",05700,00200,Program Charges,APPORTIONMENT OF INPATIENT/OUTPATIENT ANCILLARY SERVICE OTHER PASS THROUGH COSTS,nan
D_4_HOS_C2_58,MRI,ROLLUP,D00A184,"D, Part IV: Apportionment - Hospital",05800,00200,Program Charges,APPORTIONMENT OF INPATIENT/OUTPATIENT ANCILLARY SERVICE OTHER PASS THROUGH COSTS,nan
D_4_HOS_C2_60,Laboratory,ROLLUP,D00A184,"D, Part IV: Apportionment - Hospital",06000,00200,Program Charges,APPORTIONMENT OF INPATIENT/OUTPATIENT ANCILLARY SERVICE OTHER PASS THROUGH COSTS,nan
D_4_HOS_C2_63,"Blood Storing, Processing, Trans",ROLLUP,D00A184,"D, Part IV: Apportionment - Hospital",06300,00200,Program Charges,APPORTIONMENT OF INPATIENT/OUTPATIENT ANCILLARY SERVICE OTHER PASS THROUGH COSTS,nan
D_4_HOS_C2_65,Respiratory Therapy,ROLLUP,D00A184,"D, Part IV: Apportionment - Hospital",06500,00200,Program Charges,APPORTIONMENT OF INPATIENT/OUTPATIENT ANCILLARY SERVICE OTHER PASS THROUGH COSTS,nan
D_4_HOS_C2_66,Physical Therapy,ROLLUP,D00A184,"D, Part IV: Apportionment - Hospital",06600,00200,Program Charges,APPORTIONMENT OF INPATIENT/OUTPATIENT ANCILLARY SERVICE OTHER PASS THROUGH COSTS,nan
D_4_HOS_C2_67,Occupational Therapy,ROLLUP,D00A184,"D, Part IV: Apportionment - Hospital",06700,00200,Program Charges,APPORTIONMENT OF INPATIENT/OUTPATIENT ANCILLARY SERVICE OTHER PASS THROUGH COSTS,nan
D_4_HOS_C2_68,Speech Pathology,ROLLUP,D00A184,"D, Part IV: Apportionment - Hospital",06800,00200,Program Charges,APPORTIONMENT OF INPATIENT/OUTPATIENT ANCILLARY SERVICE OTHER PASS THROUGH COSTS,nan
D_4_HOS_C2_69,Electrocardiology,ROLLUP,D00A184,"D, Part IV: Apportionment - Hospital",06900,00200,Program Charges,APPORTIONMENT OF INPATIENT/OUTPATIENT ANCILLARY SERVICE OTHER PASS THROUGH COSTS,nan
D_4_HOS_C2_70,Electroencephalography,ROLLUP,D00A184,"D, Part IV: Apportionment - Hospital",07000,00200,Program Charges,APPORTIONMENT OF INPATIENT/OUTPATIENT ANCILLARY SERVICE OTHER PASS THROUGH COSTS,nan
D_4_HOS_C2_73,Drugs Charged to Patients,ROLLUP,D00A184,"D, Part IV: Apportionment - Hospital",07300,00200,Program Charges,APPORTIONMENT OF INPATIENT/OUTPATIENT ANCILLARY SERVICE OTHER PASS THROUGH COSTS,nan
D_4_HOS_C2_76,Other Ancillary,ROLLUP,D00A184,"D, Part IV: Apportionment - Hospital",07600,00200,Program Charges,APPORTIONMENT OF INPATIENT/OUTPATIENT ANCILLARY SERVICE OTHER PASS THROUGH COSTS,nan
D_4_HOS_C2_88,RHC,ROLLUP,D00A184,"D, Part IV: Apportionment - Hospital",08800,00200,Program Charges,APPORTIONMENT OF INPATIENT/OUTPATIENT ANCILLARY SERVICE OTHER PASS THROUGH COSTS,nan
D_4_HOS_C2_90,Clinic,ROLLUP,D00A184,"D, Part IV: Apportionment - Hospital",09000,00200,Program Charges,APPORTIONMENT OF INPATIENT/OUTPATIENT ANCILLARY SERVICE OTHER PASS THROUGH COSTS,nan
D_4_HOS_C2_91,Emergency,ROLLUP,D00A184,"D, Part IV: Apportionment - Hospital",09100,00200,Program Charges,APPORTIONMENT OF INPATIENT/OUTPATIENT ANCILLARY SERVICE OTHER PASS THROUGH COSTS,nan
D_4_IRF_C11_54,Radiology-Diagnostic,ROLLUP,D00C184,"D, Part IV: Apportionment - IRF",05400,01100,Net Settlement Amount,APPORTIONMENT OF INPATIENT/OUTPATIENT ANCILLARY SERVICE OTHER PASS THROUGH COSTS,nan
D_4_IRF_C11_55,Radiology-Therapeutic,ROLLUP,D00C184,"D, Part IV: Apportionment - IRF",05500,01100,Net Settlement Amount,APPORTIONMENT OF INPATIENT/OUTPATIENT ANCILLARY SERVICE OTHER PASS THROUGH COSTS,nan
D_4_IRF_C11_57,CT Scan,ROLLUP,D00C184,"D, Part IV: Apportionment - IRF",05700,01100,Net Settlement Amount,APPORTIONMENT OF INPATIENT/OUTPATIENT ANCILLARY SERVICE OTHER PASS THROUGH COSTS,nan
D_4_IRF_C11_58,MRI,ROLLUP,D00C184,"D, Part IV: Apportionment - IRF",05800,01100,Net Settlement Amount,APPORTIONMENT OF INPATIENT/OUTPATIENT ANCILLARY SERVICE OTHER PASS THROUGH COSTS,nan
D_4_IRF_C11_60,Laboratory,ROLLUP,D00C184,"D, Part IV: Apportionment - IRF",06000,01100,Net Settlement Amount,APPORTIONMENT OF INPATIENT/OUTPATIENT ANCILLARY SERVICE OTHER PASS THROUGH COSTS,nan
D_4_IRF_C11_63,"Blood Storing, Processing, Trans",ROLLUP,D00C184,"D, Part IV: Apportionment - IRF",06300,01100,Net Settlement Amount,APPORTIONMENT OF INPATIENT/OUTPATIENT ANCILLARY SERVICE OTHER PASS THROUGH COSTS,nan
D_4_IRF_C11_65,Respiratory Therapy,ROLLUP,D00C184,"D, Part IV: Apportionment - IRF",06500,01100,Net Settlement Amount,APPORTIONMENT OF INPATIENT/OUTPATIENT ANCILLARY SERVICE OTHER PASS THROUGH COSTS,nan
D_4_IRF_C11_66,Physical Therapy,ROLLUP,D00C184,"D, Part IV: Apportionment - IRF",06600,01100,Net Settlement Amount,APPORTIONMENT OF INPATIENT/OUTPATIENT ANCILLARY SERVICE OTHER PASS THROUGH COSTS,nan
D_4_IRF_C11_67,Occupational Therapy,ROLLUP,D00C184,"D, Part IV: Apportionment - IRF",06700,01100,Net Settlement Amount,APPORTIONMENT OF INPATIENT/OUTPATIENT ANCILLARY SERVICE OTHER PASS THROUGH COSTS,nan
D_4_IRF_C11_68,Speech Pathology,ROLLUP,D00C184,"D, Part IV: Apportionment - IRF",06800,01100,Net Settlement Amount,APPORTIONMENT OF INPATIENT/OUTPATIENT ANCILLARY SERVICE OTHER PASS THROUGH COSTS,nan
D_4_IRF_C11_69,Electrocardiology,ROLLUP,D00C184,"D, Part IV: Apportionment - IRF",06900,01100,Net Settlement Amount,APPORTIONMENT OF INPATIENT/OUTPATIENT ANCILLARY SERVICE OTHER PASS THROUGH COSTS,nan
D_4_IRF_C11_70,Electroencephalography,ROLLUP,D00C184,"D, Part IV: Apportionment - IRF",07000,01100,Net Settlement Amount,APPORTIONMENT OF INPATIENT/OUTPATIENT ANCILLARY SERVICE OTHER PASS THROUGH COSTS,nan
D_4_IRF_C11_90,Clinic,ROLLUP,D00C184,"D, Part IV: Apportionment - IRF",09000,01100,Net Settlement Amount,APPORTIONMENT OF INPATIENT/OUTPATIENT ANCILLARY SERVICE OTHER PASS THROUGH COSTS,nan
D_4_IRF_C11_91,Emergency,ROLLUP,D00C184,"D, Part IV: Apportionment - IRF",09100,01100,Net Settlement Amount,APPORTIONMENT OF INPATIENT/OUTPATIENT ANCILLARY SERVICE OTHER PASS THROUGH COSTS,nan
G2_C2_26,Line 26 | Col 2,ROLLUP,G200000,G-2: Statement of Changes in Fund Balance,02600,00200,Specific Purpose Fund,nan,nan
S3_1_C10_24,Hospice,ROLLUP,S300001,"S-3, Part I: Utilization Data",02400,01000,Discharges (Title XIX Medicaid),Total Inpatient Days/Outpatient Visits,nan
S3_1_C3_24,Hospice,ROLLUP,S300001,"S-3, Part I: Utilization Data",02400,00300,Inpatient Days (Title XVIII Medicare),BED DAYS AVAILABLE,nan
S3_1_C6_10,Burn Intensive Care Unit,ROLLUP,S300001,"S-3, Part I: Utilization Data",01000,00600,Total Inpatient Days,Medicare Inpatient Days/Outpatient Visits,nan
S3_1_C4_8,Intensive Care Unit,ROLLUP,S300001,"S-3, Part I: Utilization Data",00800,00400,Discharges (Title XVIII Medicare),BED DAYS AVAILABLE,nan
G_C1THRU4_3,"Balance Sheet Cols 1-4, Line 3",ROLLUP,G000000,G: Balance Sheet,00300,00100,Current Period End,BALANCE SHEET,nan
A_C6_116,Hospice,ROLLUP,A000000,A: Reclassification & Adjustment of Trial Balance,11600,00600,Reclassified Net Expenses,TRIAL BALANCE OF EXPENSE ACCOUNTS,nan
S3_1_C2_24,Hospice,ROLLUP,S300001,"S-3, Part I: Utilization Data",02400,00200,Inpatient Days (Title V & XVIII),NUMBER OF BEDS,nan
D3_SNF_C2_67,Occupational Therapy,ROLLUP,D30E180,D-3: Apportionment - SNF,06700,00200,Medicare Charges,INPATIENT ANCILLARY SERVICE COST APPORTIONMENT,nan
D3_SNF_C2_68,Speech Pathology,ROLLUP,D30E180,D-3: Apportionment - SNF,06800,00200,Medicare Charges,INPATIENT ANCILLARY SERVICE COST APPORTIONMENT,nan
D3_SNF_C3_67,Occupational Therapy,ROLLUP,D30E180,D-3: Apportionment - SNF,06700,00300,Cost / Charge Ratio,INPATIENT ANCILLARY SERVICE COST APPORTIONMENT,nan
D3_SNF_C3_68,Speech Pathology,ROLLUP,D30E180,D-3: Apportionment - SNF,06800,00300,Cost / Charge Ratio,INPATIENT ANCILLARY SERVICE COST APPORTIONMENT,nan
G_C1THRU4_22,"Balance Sheet Cols 1-4, Line 22",ROLLUP,G000000,G: Balance Sheet,02200,00100,Current Period End,BALANCE SHEET,nan
A_C1_62,Whole Blood & Packed Red Blood Cells,ROLLUP,A000000,A: Reclassification & Adjustment of Trial Balance,06200,00100,Salaries,TRIAL BALANCE OF EXPENSE ACCOUNTS,nan
D_4_HOS_C11_52,Delivery Room and Labor Room,ROLLUP,D00A184,"D, Part IV: Apportionment - Hospital",05200,01100,Net Settlement Amount,APPORTIONMENT OF INPATIENT/OUTPATIENT ANCILLARY SERVICE OTHER PASS THROUGH COSTS,nan
D_4_HOS_C3_52,Delivery Room and Labor Room,ROLLUP,D00A184,"D, Part IV: Apportionment - Hospital",05200,00300,Program Cost,APPORTIONMENT OF INPATIENT/OUTPATIENT ANCILLARY SERVICE OTHER PASS THROUGH COSTS,nan
A_C6_67,Occupational Therapy,ROLLUP,A000000,A: Reclassification & Adjustment of Trial Balance,06700,00600,Reclassified Net Expenses,TRIAL BALANCE OF EXPENSE ACCOUNTS,nan
A_C6_8,Laundry and Linen Service,ROLLUP,A000000,A: Reclassification & Adjustment of Trial Balance,00800,00600,Reclassified Net Expenses,TRIAL BALANCE OF EXPENSE ACCOUNTS,nan
G_C1THRU4_32,"Balance Sheet Cols 1-4, Line 32",ROLLUP,G000000,G: Balance Sheet,03200,00100,Current Period End,BALANCE SHEET,nan
G_C1THRU4_33,"Balance Sheet Cols 1-4, Line 33",ROLLUP,G000000,G: Balance Sheet,03300,00100,Current Period End,BALANCE SHEET,nan
A_C2_191,Research,ROLLUP,A000000,A: Reclassification & Adjustment of Trial Balance,19100,00200,Other Costs,TRIAL BALANCE OF EXPENSE ACCOUNTS,nan
A_C6_101,HHA,ROLLUP,A000000,A: Reclassification & Adjustment of Trial Balance,10100,00600,Reclassified Net Expenses,TRIAL BALANCE OF EXPENSE ACCOUNTS,nan
A_C6_18,Other General Service,ROLLUP,A000000,A: Reclassification & Adjustment of Trial Balance,01800,00600,Reclassified Net Expenses,TRIAL BALANCE OF EXPENSE ACCOUNTS,nan
A_C6_72,Impl. Dev. Charged to Patients,ROLLUP,A000000,A: Reclassification & Adjustment of Trial Balance,07200,00600,Reclassified Net Expenses,TRIAL BALANCE OF EXPENSE ACCOUNTS,nan
B_1_C0_191,Research,ROLLUP,B000001,"B, Part I: Cost Allocation - General",19100,00000,Statistical Basis / Cost Center,COST ALLOCATION,Net Expense for Cost Allocation
B_1_C26_191,Research,ROLLUP,B000001,"B, Part I: Cost Allocation - General",19100,02600,Stat Basis / Total,COST ALLOCATION,nan
D3_IPF_C2_59,Cardiac Catheterization,ROLLUP,D30B180,D-3: Apportionment - IPF,05900,00200,Medicare Charges,INPATIENT ANCILLARY SERVICE COST APPORTIONMENT,nan
D3_IPF_C3_59,Cardiac Catheterization,ROLLUP,D30B180,D-3: Apportionment - IPF,05900,00300,Cost / Charge Ratio,INPATIENT ANCILLARY SERVICE COST APPORTIONMENT,nan
D_2_IPF_C5_59,Inpatient Psychiatric Facility | Line 59 | Col 5,ROLLUP,D00B182,"D, Part II: Apportionment - IPF",05900,00500,Settlement Amount,APPORTIONMENT OF INPATIENT ANCILLARY SERVICE CAPITAL COSTS,nan
D_4_HOS_C3_54,Radiology-Diagnostic,ROLLUP,D00A184,"D, Part IV: Apportionment - Hospital",05400,00300,Program Cost,APPORTIONMENT OF INPATIENT/OUTPATIENT ANCILLARY SERVICE OTHER PASS THROUGH COSTS,nan
D_4_IPF_C11_54,Radiology-Diagnostic,ROLLUP,D00B184,"D, Part IV: Apportionment - IPF",05400,01100,Net Settlement Amount,APPORTIONMENT OF INPATIENT/OUTPATIENT ANCILLARY SERVICE OTHER PASS THROUGH COSTS,nan
D_4_IRF_C11_50,Operating Room,ROLLUP,D00C184,"D, Part IV: Apportionment - IRF",05000,01100,Net Settlement Amount,APPORTIONMENT OF INPATIENT/OUTPATIENT ANCILLARY SERVICE OTHER PASS THROUGH COSTS,nan
S3_1_C7_22,HHA,ROLLUP,S300001,"S-3, Part I: Utilization Data",02200,00700,% Medicare Days / Total Days,Medicaid Inpatient Days/Outpatient Visits,nan
D_5_HOS_C3_58,MRI,ROLLUP,D00A185,"D, Part V: Apportionment - Hospital",05800,00300,APPORTIONMENT OF MEDICAL AND OTHER HEALTH SERVICES - COST REIMBURSED SERVICES SUBJECT TO DEDUCTIBLES  AND COINSURANCE - CHARGES,APPORTIONMENT OF MEDICAL AND OTHER HEALTH SERVICES,COST REIMBURSED SERVICES SUBJECT TO DEDUCTIBLES  AND COINSURANCE - CHARGES
D_5_HOS_C6_58,MRI,ROLLUP,D00A185,"D, Part V: Apportionment - Hospital",05800,00600,APPORTIONMENT OF MEDICAL AND OTHER HEALTH SERVICES - COST SERVICES SUBJECT TO DEDUCTIBLES AND COINSURANCE - COST,APPORTIONMENT OF MEDICAL AND OTHER HEALTH SERVICES,COST SERVICES SUBJECT TO DEDUCTIBLES AND COINSURANCE - COST
A_C6_62,Whole Blood & Packed Red Blood Cells,ROLLUP,A000000,A: Reclassification & Adjustment of Trial Balance,06200,00600,Reclassified Net Expenses,TRIAL BALANCE OF EXPENSE ACCOUNTS,nan
G_C1THRU4_48,"Balance Sheet Cols 1-4, Line 48",ROLLUP,G000000,G: Balance Sheet,04800,00100,Current Period End,BALANCE SHEET,nan
B_1_C21_51,Recovery Room,ROLLUP,B000001,"B, Part I: Cost Allocation - General",05100,02100,Inpatient Routine Services,COST ALLOCATION,Allocation of Interns & Residents Salary and Fringes
B_1_C22_51,Recovery Room,ROLLUP,B000001,"B, Part I: Cost Allocation - General",05100,02200,Ancillary Services,COST ALLOCATION,Allocation of Interns & Residents Program Costs
D_4_SNF_C11_73,Drugs Charged to Patients,ROLLUP,D00E184,"D, Part IV: Apportionment - SNF",07300,01100,Net Settlement Amount,APPORTIONMENT OF INPATIENT/OUTPATIENT ANCILLARY SERVICE OTHER PASS THROUGH COSTS,nan
D_5_HOS_C3_56,Radioisotope,ROLLUP,D00A185,"D, Part V: Apportionment - Hospital",05600,00300,APPORTIONMENT OF MEDICAL AND OTHER HEALTH SERVICES - COST REIMBURSED SERVICES SUBJECT TO DEDUCTIBLES  AND COINSURANCE - CHARGES,APPORTIONMENT OF MEDICAL AND OTHER HEALTH SERVICES,COST REIMBURSED SERVICES SUBJECT TO DEDUCTIBLES  AND COINSURANCE - CHARGES
D_5_HOS_C6_56,Radioisotope,ROLLUP,D00A185,"D, Part V: Apportionment - Hospital",05600,00600,APPORTIONMENT OF MEDICAL AND OTHER HEALTH SERVICES - COST SERVICES SUBJECT TO DEDUCTIBLES AND COINSURANCE - COST,APPORTIONMENT OF MEDICAL AND OTHER HEALTH SERVICES,COST SERVICES SUBJECT TO DEDUCTIBLES AND COINSURANCE - COST
